2026-02-27T16:18:53.994641Z  INFO HFT Lead-Lag system starting
2026-02-27T16:18:53.994795Z  INFO Runtime execution mode: paper
2026-02-27T16:18:53.994828Z  INFO Fetching 24h volume data for symbol filtering
2026-02-27T16:18:54.090470Z  INFO Binance symbols with 24h vol >= $2M: 411
2026-02-27T16:18:54.090535Z  INFO Gate symbols with 24h vol >= $2M: 69
2026-02-27T16:18:54.090956Z  INFO Blacklisted symbols: {"SOLUSDT", "XAGUSDT", "LTCUSDT", "BTCUSDT", "BNBUSDT", "ETHUSDT", "AAVEUSDT", "DYDXUSDT", "ADAUSDT", "DOGEUSDT", "DOTUSDT", "XAUUSDT", "SUIUSDT", "LINKUSDT", "XRPUSDT", "ATOMUSDT", "AVAXUSDT"}
2026-02-27T16:18:54.090992Z  INFO Common symbols: 43
2026-02-27T16:18:54.091057Z  INFO Strategy symbols: 43 | Screener symbols: 43 | WS coverage Binance=411 Gate=69
2026-02-27T16:18:54.091279Z  INFO Connecting to Binance Futures...
2026-02-27T16:18:54.144438Z  INFO Connecting to Gate.io Futures...
2026-02-27T16:18:54.534638Z  INFO runtime-grid: startup apply old=2304 new=1500 symbols_reset=0 drained_trades=0
2026-02-27T16:18:54.568079Z  INFO Restored portfolio candidate history: symbols=8
2026-02-27T16:18:54.568274Z  INFO Restored portfolio runtime snapshot: states=2 guards=8 paper=2
2026-02-27T16:18:54.568329Z  INFO Seeded 1500 fleet configs into data/optimizer.db
2026-02-27T16:18:54.570999Z  INFO HTTP server bound on 0.0.0.0:5000
2026-02-27T16:18:54.571266Z  INFO WS server disabled: screener chart pipeline is off
2026-02-27T16:18:54.575531Z  INFO db writer started: data/optimizer.db
2026-02-27T16:18:54.693981Z  INFO Gate NATR refresh: fetched=12 missing=0 batch=12 symbols=43
2026-02-27T16:18:55.200621Z  INFO Binance subscription summary: ok=43 err=0 sockets=22 symbols_per_ws=2
2026-02-27T16:18:55.892751Z  INFO Gate subscription summary: ok=43 err=0 timeout=0
2026-02-27T16:18:55.892849Z  INFO System initialized; strategy=lead_lag_classic symbols=43
2026-02-27T16:18:55.936710Z  INFO Drained 72 stale startup ticks (binance=42 gate=30)
2026-02-27T16:18:56.237549Z  INFO lead_lag_classic signal #1: ESPUSDT | spread=34.66bps | dir=SHORT_LAGGER | bid_ask=-42.19bps ask_bid=34.66bps | leader=binance_futures lagger=gate_futures direction=SHORT_LAGGER bid_ask=-42.19 ask_bid=34.66
2026-02-27T16:18:56.237675Z  INFO lead_lag_classic signal #2: POWERUSDT | spread=128.75bps | dir=SHORT_LAGGER | bid_ask=-136.62bps ask_bid=128.75bps | leader=binance_futures lagger=gate_futures direction=SHORT_LAGGER bid_ask=-136.62 ask_bid=128.75
2026-02-27T16:18:56.338306Z  INFO lead_lag_classic signal #3: ESPUSDT | spread=33.12bps | dir=SHORT_LAGGER | bid_ask=-42.19bps ask_bid=33.12bps | leader=binance_futures lagger=gate_futures direction=SHORT_LAGGER bid_ask=-42.19 ask_bid=33.12
2026-02-27T16:18:56.338429Z  INFO lead_lag_classic signal #4: SAHARAUSDT | spread=169.49bps | dir=SHORT_LAGGER | bid_ask=-182.70bps ask_bid=169.49bps | leader=binance_futures lagger=gate_futures direction=SHORT_LAGGER bid_ask=-182.70 ask_bid=169.49
2026-02-27T16:18:56.441099Z  INFO lead_lag_classic signal #5: ESPUSDT | spread=33.12bps | dir=SHORT_LAGGER | bid_ask=-42.19bps ask_bid=33.12bps | leader=binance_futures lagger=gate_futures direction=SHORT_LAGGER bid_ask=-42.19 ask_bid=33.12
2026-02-27T16:18:56.441347Z  INFO lead_lag_classic signal #6: POWERUSDT | spread=129.50bps | dir=SHORT_LAGGER | bid_ask=-136.37bps ask_bid=129.50bps | leader=binance_futures lagger=gate_futures direction=SHORT_LAGGER bid_ask=-136.37 ask_bid=129.50
2026-02-27T16:18:56.441411Z  INFO lead_lag_classic signal #7: SAHARAUSDT | spread=169.49bps | dir=SHORT_LAGGER | bid_ask=-182.70bps ask_bid=169.49bps | leader=binance_futures lagger=gate_futures direction=SHORT_LAGGER bid_ask=-182.70 ask_bid=169.49
2026-02-27T16:18:56.537487Z  INFO lead_lag_classic signal #8: ESPUSDT | spread=33.12bps | dir=SHORT_LAGGER | bid_ask=-42.19bps ask_bid=33.12bps | leader=binance_futures lagger=gate_futures direction=SHORT_LAGGER bid_ask=-42.19 ask_bid=33.12
2026-02-27T16:18:56.537621Z  INFO lead_lag_classic signal #9: SAHARAUSDT | spread=169.49bps | dir=SHORT_LAGGER | bid_ask=-182.70bps ask_bid=169.49bps | leader=binance_futures lagger=gate_futures direction=SHORT_LAGGER bid_ask=-182.70 ask_bid=169.49
2026-02-27T16:18:56.640465Z  INFO lead_lag_classic signal #10: POWERUSDT | spread=129.23bps | dir=SHORT_LAGGER | bid_ask=-136.30bps ask_bid=129.23bps | leader=binance_futures lagger=gate_futures direction=SHORT_LAGGER bid_ask=-136.30 ask_bid=129.23
2026-02-27T16:18:56.640554Z  INFO lead_lag_classic signal #11: SAHARAUSDT | spread=169.49bps | dir=SHORT_LAGGER | bid_ask=-182.70bps ask_bid=169.49bps | leader=binance_futures lagger=gate_futures direction=SHORT_LAGGER bid_ask=-182.70 ask_bid=169.49
2026-02-27T16:18:56.737455Z  INFO lead_lag_classic signal #12: ESPUSDT | spread=33.12bps | dir=SHORT_LAGGER | bid_ask=-42.19bps ask_bid=33.12bps | leader=binance_futures lagger=gate_futures direction=SHORT_LAGGER bid_ask=-42.19 ask_bid=33.12
2026-02-27T16:18:56.737603Z  INFO lead_lag_classic signal #13: SAHARAUSDT | spread=169.49bps | dir=SHORT_LAGGER | bid_ask=-182.70bps ask_bid=169.49bps | leader=binance_futures lagger=gate_futures direction=SHORT_LAGGER bid_ask=-182.70 ask_bid=169.49
2026-02-27T16:18:56.839726Z  INFO lead_lag_classic signal #14: SAHARAUSDT | spread=169.49bps | dir=SHORT_LAGGER | bid_ask=-182.70bps ask_bid=169.49bps | leader=binance_futures lagger=gate_futures direction=SHORT_LAGGER bid_ask=-182.70 ask_bid=169.49
2026-02-27T16:18:56.937432Z  INFO lead_lag_classic signal #15: POWERUSDT | spread=130.47bps | dir=SHORT_LAGGER | bid_ask=-137.19bps ask_bid=130.47bps | leader=binance_futures lagger=gate_futures direction=SHORT_LAGGER bid_ask=-137.19 ask_bid=130.47
2026-02-27T16:18:57.037700Z  INFO lead_lag_classic signal #16: SAHARAUSDT | spread=169.49bps | dir=SHORT_LAGGER | bid_ask=-186.69bps ask_bid=169.49bps | leader=binance_futures lagger=gate_futures direction=SHORT_LAGGER bid_ask=-186.69 ask_bid=169.49
2026-02-27T16:18:57.137568Z  INFO lead_lag_classic signal #17: POWERUSDT | spread=130.45bps | dir=SHORT_LAGGER | bid_ask=-138.80bps ask_bid=130.45bps | leader=binance_futures lagger=gate_futures direction=SHORT_LAGGER bid_ask=-138.80 ask_bid=130.45
2026-02-27T16:18:57.137658Z  INFO lead_lag_classic signal #18: SAHARAUSDT | spread=173.63bps | dir=SHORT_LAGGER | bid_ask=-186.69bps ask_bid=173.63bps | leader=binance_futures lagger=gate_futures direction=SHORT_LAGGER bid_ask=-186.69 ask_bid=173.63
2026-02-27T16:18:57.239739Z  INFO lead_lag_classic signal #19: ATHUSDT | spread=43.52bps | dir=SHORT_LAGGER | bid_ask=-61.56bps ask_bid=43.52bps | leader=binance_futures lagger=gate_futures direction=SHORT_LAGGER bid_ask=-61.56 ask_bid=43.52
2026-02-27T16:18:57.239928Z  INFO lead_lag_classic signal #20: POWERUSDT | spread=130.45bps | dir=SHORT_LAGGER | bid_ask=-138.36bps ask_bid=130.45bps | leader=binance_futures lagger=gate_futures direction=SHORT_LAGGER bid_ask=-138.36 ask_bid=130.45
2026-02-27T16:18:57.240015Z  INFO lead_lag_classic signal #21: SAHARAUSDT | spread=173.63bps | dir=SHORT_LAGGER | bid_ask=-186.69bps ask_bid=173.63bps | leader=binance_futures lagger=gate_futures direction=SHORT_LAGGER bid_ask=-186.69 ask_bid=173.63
2026-02-27T16:18:57.338675Z  INFO lead_lag_classic signal #22: ESPUSDT | spread=32.35bps | dir=SHORT_LAGGER | bid_ask=-41.42bps ask_bid=32.35bps | leader=binance_futures lagger=gate_futures direction=SHORT_LAGGER bid_ask=-41.42 ask_bid=32.35
2026-02-27T16:18:57.338811Z  INFO lead_lag_classic signal #23: SAHARAUSDT | spread=173.63bps | dir=SHORT_LAGGER | bid_ask=-186.69bps ask_bid=173.63bps | leader=binance_futures lagger=gate_futures direction=SHORT_LAGGER bid_ask=-186.69 ask_bid=173.63
2026-02-27T16:18:57.437665Z  INFO lead_lag_classic signal #24: POWERUSDT | spread=130.85bps | dir=SHORT_LAGGER | bid_ask=-139.12bps ask_bid=130.85bps | leader=binance_futures lagger=gate_futures direction=SHORT_LAGGER bid_ask=-139.12 ask_bid=130.85
2026-02-27T16:18:57.539680Z  INFO lead_lag_classic signal #25: ESPUSDT | spread=32.34bps | dir=SHORT_LAGGER | bid_ask=-36.82bps ask_bid=32.34bps | leader=binance_futures lagger=gate_futures direction=SHORT_LAGGER bid_ask=-36.82 ask_bid=32.34
2026-02-27T16:18:57.539788Z  INFO lead_lag_classic signal #26: POWERUSDT | spread=131.37bps | dir=SHORT_LAGGER | bid_ask=-139.12bps ask_bid=131.37bps | leader=binance_futures lagger=gate_futures direction=SHORT_LAGGER bid_ask=-139.12 ask_bid=131.37
2026-02-27T16:18:57.539844Z  INFO lead_lag_classic signal #27: SAHARAUSDT | spread=169.42bps | dir=SHORT_LAGGER | bid_ask=-182.63bps ask_bid=169.42bps | leader=binance_futures lagger=gate_futures direction=SHORT_LAGGER bid_ask=-182.63 ask_bid=169.42
2026-02-27T16:18:57.638105Z  INFO lead_lag_classic signal #28: ATHUSDT | spread=43.52bps | dir=SHORT_LAGGER | bid_ask=-61.56bps ask_bid=43.52bps | leader=binance_futures lagger=gate_futures direction=SHORT_LAGGER bid_ask=-61.56 ask_bid=43.52
2026-02-27T16:18:57.638373Z  INFO lead_lag_classic signal #29: ESPUSDT | spread=34.65bps | dir=SHORT_LAGGER | bid_ask=-38.36bps ask_bid=34.65bps | leader=binance_futures lagger=gate_futures direction=SHORT_LAGGER bid_ask=-38.36 ask_bid=34.65
2026-02-27T16:18:57.638452Z  INFO lead_lag_classic signal #30: POWERUSDT | spread=131.70bps | dir=SHORT_LAGGER | bid_ask=-139.12bps ask_bid=131.70bps | leader=binance_futures lagger=gate_futures direction=SHORT_LAGGER bid_ask=-139.12 ask_bid=131.70
2026-02-27T16:18:57.638496Z  INFO lead_lag_classic signal #31: SAHARAUSDT | spread=169.42bps | dir=SHORT_LAGGER | bid_ask=-182.63bps ask_bid=169.42bps | leader=binance_futures lagger=gate_futures direction=SHORT_LAGGER bid_ask=-182.63 ask_bid=169.42
2026-02-27T16:18:57.740647Z  INFO lead_lag_classic signal #32: ESPUSDT | spread=35.42bps | dir=SHORT_LAGGER | bid_ask=-39.12bps ask_bid=35.42bps | leader=binance_futures lagger=gate_futures direction=SHORT_LAGGER bid_ask=-39.12 ask_bid=35.42
2026-02-27T16:18:57.740747Z  INFO lead_lag_classic signal #33: POWERUSDT | spread=131.77bps | dir=SHORT_LAGGER | bid_ask=-138.99bps ask_bid=131.77bps | leader=binance_futures lagger=gate_futures direction=SHORT_LAGGER bid_ask=-138.99 ask_bid=131.77
2026-02-27T16:18:57.740799Z  INFO lead_lag_classic signal #34: SAHARAUSDT | spread=169.42bps | dir=SHORT_LAGGER | bid_ask=-182.63bps ask_bid=169.42bps | leader=binance_futures lagger=gate_futures direction=SHORT_LAGGER bid_ask=-182.63 ask_bid=169.42
2026-02-27T16:18:57.837469Z  INFO lead_lag_classic signal #35: ESPUSDT | spread=35.42bps | dir=SHORT_LAGGER | bid_ask=-39.12bps ask_bid=35.42bps | leader=binance_futures lagger=gate_futures direction=SHORT_LAGGER bid_ask=-39.12 ask_bid=35.42
2026-02-27T16:18:57.837594Z  INFO lead_lag_classic signal #36: SAHARAUSDT | spread=169.42bps | dir=SHORT_LAGGER | bid_ask=-182.63bps ask_bid=169.42bps | leader=binance_futures lagger=gate_futures direction=SHORT_LAGGER bid_ask=-182.63 ask_bid=169.42
2026-02-27T16:18:57.937536Z  INFO lead_lag_classic signal #37: ESPUSDT | spread=34.65bps | dir=SHORT_LAGGER | bid_ask=-38.36bps ask_bid=34.65bps | leader=binance_futures lagger=gate_futures direction=SHORT_LAGGER bid_ask=-38.36 ask_bid=34.65
2026-02-27T16:18:57.937651Z  INFO lead_lag_classic signal #38: POWERUSDT | spread=131.77bps | dir=SHORT_LAGGER | bid_ask=-138.99bps ask_bid=131.77bps | leader=binance_futures lagger=gate_futures direction=SHORT_LAGGER bid_ask=-138.99 ask_bid=131.77
2026-02-27T16:18:58.038638Z  INFO lead_lag_classic signal #39: ESPUSDT | spread=34.65bps | dir=SHORT_LAGGER | bid_ask=-38.36bps ask_bid=34.65bps | leader=binance_futures lagger=gate_futures direction=SHORT_LAGGER bid_ask=-38.36 ask_bid=34.65
2026-02-27T16:18:58.038739Z  INFO lead_lag_classic signal #40: POWERUSDT | spread=130.85bps | dir=SHORT_LAGGER | bid_ask=-138.36bps ask_bid=130.85bps | leader=binance_futures lagger=gate_futures direction=SHORT_LAGGER bid_ask=-138.36 ask_bid=130.85
2026-02-27T16:18:58.038786Z  INFO lead_lag_classic signal #41: SAHARAUSDT | spread=173.48bps | dir=SHORT_LAGGER | bid_ask=-186.54bps ask_bid=173.48bps | leader=binance_futures lagger=gate_futures direction=SHORT_LAGGER bid_ask=-186.54 ask_bid=173.48
2026-02-27T16:18:58.140087Z  INFO lead_lag_classic signal #42: ESPUSDT | spread=35.42bps | dir=SHORT_LAGGER | bid_ask=-39.12bps ask_bid=35.42bps | leader=binance_futures lagger=gate_futures direction=SHORT_LAGGER bid_ask=-39.12 ask_bid=35.42
2026-02-27T16:18:58.140251Z  INFO lead_lag_classic signal #43: POWERUSDT | spread=129.41bps | dir=SHORT_LAGGER | bid_ask=-137.06bps ask_bid=129.41bps | leader=binance_futures lagger=gate_futures direction=SHORT_LAGGER bid_ask=-137.06 ask_bid=129.41
2026-02-27T16:18:58.140307Z  INFO lead_lag_classic signal #44: SAHARAUSDT | spread=177.69bps | dir=SHORT_LAGGER | bid_ask=-190.59bps ask_bid=177.69bps | leader=binance_futures lagger=gate_futures direction=SHORT_LAGGER bid_ask=-190.59 ask_bid=177.69
2026-02-27T16:18:58.251855Z  INFO lead_lag_classic signal #45: ESPUSDT | spread=35.42bps | dir=SHORT_LAGGER | bid_ask=-39.12bps ask_bid=35.42bps | leader=binance_futures lagger=gate_futures direction=SHORT_LAGGER bid_ask=-39.12 ask_bid=35.42
2026-02-27T16:18:58.251984Z  INFO lead_lag_classic signal #46: SAHARAUSDT | spread=173.48bps | dir=SHORT_LAGGER | bid_ask=-182.56bps ask_bid=173.48bps | leader=binance_futures lagger=gate_futures direction=SHORT_LAGGER bid_ask=-182.56 ask_bid=173.48
2026-02-27T16:18:58.339487Z  INFO lead_lag_classic signal #47: ESPUSDT | spread=35.42bps | dir=SHORT_LAGGER | bid_ask=-39.12bps ask_bid=35.42bps | leader=binance_futures lagger=gate_futures direction=SHORT_LAGGER bid_ask=-39.12 ask_bid=35.42
2026-02-27T16:18:58.437705Z  INFO lead_lag_classic signal #48: POWERUSDT | spread=130.50bps | dir=SHORT_LAGGER | bid_ask=-135.76bps ask_bid=130.50bps | leader=binance_futures lagger=gate_futures direction=SHORT_LAGGER bid_ask=-135.76 ask_bid=130.50
2026-02-27T16:18:58.437786Z  INFO lead_lag_classic signal #49: SAHARAUSDT | spread=173.48bps | dir=SHORT_LAGGER | bid_ask=-186.54bps ask_bid=173.48bps | leader=binance_futures lagger=gate_futures direction=SHORT_LAGGER bid_ask=-186.54 ask_bid=173.48
2026-02-27T16:18:58.538315Z  INFO lead_lag_classic signal #50: ESPUSDT | spread=35.42bps | dir=SHORT_LAGGER | bid_ask=-39.12bps ask_bid=35.42bps | leader=binance_futures lagger=gate_futures direction=SHORT_LAGGER bid_ask=-39.12 ask_bid=35.42
2026-02-27T16:18:58.538485Z  INFO lead_lag_classic signal #51: SAHARAUSDT | spread=169.35bps | dir=SHORT_LAGGER | bid_ask=-182.56bps ask_bid=169.35bps | leader=binance_futures lagger=gate_futures direction=SHORT_LAGGER bid_ask=-182.56 ask_bid=169.35
2026-02-27T16:18:58.642197Z  INFO lead_lag_classic signal #52: ESPUSDT | spread=35.42bps | dir=SHORT_LAGGER | bid_ask=-39.12bps ask_bid=35.42bps | leader=binance_futures lagger=gate_futures direction=SHORT_LAGGER bid_ask=-39.12 ask_bid=35.42
2026-02-27T16:18:58.642439Z  INFO lead_lag_classic signal #53: POWERUSDT | spread=130.50bps | dir=SHORT_LAGGER | bid_ask=-135.50bps ask_bid=130.50bps | leader=binance_futures lagger=gate_futures direction=SHORT_LAGGER bid_ask=-135.50 ask_bid=130.50
2026-02-27T16:18:58.642503Z  INFO lead_lag_classic signal #54: SAHARAUSDT | spread=177.76bps | dir=SHORT_LAGGER | bid_ask=-182.70bps ask_bid=177.76bps | leader=binance_futures lagger=gate_futures direction=SHORT_LAGGER bid_ask=-182.70 ask_bid=177.76
2026-02-27T16:18:58.738098Z  INFO lead_lag_classic signal #55: ESPUSDT | spread=35.42bps | dir=SHORT_LAGGER | bid_ask=-39.12bps ask_bid=35.42bps | leader=binance_futures lagger=gate_futures direction=SHORT_LAGGER bid_ask=-39.12 ask_bid=35.42
2026-02-27T16:18:58.738193Z  INFO lead_lag_classic signal #56: POWERUSDT | spread=130.50bps | dir=SHORT_LAGGER | bid_ask=-135.50bps ask_bid=130.50bps | leader=binance_futures lagger=gate_futures direction=SHORT_LAGGER bid_ask=-135.50 ask_bid=130.50
2026-02-27T16:18:58.738251Z  INFO lead_lag_classic signal #57: SAHARAUSDT | spread=173.55bps | dir=SHORT_LAGGER | bid_ask=-182.63bps ask_bid=173.55bps | leader=binance_futures lagger=gate_futures direction=SHORT_LAGGER bid_ask=-182.63 ask_bid=173.55
2026-02-27T16:18:58.837607Z  INFO lead_lag_classic signal #58: ESPUSDT | spread=35.42bps | dir=SHORT_LAGGER | bid_ask=-39.12bps ask_bid=35.42bps | leader=binance_futures lagger=gate_futures direction=SHORT_LAGGER bid_ask=-39.12 ask_bid=35.42
2026-02-27T16:18:58.937503Z  INFO lead_lag_classic signal #59: ATHUSDT | spread=46.89bps | dir=SHORT_LAGGER | bid_ask=-64.89bps ask_bid=46.89bps | leader=binance_futures lagger=gate_futures direction=SHORT_LAGGER bid_ask=-64.89 ask_bid=46.89
2026-02-27T16:18:58.937623Z  INFO lead_lag_classic signal #60: ESPUSDT | spread=36.97bps | dir=SHORT_LAGGER | bid_ask=-40.66bps ask_bid=36.97bps | leader=binance_futures lagger=gate_futures direction=SHORT_LAGGER bid_ask=-40.66 ask_bid=36.97
2026-02-27T16:18:59.039369Z  INFO lead_lag_classic signal #61: ATHUSDT | spread=48.57bps | dir=SHORT_LAGGER | bid_ask=-66.56bps ask_bid=48.57bps | leader=binance_futures lagger=gate_futures direction=SHORT_LAGGER bid_ask=-66.56 ask_bid=48.57
2026-02-27T16:18:59.039469Z  INFO lead_lag_classic signal #62: ESPUSDT | spread=33.89bps | dir=SHORT_LAGGER | bid_ask=-40.66bps ask_bid=33.89bps | leader=binance_futures lagger=gate_futures direction=SHORT_LAGGER bid_ask=-40.66 ask_bid=33.89
2026-02-27T16:18:59.039555Z  INFO lead_lag_classic signal #63: SAHARAUSDT | spread=173.55bps | dir=SHORT_LAGGER | bid_ask=-182.63bps ask_bid=173.55bps | leader=binance_futures lagger=gate_futures direction=SHORT_LAGGER bid_ask=-182.63 ask_bid=173.55
2026-02-27T16:18:59.138486Z  INFO lead_lag_classic signal #64: ESPUSDT | spread=34.66bps | dir=SHORT_LAGGER | bid_ask=-41.42bps ask_bid=34.66bps | leader=binance_futures lagger=gate_futures direction=SHORT_LAGGER bid_ask=-41.42 ask_bid=34.66
2026-02-27T16:18:59.138602Z  INFO lead_lag_classic signal #65: POWERUSDT | spread=130.50bps | dir=SHORT_LAGGER | bid_ask=-135.50bps ask_bid=130.50bps | leader=binance_futures lagger=gate_futures direction=SHORT_LAGGER bid_ask=-135.50 ask_bid=130.50
2026-02-27T16:18:59.138654Z  INFO lead_lag_classic signal #66: SAHARAUSDT | spread=173.55bps | dir=SHORT_LAGGER | bid_ask=-182.63bps ask_bid=173.55bps | leader=binance_futures lagger=gate_futures direction=SHORT_LAGGER bid_ask=-182.63 ask_bid=173.55
2026-02-27T16:18:59.248767Z  INFO lead_lag_classic signal #67: ATHUSDT | spread=48.57bps | dir=SHORT_LAGGER | bid_ask=-66.56bps ask_bid=48.57bps | leader=binance_futures lagger=gate_futures direction=SHORT_LAGGER bid_ask=-66.56 ask_bid=48.57
2026-02-27T16:18:59.248865Z  INFO lead_lag_classic signal #68: ESPUSDT | spread=34.66bps | dir=SHORT_LAGGER | bid_ask=-41.42bps ask_bid=34.66bps | leader=binance_futures lagger=gate_futures direction=SHORT_LAGGER bid_ask=-41.42 ask_bid=34.66
2026-02-27T16:18:59.248940Z  INFO lead_lag_classic signal #69: POWERUSDT | spread=131.75bps | dir=SHORT_LAGGER | bid_ask=-136.71bps ask_bid=131.75bps | leader=binance_futures lagger=gate_futures direction=SHORT_LAGGER bid_ask=-136.71 ask_bid=131.75
2026-02-27T16:18:59.248986Z  INFO lead_lag_classic signal #70: SAHARAUSDT | spread=173.55bps | dir=SHORT_LAGGER | bid_ask=-182.63bps ask_bid=173.55bps | leader=binance_futures lagger=gate_futures direction=SHORT_LAGGER bid_ask=-182.63 ask_bid=173.55
2026-02-27T16:18:59.340670Z  INFO lead_lag_classic signal #71: ATHUSDT | spread=48.57bps | dir=SHORT_LAGGER | bid_ask=-66.56bps ask_bid=48.57bps | leader=binance_futures lagger=gate_futures direction=SHORT_LAGGER bid_ask=-66.56 ask_bid=48.57
2026-02-27T16:18:59.340774Z  INFO lead_lag_classic signal #72: ESPUSDT | spread=34.66bps | dir=SHORT_LAGGER | bid_ask=-41.42bps ask_bid=34.66bps | leader=binance_futures lagger=gate_futures direction=SHORT_LAGGER bid_ask=-41.42 ask_bid=34.66
2026-02-27T16:18:59.340856Z  INFO lead_lag_classic signal #73: POWERUSDT | spread=131.94bps | dir=SHORT_LAGGER | bid_ask=-137.35bps ask_bid=131.94bps | leader=binance_futures lagger=gate_futures direction=SHORT_LAGGER bid_ask=-137.35 ask_bid=131.94
2026-02-27T16:18:59.340917Z  INFO lead_lag_classic signal #74: SAHARAUSDT | spread=173.55bps | dir=SHORT_LAGGER | bid_ask=-182.63bps ask_bid=173.55bps | leader=binance_futures lagger=gate_futures direction=SHORT_LAGGER bid_ask=-182.63 ask_bid=173.55
2026-02-27T16:18:59.440967Z  INFO lead_lag_classic signal #75: POWERUSDT | spread=130.17bps | dir=SHORT_LAGGER | bid_ask=-138.00bps ask_bid=130.17bps | leader=binance_futures lagger=gate_futures direction=SHORT_LAGGER bid_ask=-138.00 ask_bid=130.17
2026-02-27T16:18:59.441057Z  INFO lead_lag_classic signal #76: SAHARAUSDT | spread=177.76bps | dir=SHORT_LAGGER | bid_ask=-186.69bps ask_bid=177.76bps | leader=binance_futures lagger=gate_futures direction=SHORT_LAGGER bid_ask=-186.69 ask_bid=177.76
2026-02-27T16:18:59.540713Z  INFO lead_lag_classic signal #77: ATHUSDT | spread=48.57bps | dir=SHORT_LAGGER | bid_ask=-66.56bps ask_bid=48.57bps | leader=binance_futures lagger=gate_futures direction=SHORT_LAGGER bid_ask=-66.56 ask_bid=48.57
2026-02-27T16:18:59.540962Z  INFO lead_lag_classic signal #78: POWERUSDT | spread=130.59bps | dir=SHORT_LAGGER | bid_ask=-137.11bps ask_bid=130.59bps | leader=binance_futures lagger=gate_futures direction=SHORT_LAGGER bid_ask=-137.11 ask_bid=130.59
2026-02-27T16:18:59.541062Z  INFO lead_lag_classic signal #79: SAHARAUSDT | spread=177.76bps | dir=SHORT_LAGGER | bid_ask=-186.69bps ask_bid=177.76bps | leader=binance_futures lagger=gate_futures direction=SHORT_LAGGER bid_ask=-186.69 ask_bid=177.76
2026-02-27T16:18:59.648865Z  INFO lead_lag_classic signal #80: ATHUSDT | spread=48.57bps | dir=SHORT_LAGGER | bid_ask=-66.56bps ask_bid=48.57bps | leader=binance_futures lagger=gate_futures direction=SHORT_LAGGER bid_ask=-66.56 ask_bid=48.57
2026-02-27T16:18:59.649113Z  INFO lead_lag_classic signal #81: POWERUSDT | spread=131.93bps | dir=SHORT_LAGGER | bid_ask=-139.29bps ask_bid=131.93bps | leader=binance_futures lagger=gate_futures direction=SHORT_LAGGER bid_ask=-139.29 ask_bid=131.93
2026-02-27T16:18:59.744264Z  INFO lead_lag_classic signal #82: SAHARAUSDT | spread=169.49bps | dir=SHORT_LAGGER | bid_ask=-182.70bps ask_bid=169.49bps | leader=binance_futures lagger=gate_futures direction=SHORT_LAGGER bid_ask=-182.70 ask_bid=169.49
2026-02-27T16:18:59.840909Z  INFO lead_lag_classic signal #83: SAHARAUSDT | spread=186.26bps | dir=SHORT_LAGGER | bid_ask=-194.88bps ask_bid=186.26bps | leader=binance_futures lagger=gate_futures direction=SHORT_LAGGER bid_ask=-194.88 ask_bid=186.26
2026-02-27T16:18:59.938583Z  INFO lead_lag_classic signal #84: ESPUSDT | spread=34.66bps | dir=SHORT_LAGGER | bid_ask=-41.42bps ask_bid=34.66bps | leader=binance_futures lagger=gate_futures direction=SHORT_LAGGER bid_ask=-41.42 ask_bid=34.66
2026-02-27T16:18:59.938675Z  INFO lead_lag_classic signal #85: POWERUSDT | spread=131.93bps | dir=SHORT_LAGGER | bid_ask=-139.22bps ask_bid=131.93bps | leader=binance_futures lagger=gate_futures direction=SHORT_LAGGER bid_ask=-139.22 ask_bid=131.93
2026-02-27T16:19:00.044960Z  INFO lead_lag_classic signal #86: ATHUSDT | spread=48.57bps | dir=SHORT_LAGGER | bid_ask=-66.56bps ask_bid=48.57bps | leader=binance_futures lagger=gate_futures direction=SHORT_LAGGER bid_ask=-66.56 ask_bid=48.57
2026-02-27T16:19:00.045054Z  INFO lead_lag_classic signal #87: ESPUSDT | spread=34.66bps | dir=SHORT_LAGGER | bid_ask=-41.42bps ask_bid=34.66bps | leader=binance_futures lagger=gate_futures direction=SHORT_LAGGER bid_ask=-41.42 ask_bid=34.66
2026-02-27T16:19:00.045132Z  INFO lead_lag_classic signal #88: POWERUSDT | spread=130.23bps | dir=SHORT_LAGGER | bid_ask=-136.99bps ask_bid=130.23bps | leader=binance_futures lagger=gate_futures direction=SHORT_LAGGER bid_ask=-136.99 ask_bid=130.23
2026-02-27T16:19:00.045182Z  INFO lead_lag_classic signal #89: SAHARAUSDT | spread=165.43bps | dir=SHORT_LAGGER | bid_ask=-178.79bps ask_bid=165.43bps | leader=binance_futures lagger=gate_futures direction=SHORT_LAGGER bid_ask=-178.79 ask_bid=165.43
2026-02-27T16:19:00.148630Z  INFO lead_lag_classic signal #90: ATHUSDT | spread=45.20bps | dir=SHORT_LAGGER | bid_ask=-66.56bps ask_bid=45.20bps | leader=binance_futures lagger=gate_futures direction=SHORT_LAGGER bid_ask=-66.56 ask_bid=45.20
2026-02-27T16:19:00.148737Z  INFO lead_lag_classic signal #91: ENSOUSDT | spread=72.31bps | dir=SHORT_LAGGER | bid_ask=-86.30bps ask_bid=72.31bps | leader=binance_futures lagger=gate_futures direction=SHORT_LAGGER bid_ask=-86.30 ask_bid=72.31
2026-02-27T16:19:00.148838Z  INFO lead_lag_classic signal #92: POWERUSDT | spread=130.67bps | dir=SHORT_LAGGER | bid_ask=-137.37bps ask_bid=130.67bps | leader=binance_futures lagger=gate_futures direction=SHORT_LAGGER bid_ask=-137.37 ask_bid=130.67
2026-02-27T16:19:00.148893Z  INFO lead_lag_classic signal #93: SAHARAUSDT | spread=165.43bps | dir=SHORT_LAGGER | bid_ask=-178.79bps ask_bid=165.43bps | leader=binance_futures lagger=gate_futures direction=SHORT_LAGGER bid_ask=-178.79 ask_bid=165.43
2026-02-27T16:19:00.258228Z  INFO lead_lag_classic signal #94: ATHUSDT | spread=43.52bps | dir=SHORT_LAGGER | bid_ask=-61.56bps ask_bid=43.52bps | leader=binance_futures lagger=gate_futures direction=SHORT_LAGGER bid_ask=-61.56 ask_bid=43.52
2026-02-27T16:19:00.258331Z  INFO lead_lag_classic signal #95: ENSOUSDT | spread=72.31bps | dir=SHORT_LAGGER | bid_ask=-86.30bps ask_bid=72.31bps | leader=binance_futures lagger=gate_futures direction=SHORT_LAGGER bid_ask=-86.30 ask_bid=72.31
2026-02-27T16:19:00.258377Z  INFO lead_lag_classic signal #96: ESPUSDT | spread=33.12bps | dir=SHORT_LAGGER | bid_ask=-39.89bps ask_bid=33.12bps | leader=binance_futures lagger=gate_futures direction=SHORT_LAGGER bid_ask=-39.89 ask_bid=33.12
2026-02-27T16:19:00.258475Z  INFO lead_lag_classic signal #97: POWERUSDT | spread=125.76bps | dir=SHORT_LAGGER | bid_ask=-137.37bps ask_bid=125.76bps | leader=binance_futures lagger=gate_futures direction=SHORT_LAGGER bid_ask=-137.37 ask_bid=125.76
2026-02-27T16:19:00.258531Z  INFO lead_lag_classic signal #98: SAHARAUSDT | spread=169.63bps | dir=SHORT_LAGGER | bid_ask=-182.85bps ask_bid=169.63bps | leader=binance_futures lagger=gate_futures direction=SHORT_LAGGER bid_ask=-182.85 ask_bid=169.63
2026-02-27T16:19:00.339330Z  INFO lead_lag_classic signal #99: ATHUSDT | spread=43.52bps | dir=SHORT_LAGGER | bid_ask=-61.56bps ask_bid=43.52bps | leader=binance_futures lagger=gate_futures direction=SHORT_LAGGER bid_ask=-61.56 ask_bid=43.52
2026-02-27T16:19:00.339427Z  INFO lead_lag_classic signal #100: ENSOUSDT | spread=72.31bps | dir=SHORT_LAGGER | bid_ask=-86.30bps ask_bid=72.31bps | leader=binance_futures lagger=gate_futures direction=SHORT_LAGGER bid_ask=-86.30 ask_bid=72.31
2026-02-27T16:19:00.339468Z  INFO lead_lag_classic signal #101: ESPUSDT | spread=33.12bps | dir=SHORT_LAGGER | bid_ask=-39.89bps ask_bid=33.12bps | leader=binance_futures lagger=gate_futures direction=SHORT_LAGGER bid_ask=-39.89 ask_bid=33.12
2026-02-27T16:19:00.339563Z  INFO lead_lag_classic signal #102: POWERUSDT | spread=125.90bps | dir=SHORT_LAGGER | bid_ask=-137.37bps ask_bid=125.90bps | leader=binance_futures lagger=gate_futures direction=SHORT_LAGGER bid_ask=-137.37 ask_bid=125.90
2026-02-27T16:19:00.339625Z  INFO lead_lag_classic signal #103: SAHARAUSDT | spread=169.63bps | dir=SHORT_LAGGER | bid_ask=-182.85bps ask_bid=169.63bps | leader=binance_futures lagger=gate_futures direction=SHORT_LAGGER bid_ask=-182.85 ask_bid=169.63
2026-02-27T16:19:00.442648Z  INFO lead_lag_classic signal #104: ATHUSDT | spread=43.52bps | dir=SHORT_LAGGER | bid_ask=-63.23bps ask_bid=43.52bps | leader=binance_futures lagger=gate_futures direction=SHORT_LAGGER bid_ask=-63.23 ask_bid=43.52
2026-02-27T16:19:00.442752Z  INFO lead_lag_classic signal #105: ESPUSDT | spread=33.12bps | dir=SHORT_LAGGER | bid_ask=-39.89bps ask_bid=33.12bps | leader=binance_futures lagger=gate_futures direction=SHORT_LAGGER bid_ask=-39.89 ask_bid=33.12
2026-02-27T16:19:00.442833Z  INFO lead_lag_classic signal #106: POWERUSDT | spread=126.08bps | dir=SHORT_LAGGER | bid_ask=-136.86bps ask_bid=126.08bps | leader=binance_futures lagger=gate_futures direction=SHORT_LAGGER bid_ask=-136.86 ask_bid=126.08
2026-02-27T16:19:00.442889Z  INFO lead_lag_classic signal #107: SAHARAUSDT | spread=173.70bps | dir=SHORT_LAGGER | bid_ask=-182.78bps ask_bid=173.70bps | leader=binance_futures lagger=gate_futures direction=SHORT_LAGGER bid_ask=-182.78 ask_bid=173.70
2026-02-27T16:19:00.549761Z  INFO lead_lag_classic signal #108: ENSOUSDT | spread=72.31bps | dir=SHORT_LAGGER | bid_ask=-86.30bps ask_bid=72.31bps | leader=binance_futures lagger=gate_futures direction=SHORT_LAGGER bid_ask=-86.30 ask_bid=72.31
2026-02-27T16:19:00.549839Z  INFO lead_lag_classic signal #109: ESPUSDT | spread=33.12bps | dir=SHORT_LAGGER | bid_ask=-39.89bps ask_bid=33.12bps | leader=binance_futures lagger=gate_futures direction=SHORT_LAGGER bid_ask=-39.89 ask_bid=33.12
2026-02-27T16:19:00.549944Z  INFO lead_lag_classic signal #110: SAHARAUSDT | spread=182.04bps | dir=SHORT_LAGGER | bid_ask=-186.84bps ask_bid=182.04bps | leader=binance_futures lagger=gate_futures direction=SHORT_LAGGER bid_ask=-186.84 ask_bid=182.04
2026-02-27T16:19:00.653855Z  INFO lead_lag_classic signal #111: ATHUSDT | spread=41.84bps | dir=SHORT_LAGGER | bid_ask=-59.90bps ask_bid=41.84bps | leader=binance_futures lagger=gate_futures direction=SHORT_LAGGER bid_ask=-59.90 ask_bid=41.84
2026-02-27T16:19:00.653958Z  INFO lead_lag_classic signal #112: ENSOUSDT | spread=72.31bps | dir=SHORT_LAGGER | bid_ask=-86.30bps ask_bid=72.31bps | leader=binance_futures lagger=gate_futures direction=SHORT_LAGGER bid_ask=-86.30 ask_bid=72.31
2026-02-27T16:19:00.654051Z  INFO lead_lag_classic signal #113: POWERUSDT | spread=127.93bps | dir=SHORT_LAGGER | bid_ask=-137.82bps ask_bid=127.93bps | leader=binance_futures lagger=gate_futures direction=SHORT_LAGGER bid_ask=-137.82 ask_bid=127.93
2026-02-27T16:19:00.654101Z  INFO lead_lag_classic signal #114: SAHARAUSDT | spread=169.63bps | dir=SHORT_LAGGER | bid_ask=-178.86bps ask_bid=169.63bps | leader=binance_futures lagger=gate_futures direction=SHORT_LAGGER bid_ask=-178.86 ask_bid=169.63
2026-02-27T16:19:00.769132Z  INFO lead_lag_classic signal #115: ATHUSDT | spread=36.80bps | dir=SHORT_LAGGER | bid_ask=-58.24bps ask_bid=36.80bps | leader=binance_futures lagger=gate_futures direction=SHORT_LAGGER bid_ask=-58.24 ask_bid=36.80
2026-02-27T16:19:00.769234Z  INFO lead_lag_classic signal #116: ESPUSDT | spread=32.36bps | dir=SHORT_LAGGER | bid_ask=-39.15bps ask_bid=32.36bps | leader=binance_futures lagger=gate_futures direction=SHORT_LAGGER bid_ask=-39.15 ask_bid=32.36
2026-02-27T16:19:00.769341Z  INFO lead_lag_classic signal #117: SAHARAUSDT | spread=169.77bps | dir=SHORT_LAGGER | bid_ask=-183.00bps ask_bid=169.77bps | leader=binance_futures lagger=gate_futures direction=SHORT_LAGGER bid_ask=-183.00 ask_bid=169.77
2026-02-27T16:19:00.863860Z  INFO lead_lag_classic signal #118: ENSOUSDT | spread=72.31bps | dir=SHORT_LAGGER | bid_ask=-86.30bps ask_bid=72.31bps | leader=binance_futures lagger=gate_futures direction=SHORT_LAGGER bid_ask=-86.30 ask_bid=72.31
2026-02-27T16:19:00.863943Z  INFO lead_lag_classic signal #119: ESPUSDT | spread=31.59bps | dir=SHORT_LAGGER | bid_ask=-39.14bps ask_bid=31.59bps | leader=binance_futures lagger=gate_futures direction=SHORT_LAGGER bid_ask=-39.14 ask_bid=31.59
2026-02-27T16:19:00.946237Z  INFO lead_lag_classic signal #120: ENSOUSDT | spread=72.31bps | dir=SHORT_LAGGER | bid_ask=-86.30bps ask_bid=72.31bps | leader=binance_futures lagger=gate_futures direction=SHORT_LAGGER bid_ask=-86.30 ask_bid=72.31
2026-02-27T16:19:00.946353Z  INFO lead_lag_classic signal #121: POWERUSDT | spread=131.90bps | dir=SHORT_LAGGER | bid_ask=-137.17bps ask_bid=131.90bps | leader=binance_futures lagger=gate_futures direction=SHORT_LAGGER bid_ask=-137.17 ask_bid=131.90
2026-02-27T16:19:00.947507Z  INFO Status: tickers=5515 (+5515/5s) signals=121 drift=[n=5515 avg=5ms p50=3ms p95=15ms p99=26ms max=57ms]
2026-02-27T16:19:01.038683Z  INFO lead_lag_classic signal #122: ATHUSDT | spread=36.80bps | dir=SHORT_LAGGER | bid_ask=-56.57bps ask_bid=36.80bps | leader=binance_futures lagger=gate_futures direction=SHORT_LAGGER bid_ask=-56.57 ask_bid=36.80
2026-02-27T16:19:01.038816Z  INFO lead_lag_classic signal #123: POWERUSDT | spread=131.25bps | dir=SHORT_LAGGER | bid_ask=-136.54bps ask_bid=131.25bps | leader=binance_futures lagger=gate_futures direction=SHORT_LAGGER bid_ask=-136.54 ask_bid=131.25
2026-02-27T16:19:01.038879Z  INFO lead_lag_classic signal #124: SAHARAUSDT | spread=169.77bps | dir=SHORT_LAGGER | bid_ask=-183.00bps ask_bid=169.77bps | leader=binance_futures lagger=gate_futures direction=SHORT_LAGGER bid_ask=-183.00 ask_bid=169.77
2026-02-27T16:19:01.154845Z  INFO lead_lag_classic signal #125: ATHUSDT | spread=38.48bps | dir=SHORT_LAGGER | bid_ask=-59.90bps ask_bid=38.48bps | leader=binance_futures lagger=gate_futures direction=SHORT_LAGGER bid_ask=-59.90 ask_bid=38.48
2026-02-27T16:19:01.154958Z  INFO lead_lag_classic signal #126: ESPUSDT | spread=31.59bps | dir=SHORT_LAGGER | bid_ask=-42.20bps ask_bid=31.59bps | leader=binance_futures lagger=gate_futures direction=SHORT_LAGGER bid_ask=-42.20 ask_bid=31.59
2026-02-27T16:19:01.155058Z  INFO lead_lag_classic signal #127: POWERUSDT | spread=130.27bps | dir=SHORT_LAGGER | bid_ask=-135.58bps ask_bid=130.27bps | leader=binance_futures lagger=gate_futures direction=SHORT_LAGGER bid_ask=-135.58 ask_bid=130.27
2026-02-27T16:19:01.155106Z  INFO lead_lag_classic signal #128: SAHARAUSDT | spread=169.77bps | dir=SHORT_LAGGER | bid_ask=-183.00bps ask_bid=169.77bps | leader=binance_futures lagger=gate_futures direction=SHORT_LAGGER bid_ask=-183.00 ask_bid=169.77
2026-02-27T16:19:01.261805Z  INFO lead_lag_classic signal #129: ATHUSDT | spread=40.16bps | dir=SHORT_LAGGER | bid_ask=-61.56bps ask_bid=40.16bps | leader=binance_futures lagger=gate_futures direction=SHORT_LAGGER bid_ask=-61.56 ask_bid=40.16
2026-02-27T16:19:01.261902Z  INFO lead_lag_classic signal #130: ENSOUSDT | spread=73.01bps | dir=SHORT_LAGGER | bid_ask=-86.30bps ask_bid=73.01bps | leader=binance_futures lagger=gate_futures direction=SHORT_LAGGER bid_ask=-86.30 ask_bid=73.01
2026-02-27T16:19:01.261942Z  INFO lead_lag_classic signal #131: ESPUSDT | spread=31.59bps | dir=SHORT_LAGGER | bid_ask=-41.44bps ask_bid=31.59bps | leader=binance_futures lagger=gate_futures direction=SHORT_LAGGER bid_ask=-41.44 ask_bid=31.59
2026-02-27T16:19:01.262025Z  INFO lead_lag_classic signal #132: POWERUSDT | spread=130.97bps | dir=SHORT_LAGGER | bid_ask=-136.40bps ask_bid=130.97bps | leader=binance_futures lagger=gate_futures direction=SHORT_LAGGER bid_ask=-136.40 ask_bid=130.97
2026-02-27T16:19:01.262082Z  INFO lead_lag_classic signal #133: SAHARAUSDT | spread=169.77bps | dir=SHORT_LAGGER | bid_ask=-183.00bps ask_bid=169.77bps | leader=binance_futures lagger=gate_futures direction=SHORT_LAGGER bid_ask=-183.00 ask_bid=169.77
2026-02-27T16:19:01.350341Z  INFO lead_lag_classic signal #134: ATHUSDT | spread=41.84bps | dir=SHORT_LAGGER | bid_ask=-61.56bps ask_bid=41.84bps | leader=binance_futures lagger=gate_futures direction=SHORT_LAGGER bid_ask=-61.56 ask_bid=41.84
2026-02-27T16:19:01.350429Z  INFO lead_lag_classic signal #135: ENSOUSDT | spread=73.01bps | dir=SHORT_LAGGER | bid_ask=-86.30bps ask_bid=73.01bps | leader=binance_futures lagger=gate_futures direction=SHORT_LAGGER bid_ask=-86.30 ask_bid=73.01
2026-02-27T16:19:01.350474Z  INFO lead_lag_classic signal #136: ESPUSDT | spread=33.12bps | dir=SHORT_LAGGER | bid_ask=-42.19bps ask_bid=33.12bps | leader=binance_futures lagger=gate_futures direction=SHORT_LAGGER bid_ask=-42.19 ask_bid=33.12
2026-02-27T16:19:01.350583Z  INFO lead_lag_classic signal #137: SAHARAUSDT | spread=169.77bps | dir=SHORT_LAGGER | bid_ask=-183.00bps ask_bid=169.77bps | leader=binance_futures lagger=gate_futures direction=SHORT_LAGGER bid_ask=-183.00 ask_bid=169.77
2026-02-27T16:19:01.441177Z  INFO lead_lag_classic signal #138: ATHUSDT | spread=41.84bps | dir=SHORT_LAGGER | bid_ask=-61.56bps ask_bid=41.84bps | leader=binance_futures lagger=gate_futures direction=SHORT_LAGGER bid_ask=-61.56 ask_bid=41.84
2026-02-27T16:19:01.441297Z  INFO lead_lag_classic signal #139: ENSOUSDT | spread=73.01bps | dir=SHORT_LAGGER | bid_ask=-86.30bps ask_bid=73.01bps | leader=binance_futures lagger=gate_futures direction=SHORT_LAGGER bid_ask=-86.30 ask_bid=73.01
2026-02-27T16:19:01.441341Z  INFO lead_lag_classic signal #140: ESPUSDT | spread=33.12bps | dir=SHORT_LAGGER | bid_ask=-42.19bps ask_bid=33.12bps | leader=binance_futures lagger=gate_futures direction=SHORT_LAGGER bid_ask=-42.19 ask_bid=33.12
2026-02-27T16:19:01.441431Z  INFO lead_lag_classic signal #141: POWERUSDT | spread=130.40bps | dir=SHORT_LAGGER | bid_ask=-136.41bps ask_bid=130.40bps | leader=binance_futures lagger=gate_futures direction=SHORT_LAGGER bid_ask=-136.41 ask_bid=130.40
2026-02-27T16:19:01.441486Z  INFO lead_lag_classic signal #142: SAHARAUSDT | spread=173.99bps | dir=SHORT_LAGGER | bid_ask=-187.14bps ask_bid=173.99bps | leader=binance_futures lagger=gate_futures direction=SHORT_LAGGER bid_ask=-187.14 ask_bid=173.99
2026-02-27T16:19:01.576628Z  INFO lead_lag_classic signal #143: ENSOUSDT | spread=73.01bps | dir=SHORT_LAGGER | bid_ask=-86.30bps ask_bid=73.01bps | leader=binance_futures lagger=gate_futures direction=SHORT_LAGGER bid_ask=-86.30 ask_bid=73.01
2026-02-27T16:19:01.576704Z  INFO lead_lag_classic signal #144: ESPUSDT | spread=33.89bps | dir=SHORT_LAGGER | bid_ask=-42.19bps ask_bid=33.89bps | leader=binance_futures lagger=gate_futures direction=SHORT_LAGGER bid_ask=-42.19 ask_bid=33.89
2026-02-27T16:19:01.576778Z  INFO lead_lag_classic signal #145: POWERUSDT | spread=129.09bps | dir=SHORT_LAGGER | bid_ask=-135.14bps ask_bid=129.09bps | leader=binance_futures lagger=gate_futures direction=SHORT_LAGGER bid_ask=-135.14 ask_bid=129.09
2026-02-27T16:19:01.576841Z  INFO lead_lag_classic signal #146: SAHARAUSDT | spread=178.20bps | dir=SHORT_LAGGER | bid_ask=-183.15bps ask_bid=178.20bps | leader=binance_futures lagger=gate_futures direction=SHORT_LAGGER bid_ask=-183.15 ask_bid=178.20
2026-02-27T16:19:01.769387Z  INFO lead_lag_classic signal #147: ATHUSDT | spread=41.84bps | dir=SHORT_LAGGER | bid_ask=-61.56bps ask_bid=41.84bps | leader=binance_futures lagger=gate_futures direction=SHORT_LAGGER bid_ask=-61.56 ask_bid=41.84
2026-02-27T16:19:01.769541Z  INFO lead_lag_classic signal #148: ENSOUSDT | spread=73.01bps | dir=SHORT_LAGGER | bid_ask=-86.30bps ask_bid=73.01bps | leader=binance_futures lagger=gate_futures direction=SHORT_LAGGER bid_ask=-86.30 ask_bid=73.01
2026-02-27T16:19:01.769605Z  INFO lead_lag_classic signal #149: ESPUSDT | spread=33.89bps | dir=SHORT_LAGGER | bid_ask=-42.19bps ask_bid=33.89bps | leader=binance_futures lagger=gate_futures direction=SHORT_LAGGER bid_ask=-42.19 ask_bid=33.89
2026-02-27T16:19:01.769754Z  INFO lead_lag_classic signal #150: POWERUSDT | spread=125.36bps | dir=SHORT_LAGGER | bid_ask=-134.29bps ask_bid=125.36bps | leader=binance_futures lagger=gate_futures direction=SHORT_LAGGER bid_ask=-134.29 ask_bid=125.36
2026-02-27T16:19:01.769843Z  INFO lead_lag_classic signal #151: SAHARAUSDT | spread=169.91bps | dir=SHORT_LAGGER | bid_ask=-183.15bps ask_bid=169.91bps | leader=binance_futures lagger=gate_futures direction=SHORT_LAGGER bid_ask=-183.15 ask_bid=169.91
2026-02-27T16:19:01.843206Z  INFO lead_lag_classic signal #152: ATHUSDT | spread=43.52bps | dir=SHORT_LAGGER | bid_ask=-63.23bps ask_bid=43.52bps | leader=binance_futures lagger=gate_futures direction=SHORT_LAGGER bid_ask=-63.23 ask_bid=43.52
2026-02-27T16:19:01.843312Z  INFO lead_lag_classic signal #153: ESPUSDT | spread=31.57bps | dir=SHORT_LAGGER | bid_ask=-39.89bps ask_bid=31.57bps | leader=binance_futures lagger=gate_futures direction=SHORT_LAGGER bid_ask=-39.89 ask_bid=31.57
2026-02-27T16:19:01.843406Z  INFO lead_lag_classic signal #154: POWERUSDT | spread=132.76bps | dir=SHORT_LAGGER | bid_ask=-135.57bps ask_bid=132.76bps | leader=binance_futures lagger=gate_futures direction=SHORT_LAGGER bid_ask=-135.57 ask_bid=132.76
2026-02-27T16:19:01.843465Z  INFO lead_lag_classic signal #155: SAHARAUSDT | spread=169.91bps | dir=SHORT_LAGGER | bid_ask=-179.15bps ask_bid=169.91bps | leader=binance_futures lagger=gate_futures direction=SHORT_LAGGER bid_ask=-179.15 ask_bid=169.91
2026-02-27T16:19:01.949679Z  INFO lead_lag_classic signal #156: ATHUSDT | spread=41.84bps | dir=SHORT_LAGGER | bid_ask=-61.56bps ask_bid=41.84bps | leader=binance_futures lagger=gate_futures direction=SHORT_LAGGER bid_ask=-61.56 ask_bid=41.84
2026-02-27T16:19:01.949781Z  INFO lead_lag_classic signal #157: ENSOUSDT | spread=68.77bps | dir=SHORT_LAGGER | bid_ask=-86.30bps ask_bid=68.77bps | leader=binance_futures lagger=gate_futures direction=SHORT_LAGGER bid_ask=-86.30 ask_bid=68.77
2026-02-27T16:19:01.949838Z  INFO lead_lag_classic signal #158: ESPUSDT | spread=31.57bps | dir=SHORT_LAGGER | bid_ask=-39.89bps ask_bid=31.57bps | leader=binance_futures lagger=gate_futures direction=SHORT_LAGGER bid_ask=-39.89 ask_bid=31.57
2026-02-27T16:19:01.949967Z  INFO lead_lag_classic signal #159: SAHARAUSDT | spread=169.98bps | dir=SHORT_LAGGER | bid_ask=-183.22bps ask_bid=169.98bps | leader=binance_futures lagger=gate_futures direction=SHORT_LAGGER bid_ask=-183.22 ask_bid=169.98
2026-02-27T16:19:02.038867Z  INFO lead_lag_classic signal #160: ENSOUSDT | spread=70.18bps | dir=SHORT_LAGGER | bid_ask=-85.59bps ask_bid=70.18bps | leader=binance_futures lagger=gate_futures direction=SHORT_LAGGER bid_ask=-85.59 ask_bid=70.18
2026-02-27T16:19:02.038987Z  INFO lead_lag_classic signal #161: POWERUSDT | spread=125.73bps | dir=SHORT_LAGGER | bid_ask=-135.01bps ask_bid=125.73bps | leader=binance_futures lagger=gate_futures direction=SHORT_LAGGER bid_ask=-135.01 ask_bid=125.73
2026-02-27T16:19:02.039035Z  INFO lead_lag_classic signal #162: SAHARAUSDT | spread=169.77bps | dir=SHORT_LAGGER | bid_ask=-175.01bps ask_bid=169.77bps | leader=binance_futures lagger=gate_futures direction=SHORT_LAGGER bid_ask=-175.01 ask_bid=169.77
2026-02-27T16:19:02.242347Z  INFO lead_lag_classic signal #163: ATHUSDT | spread=43.52bps | dir=SHORT_LAGGER | bid_ask=-63.23bps ask_bid=43.52bps | leader=binance_futures lagger=gate_futures direction=SHORT_LAGGER bid_ask=-63.23 ask_bid=43.52
2026-02-27T16:19:02.242437Z  INFO lead_lag_classic signal #164: BULLAUSDT | spread=38.46bps | dir=LONG_LAGGER | bid_ask=38.46bps ask_bid=-108.49bps | leader=binance_futures lagger=gate_futures direction=LONG_LAGGER bid_ask=38.46 ask_bid=-108.49
2026-02-27T16:19:02.242487Z  INFO lead_lag_classic signal #165: ENSOUSDT | spread=70.18bps | dir=SHORT_LAGGER | bid_ask=-84.90bps ask_bid=70.18bps | leader=binance_futures lagger=gate_futures direction=SHORT_LAGGER bid_ask=-84.90 ask_bid=70.18
2026-02-27T16:19:02.242526Z  INFO lead_lag_classic signal #166: ESPUSDT | spread=31.57bps | dir=SHORT_LAGGER | bid_ask=-39.89bps ask_bid=31.57bps | leader=binance_futures lagger=gate_futures direction=SHORT_LAGGER bid_ask=-39.89 ask_bid=31.57
2026-02-27T16:19:02.339419Z  INFO lead_lag_classic signal #167: ATHUSDT | spread=45.20bps | dir=SHORT_LAGGER | bid_ask=-63.23bps ask_bid=45.20bps | leader=binance_futures lagger=gate_futures direction=SHORT_LAGGER bid_ask=-63.23 ask_bid=45.20
2026-02-27T16:19:02.339554Z  INFO lead_lag_classic signal #168: POWERUSDT | spread=126.10bps | dir=SHORT_LAGGER | bid_ask=-134.63bps ask_bid=126.10bps | leader=binance_futures lagger=gate_futures direction=SHORT_LAGGER bid_ask=-134.63 ask_bid=126.10
2026-02-27T16:19:02.339617Z  INFO lead_lag_classic signal #169: SAHARAUSDT | spread=169.77bps | dir=SHORT_LAGGER | bid_ask=-179.01bps ask_bid=169.77bps | leader=binance_futures lagger=gate_futures direction=SHORT_LAGGER bid_ask=-179.01 ask_bid=169.77
2026-02-27T16:19:02.478912Z  INFO lead_lag_classic signal #170: ATHUSDT | spread=45.20bps | dir=SHORT_LAGGER | bid_ask=-63.23bps ask_bid=45.20bps | leader=binance_futures lagger=gate_futures direction=SHORT_LAGGER bid_ask=-63.23 ask_bid=45.20
2026-02-27T16:19:02.478999Z  INFO lead_lag_classic signal #171: BULLAUSDT | spread=38.46bps | dir=LONG_LAGGER | bid_ask=38.46bps ask_bid=-108.49bps | leader=binance_futures lagger=gate_futures direction=LONG_LAGGER bid_ask=38.46 ask_bid=-108.49
2026-02-27T16:19:02.479050Z  INFO lead_lag_classic signal #172: ENSOUSDT | spread=70.18bps | dir=SHORT_LAGGER | bid_ask=-84.90bps ask_bid=70.18bps | leader=binance_futures lagger=gate_futures direction=SHORT_LAGGER bid_ask=-84.90 ask_bid=70.18
2026-02-27T16:19:02.479090Z  INFO lead_lag_classic signal #173: ESPUSDT | spread=31.57bps | dir=SHORT_LAGGER | bid_ask=-39.89bps ask_bid=31.57bps | leader=binance_futures lagger=gate_futures direction=SHORT_LAGGER bid_ask=-39.89 ask_bid=31.57
2026-02-27T16:19:02.479201Z  INFO lead_lag_classic signal #174: POWERUSDT | spread=126.23bps | dir=SHORT_LAGGER | bid_ask=-133.92bps ask_bid=126.23bps | leader=binance_futures lagger=gate_futures direction=SHORT_LAGGER bid_ask=-133.92 ask_bid=126.23
2026-02-27T16:19:02.479264Z  INFO lead_lag_classic signal #175: SAHARAUSDT | spread=169.84bps | dir=SHORT_LAGGER | bid_ask=-187.14bps ask_bid=169.84bps | leader=binance_futures lagger=gate_futures direction=SHORT_LAGGER bid_ask=-187.14 ask_bid=169.84
2026-02-27T16:19:02.552988Z  INFO lead_lag_classic signal #176: BULLAUSDT | spread=38.46bps | dir=LONG_LAGGER | bid_ask=38.46bps ask_bid=-108.49bps | leader=binance_futures lagger=gate_futures direction=LONG_LAGGER bid_ask=38.46 ask_bid=-108.49
2026-02-27T16:19:02.553076Z  INFO lead_lag_classic signal #177: ENSOUSDT | spread=70.18bps | dir=SHORT_LAGGER | bid_ask=-84.90bps ask_bid=70.18bps | leader=binance_futures lagger=gate_futures direction=SHORT_LAGGER bid_ask=-84.90 ask_bid=70.18
2026-02-27T16:19:02.553155Z  INFO lead_lag_classic signal #178: POWERUSDT | spread=128.06bps | dir=SHORT_LAGGER | bid_ask=-134.75bps ask_bid=128.06bps | leader=binance_futures lagger=gate_futures direction=SHORT_LAGGER bid_ask=-134.75 ask_bid=128.06
2026-02-27T16:19:02.553204Z  INFO lead_lag_classic signal #179: SAHARAUSDT | spread=169.84bps | dir=SHORT_LAGGER | bid_ask=-183.15bps ask_bid=169.84bps | leader=binance_futures lagger=gate_futures direction=SHORT_LAGGER bid_ask=-183.15 ask_bid=169.84
2026-02-27T16:19:02.667565Z  INFO lead_lag_classic signal #180: ATHUSDT | spread=45.20bps | dir=SHORT_LAGGER | bid_ask=-63.23bps ask_bid=45.20bps | leader=binance_futures lagger=gate_futures direction=SHORT_LAGGER bid_ask=-63.23 ask_bid=45.20
2026-02-27T16:19:02.667650Z  INFO lead_lag_classic signal #181: BULLAUSDT | spread=38.46bps | dir=LONG_LAGGER | bid_ask=38.46bps ask_bid=-108.49bps | leader=binance_futures lagger=gate_futures direction=LONG_LAGGER bid_ask=38.46 ask_bid=-108.49
2026-02-27T16:19:02.667702Z  INFO lead_lag_classic signal #182: ENSOUSDT | spread=70.18bps | dir=SHORT_LAGGER | bid_ask=-84.90bps ask_bid=70.18bps | leader=binance_futures lagger=gate_futures direction=SHORT_LAGGER bid_ask=-84.90 ask_bid=70.18
2026-02-27T16:19:02.667741Z  INFO lead_lag_classic signal #183: ESPUSDT | spread=33.11bps | dir=SHORT_LAGGER | bid_ask=-37.59bps ask_bid=33.11bps | leader=binance_futures lagger=gate_futures direction=SHORT_LAGGER bid_ask=-37.59 ask_bid=33.11
2026-02-27T16:19:02.667821Z  INFO lead_lag_classic signal #184: POWERUSDT | spread=128.06bps | dir=SHORT_LAGGER | bid_ask=-134.75bps ask_bid=128.06bps | leader=binance_futures lagger=gate_futures direction=SHORT_LAGGER bid_ask=-134.75 ask_bid=128.06
2026-02-27T16:19:02.667889Z  INFO lead_lag_classic signal #185: SAHARAUSDT | spread=169.91bps | dir=SHORT_LAGGER | bid_ask=-183.15bps ask_bid=169.91bps | leader=binance_futures lagger=gate_futures direction=SHORT_LAGGER bid_ask=-183.15 ask_bid=169.91
2026-02-27T16:19:02.741465Z  INFO lead_lag_classic signal #186: ENSOUSDT | spread=70.18bps | dir=SHORT_LAGGER | bid_ask=-84.90bps ask_bid=70.18bps | leader=binance_futures lagger=gate_futures direction=SHORT_LAGGER bid_ask=-84.90 ask_bid=70.18
2026-02-27T16:19:02.741545Z  INFO lead_lag_classic signal #187: ESPUSDT | spread=33.11bps | dir=SHORT_LAGGER | bid_ask=-37.59bps ask_bid=33.11bps | leader=binance_futures lagger=gate_futures direction=SHORT_LAGGER bid_ask=-37.59 ask_bid=33.11
2026-02-27T16:19:02.865572Z  INFO lead_lag_classic signal #188: ESPUSDT | spread=33.11bps | dir=SHORT_LAGGER | bid_ask=-37.59bps ask_bid=33.11bps | leader=binance_futures lagger=gate_futures direction=SHORT_LAGGER bid_ask=-37.59 ask_bid=33.11
2026-02-27T16:19:02.865697Z  INFO lead_lag_classic signal #189: POWERUSDT | spread=127.28bps | dir=SHORT_LAGGER | bid_ask=-134.75bps ask_bid=127.28bps | leader=binance_futures lagger=gate_futures direction=SHORT_LAGGER bid_ask=-134.75 ask_bid=127.28
2026-02-27T16:19:02.865751Z  INFO lead_lag_classic signal #190: SAHARAUSDT | spread=169.91bps | dir=SHORT_LAGGER | bid_ask=-183.15bps ask_bid=169.91bps | leader=binance_futures lagger=gate_futures direction=SHORT_LAGGER bid_ask=-183.15 ask_bid=169.91
2026-02-27T16:19:02.987344Z  INFO lead_lag_classic signal #191: ENSOUSDT | spread=68.77bps | dir=SHORT_LAGGER | bid_ask=-83.51bps ask_bid=68.77bps | leader=binance_futures lagger=gate_futures direction=SHORT_LAGGER bid_ask=-83.51 ask_bid=68.77
2026-02-27T16:19:02.987462Z  INFO lead_lag_classic signal #192: POWERUSDT | spread=125.04bps | dir=SHORT_LAGGER | bid_ask=-131.11bps ask_bid=125.04bps | leader=binance_futures lagger=gate_futures direction=SHORT_LAGGER bid_ask=-131.11 ask_bid=125.04
2026-02-27T16:19:02.987536Z  INFO lead_lag_classic signal #193: SAHARAUSDT | spread=169.91bps | dir=SHORT_LAGGER | bid_ask=-183.15bps ask_bid=169.91bps | leader=binance_futures lagger=gate_futures direction=SHORT_LAGGER bid_ask=-183.15 ask_bid=169.91
2026-02-27T16:19:03.064312Z  INFO lead_lag_classic signal #194: ENSOUSDT | spread=68.77bps | dir=SHORT_LAGGER | bid_ask=-83.51bps ask_bid=68.77bps | leader=binance_futures lagger=gate_futures direction=SHORT_LAGGER bid_ask=-83.51 ask_bid=68.77
2026-02-27T16:19:03.064395Z  INFO lead_lag_classic signal #195: ESPUSDT | spread=33.11bps | dir=SHORT_LAGGER | bid_ask=-37.59bps ask_bid=33.11bps | leader=binance_futures lagger=gate_futures direction=SHORT_LAGGER bid_ask=-37.59 ask_bid=33.11
2026-02-27T16:19:03.064489Z  INFO lead_lag_classic signal #196: SAHARAUSDT | spread=174.27bps | dir=SHORT_LAGGER | bid_ask=-187.37bps ask_bid=174.27bps | leader=binance_futures lagger=gate_futures direction=SHORT_LAGGER bid_ask=-187.37 ask_bid=174.27
2026-02-27T16:19:03.148646Z  INFO lead_lag_classic signal #197: ENSOUSDT | spread=70.17bps | dir=SHORT_LAGGER | bid_ask=-83.51bps ask_bid=70.17bps | leader=binance_futures lagger=gate_futures direction=SHORT_LAGGER bid_ask=-83.51 ask_bid=70.17
2026-02-27T16:19:03.148769Z  INFO lead_lag_classic signal #198: POWERUSDT | spread=126.67bps | dir=SHORT_LAGGER | bid_ask=-133.16bps ask_bid=126.67bps | leader=binance_futures lagger=gate_futures direction=SHORT_LAGGER bid_ask=-133.16 ask_bid=126.67
2026-02-27T16:19:03.148823Z  INFO lead_lag_classic signal #199: SAHARAUSDT | spread=178.50bps | dir=SHORT_LAGGER | bid_ask=-183.45bps ask_bid=178.50bps | leader=binance_futures lagger=gate_futures direction=SHORT_LAGGER bid_ask=-183.45 ask_bid=178.50
2026-02-27T16:19:03.250784Z  INFO lead_lag_classic signal #200: ATHUSDT | spread=46.89bps | dir=SHORT_LAGGER | bid_ask=-66.56bps ask_bid=46.89bps | leader=binance_futures lagger=gate_futures direction=SHORT_LAGGER bid_ask=-66.56 ask_bid=46.89
2026-02-27T16:19:03.250885Z  INFO lead_lag_classic signal #201: ENSOUSDT | spread=70.17bps | dir=SHORT_LAGGER | bid_ask=-84.20bps ask_bid=70.17bps | leader=binance_futures lagger=gate_futures direction=SHORT_LAGGER bid_ask=-84.20 ask_bid=70.17
2026-02-27T16:19:03.250927Z  INFO lead_lag_classic signal #202: ESPUSDT | spread=33.11bps | dir=SHORT_LAGGER | bid_ask=-37.59bps ask_bid=33.11bps | leader=binance_futures lagger=gate_futures direction=SHORT_LAGGER bid_ask=-37.59 ask_bid=33.11
2026-02-27T16:19:03.251007Z  INFO lead_lag_classic signal #203: POWERUSDT | spread=126.80bps | dir=SHORT_LAGGER | bid_ask=-133.16bps ask_bid=126.80bps | leader=binance_futures lagger=gate_futures direction=SHORT_LAGGER bid_ask=-133.16 ask_bid=126.80
2026-02-27T16:19:03.251074Z  INFO lead_lag_classic signal #204: SAHARAUSDT | spread=178.50bps | dir=SHORT_LAGGER | bid_ask=-187.45bps ask_bid=178.50bps | leader=binance_futures lagger=gate_futures direction=SHORT_LAGGER bid_ask=-187.45 ask_bid=178.50
2026-02-27T16:19:03.374388Z  INFO lead_lag_classic signal #205: ATHUSDT | spread=46.89bps | dir=SHORT_LAGGER | bid_ask=-66.56bps ask_bid=46.89bps | leader=binance_futures lagger=gate_futures direction=SHORT_LAGGER bid_ask=-66.56 ask_bid=46.89
2026-02-27T16:19:03.374505Z  INFO lead_lag_classic signal #206: ENSOUSDT | spread=70.17bps | dir=SHORT_LAGGER | bid_ask=-83.51bps ask_bid=70.17bps | leader=binance_futures lagger=gate_futures direction=SHORT_LAGGER bid_ask=-83.51 ask_bid=70.17
2026-02-27T16:19:03.374545Z  INFO lead_lag_classic signal #207: ESPUSDT | spread=33.11bps | dir=SHORT_LAGGER | bid_ask=-37.59bps ask_bid=33.11bps | leader=binance_futures lagger=gate_futures direction=SHORT_LAGGER bid_ask=-37.59 ask_bid=33.11
2026-02-27T16:19:03.374631Z  INFO lead_lag_classic signal #208: POWERUSDT | spread=127.20bps | dir=SHORT_LAGGER | bid_ask=-134.24bps ask_bid=127.20bps | leader=binance_futures lagger=gate_futures direction=SHORT_LAGGER bid_ask=-134.24 ask_bid=127.20
2026-02-27T16:19:03.374702Z  INFO lead_lag_classic signal #209: SAHARAUSDT | spread=165.84bps | dir=SHORT_LAGGER | bid_ask=-187.37bps ask_bid=165.84bps | leader=binance_futures lagger=gate_futures direction=SHORT_LAGGER bid_ask=-187.37 ask_bid=165.84
2026-02-27T16:19:03.440898Z  INFO lead_lag_classic signal #210: ENSOUSDT | spread=70.17bps | dir=SHORT_LAGGER | bid_ask=-83.51bps ask_bid=70.17bps | leader=binance_futures lagger=gate_futures direction=SHORT_LAGGER bid_ask=-83.51 ask_bid=70.17
2026-02-27T16:19:03.584223Z  INFO lead_lag_classic signal #211: ENSOUSDT | spread=70.17bps | dir=SHORT_LAGGER | bid_ask=-83.51bps ask_bid=70.17bps | leader=binance_futures lagger=gate_futures direction=SHORT_LAGGER bid_ask=-83.51 ask_bid=70.17
2026-02-27T16:19:03.584356Z  INFO lead_lag_classic signal #212: POWERUSDT | spread=128.68bps | dir=SHORT_LAGGER | bid_ask=-133.47bps ask_bid=128.68bps | leader=binance_futures lagger=gate_futures direction=SHORT_LAGGER bid_ask=-133.47 ask_bid=128.68
2026-02-27T16:19:03.584408Z  INFO lead_lag_classic signal #213: SAHARAUSDT | spread=169.91bps | dir=SHORT_LAGGER | bid_ask=-183.15bps ask_bid=169.91bps | leader=binance_futures lagger=gate_futures direction=SHORT_LAGGER bid_ask=-183.15 ask_bid=169.91
2026-02-27T16:19:03.639705Z  INFO lead_lag_classic signal #214: ENSOUSDT | spread=70.17bps | dir=SHORT_LAGGER | bid_ask=-83.51bps ask_bid=70.17bps | leader=binance_futures lagger=gate_futures direction=SHORT_LAGGER bid_ask=-83.51 ask_bid=70.17
2026-02-27T16:19:03.639796Z  INFO lead_lag_classic signal #215: ESPUSDT | spread=33.11bps | dir=SHORT_LAGGER | bid_ask=-37.59bps ask_bid=33.11bps | leader=binance_futures lagger=gate_futures direction=SHORT_LAGGER bid_ask=-37.59 ask_bid=33.11
2026-02-27T16:19:03.639874Z  INFO lead_lag_classic signal #216: POWERUSDT | spread=124.53bps | dir=SHORT_LAGGER | bid_ask=-132.78bps ask_bid=124.53bps | leader=binance_futures lagger=gate_futures direction=SHORT_LAGGER bid_ask=-132.78 ask_bid=124.53
2026-02-27T16:19:03.639931Z  INFO lead_lag_classic signal #217: SAHARAUSDT | spread=169.91bps | dir=SHORT_LAGGER | bid_ask=-183.15bps ask_bid=169.91bps | leader=binance_futures lagger=gate_futures direction=SHORT_LAGGER bid_ask=-183.15 ask_bid=169.91
2026-02-27T16:19:03.768953Z  INFO lead_lag_classic signal #218: ATHUSDT | spread=46.89bps | dir=SHORT_LAGGER | bid_ask=-66.56bps ask_bid=46.89bps | leader=binance_futures lagger=gate_futures direction=SHORT_LAGGER bid_ask=-66.56 ask_bid=46.89
2026-02-27T16:19:03.769056Z  INFO lead_lag_classic signal #219: ENSOUSDT | spread=70.17bps | dir=SHORT_LAGGER | bid_ask=-83.51bps ask_bid=70.17bps | leader=binance_futures lagger=gate_futures direction=SHORT_LAGGER bid_ask=-83.51 ask_bid=70.17
2026-02-27T16:19:03.769101Z  INFO lead_lag_classic signal #220: ESPUSDT | spread=33.11bps | dir=SHORT_LAGGER | bid_ask=-37.59bps ask_bid=33.11bps | leader=binance_futures lagger=gate_futures direction=SHORT_LAGGER bid_ask=-37.59 ask_bid=33.11
2026-02-27T16:19:03.769244Z  INFO lead_lag_classic signal #221: SAHARAUSDT | spread=165.56bps | dir=SHORT_LAGGER | bid_ask=-183.00bps ask_bid=165.56bps | leader=binance_futures lagger=gate_futures direction=SHORT_LAGGER bid_ask=-183.00 ask_bid=165.56
2026-02-27T16:19:03.865477Z  INFO lead_lag_classic signal #222: POWERUSDT | spread=127.74bps | dir=SHORT_LAGGER | bid_ask=-135.14bps ask_bid=127.74bps | leader=binance_futures lagger=gate_futures direction=SHORT_LAGGER bid_ask=-135.14 ask_bid=127.74
2026-02-27T16:19:03.865565Z  INFO lead_lag_classic signal #223: SAHARAUSDT | spread=165.56bps | dir=SHORT_LAGGER | bid_ask=-178.93bps ask_bid=165.56bps | leader=binance_futures lagger=gate_futures direction=SHORT_LAGGER bid_ask=-178.93 ask_bid=165.56
2026-02-27T16:19:03.940172Z  INFO lead_lag_classic signal #224: ENSOUSDT | spread=70.17bps | dir=SHORT_LAGGER | bid_ask=-83.51bps ask_bid=70.17bps | leader=binance_futures lagger=gate_futures direction=SHORT_LAGGER bid_ask=-83.51 ask_bid=70.17
2026-02-27T16:19:03.940259Z  INFO lead_lag_classic signal #225: ESPUSDT | spread=33.11bps | dir=SHORT_LAGGER | bid_ask=-37.59bps ask_bid=33.11bps | leader=binance_futures lagger=gate_futures direction=SHORT_LAGGER bid_ask=-37.59 ask_bid=33.11
2026-02-27T16:19:03.940348Z  INFO lead_lag_classic signal #226: SAHARAUSDT | spread=161.36bps | dir=SHORT_LAGGER | bid_ask=-174.87bps ask_bid=161.36bps | leader=binance_futures lagger=gate_futures direction=SHORT_LAGGER bid_ask=-174.87 ask_bid=161.36
2026-02-27T16:19:04.102988Z  INFO lead_lag_classic signal #227: ENSOUSDT | spread=70.17bps | dir=SHORT_LAGGER | bid_ask=-83.51bps ask_bid=70.17bps | leader=binance_futures lagger=gate_futures direction=SHORT_LAGGER bid_ask=-83.51 ask_bid=70.17
2026-02-27T16:19:04.103073Z  INFO lead_lag_classic signal #228: ESPUSDT | spread=33.11bps | dir=SHORT_LAGGER | bid_ask=-37.59bps ask_bid=33.11bps | leader=binance_futures lagger=gate_futures direction=SHORT_LAGGER bid_ask=-37.59 ask_bid=33.11
2026-02-27T16:19:04.103186Z  INFO lead_lag_classic signal #229: SAHARAUSDT | spread=173.63bps | dir=SHORT_LAGGER | bid_ask=-186.69bps ask_bid=173.63bps | leader=binance_futures lagger=gate_futures direction=SHORT_LAGGER bid_ask=-186.69 ask_bid=173.63
2026-02-27T16:19:04.151623Z  INFO lead_lag_classic signal #230: SAHARAUSDT | spread=173.63bps | dir=SHORT_LAGGER | bid_ask=-186.69bps ask_bid=173.63bps | leader=binance_futures lagger=gate_futures direction=SHORT_LAGGER bid_ask=-186.69 ask_bid=173.63
2026-02-27T16:19:04.268205Z  INFO lead_lag_classic signal #231: SAHARAUSDT | spread=173.63bps | dir=SHORT_LAGGER | bid_ask=-186.69bps ask_bid=173.63bps | leader=binance_futures lagger=gate_futures direction=SHORT_LAGGER bid_ask=-186.69 ask_bid=173.63
2026-02-27T16:19:04.346027Z  INFO lead_lag_classic signal #232: SAHARAUSDT | spread=173.70bps | dir=SHORT_LAGGER | bid_ask=-186.84bps ask_bid=173.70bps | leader=binance_futures lagger=gate_futures direction=SHORT_LAGGER bid_ask=-186.84 ask_bid=173.70
2026-02-27T16:19:04.471881Z  INFO lead_lag_classic signal #233: POWERUSDT | spread=126.09bps | dir=SHORT_LAGGER | bid_ask=-128.75bps ask_bid=126.09bps | leader=binance_futures lagger=gate_futures direction=SHORT_LAGGER bid_ask=-128.75 ask_bid=126.09
2026-02-27T16:19:04.471967Z  INFO lead_lag_classic signal #234: SAHARAUSDT | spread=169.63bps | dir=SHORT_LAGGER | bid_ask=-178.86bps ask_bid=169.63bps | leader=binance_futures lagger=gate_futures direction=SHORT_LAGGER bid_ask=-178.86 ask_bid=169.63
2026-02-27T16:19:04.652864Z  INFO lead_lag_classic signal #235: SAHARAUSDT | spread=173.77bps | dir=SHORT_LAGGER | bid_ask=-186.84bps ask_bid=173.77bps | leader=binance_futures lagger=gate_futures direction=SHORT_LAGGER bid_ask=-186.84 ask_bid=173.77
2026-02-27T16:19:04.752787Z  INFO lead_lag_classic signal #236: POWERUSDT | spread=125.97bps | dir=SHORT_LAGGER | bid_ask=-131.96bps ask_bid=125.97bps | leader=binance_futures lagger=gate_futures direction=SHORT_LAGGER bid_ask=-131.96 ask_bid=125.97
2026-02-27T16:19:04.752867Z  INFO lead_lag_classic signal #237: SAHARAUSDT | spread=173.77bps | dir=SHORT_LAGGER | bid_ask=-182.85bps ask_bid=173.77bps | leader=binance_futures lagger=gate_futures direction=SHORT_LAGGER bid_ask=-182.85 ask_bid=173.77
2026-02-27T16:19:04.853786Z  INFO lead_lag_classic signal #238: POWERUSDT | spread=126.03bps | dir=SHORT_LAGGER | bid_ask=-131.96bps ask_bid=126.03bps | leader=binance_futures lagger=gate_futures direction=SHORT_LAGGER bid_ask=-131.96 ask_bid=126.03
2026-02-27T16:19:04.853878Z  INFO lead_lag_classic signal #239: SAHARAUSDT | spread=182.19bps | dir=SHORT_LAGGER | bid_ask=-186.99bps ask_bid=182.19bps | leader=binance_futures lagger=gate_futures direction=SHORT_LAGGER bid_ask=-186.99 ask_bid=182.19
2026-02-27T16:19:05.009840Z  INFO lead_lag_classic signal #240: ESPUSDT | spread=33.88bps | dir=SHORT_LAGGER | bid_ask=-38.36bps ask_bid=33.88bps | leader=binance_futures lagger=gate_futures direction=SHORT_LAGGER bid_ask=-38.36 ask_bid=33.88
2026-02-27T16:19:05.010049Z  INFO lead_lag_classic signal #241: POWERUSDT | spread=127.15bps | dir=SHORT_LAGGER | bid_ask=-133.81bps ask_bid=127.15bps | leader=binance_futures lagger=gate_futures direction=SHORT_LAGGER bid_ask=-133.81 ask_bid=127.15
2026-02-27T16:19:05.010165Z  INFO lead_lag_classic signal #242: SAHARAUSDT | spread=169.70bps | dir=SHORT_LAGGER | bid_ask=-186.99bps ask_bid=169.70bps | leader=binance_futures lagger=gate_futures direction=SHORT_LAGGER bid_ask=-186.99 ask_bid=169.70
2026-02-27T16:19:05.066787Z  INFO lead_lag_classic signal #243: ESPUSDT | spread=34.65bps | dir=SHORT_LAGGER | bid_ask=-39.12bps ask_bid=34.65bps | leader=binance_futures lagger=gate_futures direction=SHORT_LAGGER bid_ask=-39.12 ask_bid=34.65
2026-02-27T16:19:05.066893Z  INFO lead_lag_classic signal #244: POWERUSDT | spread=127.21bps | dir=SHORT_LAGGER | bid_ask=-133.81bps ask_bid=127.21bps | leader=binance_futures lagger=gate_futures direction=SHORT_LAGGER bid_ask=-133.81 ask_bid=127.21
2026-02-27T16:19:05.066940Z  INFO lead_lag_classic signal #245: SAHARAUSDT | spread=169.70bps | dir=SHORT_LAGGER | bid_ask=-186.99bps ask_bid=169.70bps | leader=binance_futures lagger=gate_futures direction=SHORT_LAGGER bid_ask=-186.99 ask_bid=169.70
2026-02-27T16:19:05.181961Z  INFO lead_lag_classic signal #246: ATHUSDT | spread=46.89bps | dir=SHORT_LAGGER | bid_ask=-66.56bps ask_bid=46.89bps | leader=binance_futures lagger=gate_futures direction=SHORT_LAGGER bid_ask=-66.56 ask_bid=46.89
2026-02-27T16:19:05.182056Z  INFO lead_lag_classic signal #247: ENSOUSDT | spread=69.46bps | dir=SHORT_LAGGER | bid_ask=-83.50bps ask_bid=69.46bps | leader=binance_futures lagger=gate_futures direction=SHORT_LAGGER bid_ask=-83.50 ask_bid=69.46
2026-02-27T16:19:05.182094Z  INFO lead_lag_classic signal #248: ESPUSDT | spread=30.04bps | dir=SHORT_LAGGER | bid_ask=-41.43bps ask_bid=30.04bps | leader=binance_futures lagger=gate_futures direction=SHORT_LAGGER bid_ask=-41.43 ask_bid=30.04
2026-02-27T16:19:05.182178Z  INFO lead_lag_classic signal #249: POWERUSDT | spread=130.55bps | dir=SHORT_LAGGER | bid_ask=-137.76bps ask_bid=130.55bps | leader=binance_futures lagger=gate_futures direction=SHORT_LAGGER bid_ask=-137.76 ask_bid=130.55
2026-02-27T16:19:05.182244Z  INFO lead_lag_classic signal #250: SAHARAUSDT | spread=169.70bps | dir=SHORT_LAGGER | bid_ask=-182.93bps ask_bid=169.70bps | leader=binance_futures lagger=gate_futures direction=SHORT_LAGGER bid_ask=-182.93 ask_bid=169.70
2026-02-27T16:19:05.261577Z  INFO lead_lag_classic signal #251: ATHUSDT | spread=46.89bps | dir=SHORT_LAGGER | bid_ask=-66.56bps ask_bid=46.89bps | leader=binance_futures lagger=gate_futures direction=SHORT_LAGGER bid_ask=-66.56 ask_bid=46.89
2026-02-27T16:19:05.261665Z  INFO lead_lag_classic signal #252: ENSOUSDT | spread=70.88bps | dir=SHORT_LAGGER | bid_ask=-84.89bps ask_bid=70.88bps | leader=binance_futures lagger=gate_futures direction=SHORT_LAGGER bid_ask=-84.89 ask_bid=70.88
2026-02-27T16:19:05.261704Z  INFO lead_lag_classic signal #253: ESPUSDT | spread=32.35bps | dir=SHORT_LAGGER | bid_ask=-41.42bps ask_bid=32.35bps | leader=binance_futures lagger=gate_futures direction=SHORT_LAGGER bid_ask=-41.42 ask_bid=32.35
2026-02-27T16:19:05.261773Z  INFO lead_lag_classic signal #254: POWERUSDT | spread=129.70bps | dir=SHORT_LAGGER | bid_ask=-136.42bps ask_bid=129.70bps | leader=binance_futures lagger=gate_futures direction=SHORT_LAGGER bid_ask=-136.42 ask_bid=129.70
2026-02-27T16:19:05.261819Z  INFO lead_lag_classic signal #255: SAHARAUSDT | spread=169.70bps | dir=SHORT_LAGGER | bid_ask=-186.99bps ask_bid=169.70bps | leader=binance_futures lagger=gate_futures direction=SHORT_LAGGER bid_ask=-186.99 ask_bid=169.70
2026-02-27T16:19:05.340528Z  INFO lead_lag_classic signal #256: ATHUSDT | spread=46.89bps | dir=SHORT_LAGGER | bid_ask=-66.56bps ask_bid=46.89bps | leader=binance_futures lagger=gate_futures direction=SHORT_LAGGER bid_ask=-66.56 ask_bid=46.89
2026-02-27T16:19:05.340640Z  INFO lead_lag_classic signal #257: ENSOUSDT | spread=70.88bps | dir=SHORT_LAGGER | bid_ask=-84.89bps ask_bid=70.88bps | leader=binance_futures lagger=gate_futures direction=SHORT_LAGGER bid_ask=-84.89 ask_bid=70.88
2026-02-27T16:19:05.340741Z  INFO lead_lag_classic signal #258: POWERUSDT | spread=130.42bps | dir=SHORT_LAGGER | bid_ask=-137.82bps ask_bid=130.42bps | leader=binance_futures lagger=gate_futures direction=SHORT_LAGGER bid_ask=-137.82 ask_bid=130.42
2026-02-27T16:19:05.340809Z  INFO lead_lag_classic signal #259: SAHARAUSDT | spread=169.70bps | dir=SHORT_LAGGER | bid_ask=-186.99bps ask_bid=169.70bps | leader=binance_futures lagger=gate_futures direction=SHORT_LAGGER bid_ask=-186.99 ask_bid=169.70
2026-02-27T16:19:05.504601Z  INFO lead_lag_classic signal #260: ESPUSDT | spread=30.04bps | dir=SHORT_LAGGER | bid_ask=-39.90bps ask_bid=30.04bps | leader=binance_futures lagger=gate_futures direction=SHORT_LAGGER bid_ask=-39.90 ask_bid=30.04
2026-02-27T16:19:05.504809Z  INFO lead_lag_classic signal #261: SAHARAUSDT | spread=173.84bps | dir=SHORT_LAGGER | bid_ask=-186.92bps ask_bid=173.84bps | leader=binance_futures lagger=gate_futures direction=SHORT_LAGGER bid_ask=-186.92 ask_bid=173.84
2026-02-27T16:19:05.575825Z  INFO lead_lag_classic signal #262: POWERUSDT | spread=127.20bps | dir=SHORT_LAGGER | bid_ask=-135.20bps ask_bid=127.20bps | leader=binance_futures lagger=gate_futures direction=SHORT_LAGGER bid_ask=-135.20 ask_bid=127.20
2026-02-27T16:19:05.575921Z  INFO lead_lag_classic signal #263: SAHARAUSDT | spread=173.84bps | dir=SHORT_LAGGER | bid_ask=-186.92bps ask_bid=173.84bps | leader=binance_futures lagger=gate_futures direction=SHORT_LAGGER bid_ask=-186.92 ask_bid=173.84
2026-02-27T16:19:05.660572Z  INFO lead_lag_classic signal #264: ENSOUSDT | spread=73.69bps | dir=SHORT_LAGGER | bid_ask=-85.59bps ask_bid=73.69bps | leader=binance_futures lagger=gate_futures direction=SHORT_LAGGER bid_ask=-85.59 ask_bid=73.69
2026-02-27T16:19:05.660685Z  INFO lead_lag_classic signal #265: POWERUSDT | spread=129.89bps | dir=SHORT_LAGGER | bid_ask=-136.29bps ask_bid=129.89bps | leader=binance_futures lagger=gate_futures direction=SHORT_LAGGER bid_ask=-136.29 ask_bid=129.89
2026-02-27T16:19:05.660739Z  INFO lead_lag_classic signal #266: SAHARAUSDT | spread=173.84bps | dir=SHORT_LAGGER | bid_ask=-186.92bps ask_bid=173.84bps | leader=binance_futures lagger=gate_futures direction=SHORT_LAGGER bid_ask=-186.92 ask_bid=173.84
2026-02-27T16:19:05.743696Z  INFO lead_lag_classic signal #267: POWERUSDT | spread=129.41bps | dir=SHORT_LAGGER | bid_ask=-134.37bps ask_bid=129.41bps | leader=binance_futures lagger=gate_futures direction=SHORT_LAGGER bid_ask=-134.37 ask_bid=129.41
2026-02-27T16:19:05.743784Z  INFO lead_lag_classic signal #268: SAHARAUSDT | spread=173.84bps | dir=SHORT_LAGGER | bid_ask=-186.92bps ask_bid=173.84bps | leader=binance_futures lagger=gate_futures direction=SHORT_LAGGER bid_ask=-186.92 ask_bid=173.84
2026-02-27T16:19:05.863965Z  INFO lead_lag_classic signal #269: ESPUSDT | spread=30.04bps | dir=SHORT_LAGGER | bid_ask=-39.90bps ask_bid=30.04bps | leader=binance_futures lagger=gate_futures direction=SHORT_LAGGER bid_ask=-39.90 ask_bid=30.04
2026-02-27T16:19:05.864152Z  INFO lead_lag_classic signal #270: POWERUSDT | spread=129.17bps | dir=SHORT_LAGGER | bid_ask=-135.02bps ask_bid=129.17bps | leader=binance_futures lagger=gate_futures direction=SHORT_LAGGER bid_ask=-135.02 ask_bid=129.17
2026-02-27T16:19:05.864280Z  INFO lead_lag_classic signal #271: SAHARAUSDT | spread=173.77bps | dir=SHORT_LAGGER | bid_ask=-186.84bps ask_bid=173.77bps | leader=binance_futures lagger=gate_futures direction=SHORT_LAGGER bid_ask=-186.84 ask_bid=173.77
2026-02-27T16:19:05.977853Z  INFO lead_lag_classic signal #272: POWERUSDT | spread=129.17bps | dir=SHORT_LAGGER | bid_ask=-135.27bps ask_bid=129.17bps | leader=binance_futures lagger=gate_futures direction=SHORT_LAGGER bid_ask=-135.27 ask_bid=129.17
2026-02-27T16:19:05.979082Z  INFO Status: tickers=9661 (+4146/5s) signals=272 drift=[n=4146 avg=14ms p50=11ms p95=38ms p99=64ms max=125ms]
2026-02-27T16:19:06.081152Z  INFO lead_lag_classic signal #273: ATHUSDT | spread=50.25bps | dir=SHORT_LAGGER | bid_ask=-69.88bps ask_bid=50.25bps | leader=binance_futures lagger=gate_futures direction=SHORT_LAGGER bid_ask=-69.88 ask_bid=50.25
2026-02-27T16:19:06.081318Z  INFO lead_lag_classic signal #274: POWERUSDT | spread=129.17bps | dir=SHORT_LAGGER | bid_ask=-135.27bps ask_bid=129.17bps | leader=binance_futures lagger=gate_futures direction=SHORT_LAGGER bid_ask=-135.27 ask_bid=129.17
2026-02-27T16:19:06.081383Z  INFO lead_lag_classic signal #275: SAHARAUSDT | spread=173.55bps | dir=SHORT_LAGGER | bid_ask=-182.63bps ask_bid=173.55bps | leader=binance_futures lagger=gate_futures direction=SHORT_LAGGER bid_ask=-182.63 ask_bid=173.55
2026-02-27T16:19:06.180488Z  INFO lead_lag_classic signal #276: ENSOUSDT | spread=75.81bps | dir=SHORT_LAGGER | bid_ask=-86.29bps ask_bid=75.81bps | leader=binance_futures lagger=gate_futures direction=SHORT_LAGGER bid_ask=-86.29 ask_bid=75.81
2026-02-27T16:19:06.180577Z  INFO lead_lag_classic signal #277: ESPUSDT | spread=30.04bps | dir=SHORT_LAGGER | bid_ask=-39.90bps ask_bid=30.04bps | leader=binance_futures lagger=gate_futures direction=SHORT_LAGGER bid_ask=-39.90 ask_bid=30.04
2026-02-27T16:19:06.180635Z  INFO lead_lag_classic signal #278: POWERUSDT | spread=129.30bps | dir=SHORT_LAGGER | bid_ask=-135.27bps ask_bid=129.30bps | leader=binance_futures lagger=gate_futures direction=SHORT_LAGGER bid_ask=-135.27 ask_bid=129.30
2026-02-27T16:19:06.180685Z  INFO lead_lag_classic signal #279: SAHARAUSDT | spread=169.49bps | dir=SHORT_LAGGER | bid_ask=-182.70bps ask_bid=169.49bps | leader=binance_futures lagger=gate_futures direction=SHORT_LAGGER bid_ask=-182.70 ask_bid=169.49
2026-02-27T16:19:06.265360Z  INFO lead_lag_classic signal #280: ENSOUSDT | spread=75.81bps | dir=SHORT_LAGGER | bid_ask=-86.29bps ask_bid=75.81bps | leader=binance_futures lagger=gate_futures direction=SHORT_LAGGER bid_ask=-86.29 ask_bid=75.81
2026-02-27T16:19:06.265475Z  INFO lead_lag_classic signal #281: POWERUSDT | spread=129.63bps | dir=SHORT_LAGGER | bid_ask=-135.08bps ask_bid=129.63bps | leader=binance_futures lagger=gate_futures direction=SHORT_LAGGER bid_ask=-135.08 ask_bid=129.63
2026-02-27T16:19:06.265518Z  INFO lead_lag_classic signal #282: SAHARAUSDT | spread=169.49bps | dir=SHORT_LAGGER | bid_ask=-178.72bps ask_bid=169.49bps | leader=binance_futures lagger=gate_futures direction=SHORT_LAGGER bid_ask=-178.72 ask_bid=169.49
2026-02-27T16:19:06.386140Z  INFO lead_lag_classic signal #283: ATHUSDT | spread=50.25bps | dir=SHORT_LAGGER | bid_ask=-69.88bps ask_bid=50.25bps | leader=binance_futures lagger=gate_futures direction=SHORT_LAGGER bid_ask=-69.88 ask_bid=50.25
2026-02-27T16:19:06.386235Z  INFO lead_lag_classic signal #284: ENSOUSDT | spread=75.81bps | dir=SHORT_LAGGER | bid_ask=-86.29bps ask_bid=75.81bps | leader=binance_futures lagger=gate_futures direction=SHORT_LAGGER bid_ask=-86.29 ask_bid=75.81
2026-02-27T16:19:06.386276Z  INFO lead_lag_classic signal #285: ESPUSDT | spread=30.04bps | dir=SHORT_LAGGER | bid_ask=-39.90bps ask_bid=30.04bps | leader=binance_futures lagger=gate_futures direction=SHORT_LAGGER bid_ask=-39.90 ask_bid=30.04
2026-02-27T16:19:06.386354Z  INFO lead_lag_classic signal #286: POWERUSDT | spread=129.24bps | dir=SHORT_LAGGER | bid_ask=-135.02bps ask_bid=129.24bps | leader=binance_futures lagger=gate_futures direction=SHORT_LAGGER bid_ask=-135.02 ask_bid=129.24
2026-02-27T16:19:06.386397Z  INFO lead_lag_classic signal #287: SAHARAUSDT | spread=169.77bps | dir=SHORT_LAGGER | bid_ask=-191.06bps ask_bid=169.77bps | leader=binance_futures lagger=gate_futures direction=SHORT_LAGGER bid_ask=-191.06 ask_bid=169.77
2026-02-27T16:19:06.458403Z  INFO lead_lag_classic signal #288: ESPUSDT | spread=31.58bps | dir=SHORT_LAGGER | bid_ask=-41.43bps ask_bid=31.58bps | leader=binance_futures lagger=gate_futures direction=SHORT_LAGGER bid_ask=-41.43 ask_bid=31.58
2026-02-27T16:19:06.458500Z  INFO lead_lag_classic signal #289: POWERUSDT | spread=129.70bps | dir=SHORT_LAGGER | bid_ask=-135.02bps ask_bid=129.70bps | leader=binance_futures lagger=gate_futures direction=SHORT_LAGGER bid_ask=-135.02 ask_bid=129.70
2026-02-27T16:19:06.458556Z  INFO lead_lag_classic signal #290: SAHARAUSDT | spread=165.63bps | dir=SHORT_LAGGER | bid_ask=-179.01bps ask_bid=165.63bps | leader=binance_futures lagger=gate_futures direction=SHORT_LAGGER bid_ask=-179.01 ask_bid=165.63
2026-02-27T16:19:06.723770Z  INFO lead_lag_classic signal #291: ATHUSDT | spread=51.93bps | dir=SHORT_LAGGER | bid_ask=-69.88bps ask_bid=51.93bps | leader=binance_futures lagger=gate_futures direction=SHORT_LAGGER bid_ask=-69.88 ask_bid=51.93
2026-02-27T16:19:06.723873Z  INFO lead_lag_classic signal #292: ENSOUSDT | spread=76.51bps | dir=SHORT_LAGGER | bid_ask=-86.99bps ask_bid=76.51bps | leader=binance_futures lagger=gate_futures direction=SHORT_LAGGER bid_ask=-86.99 ask_bid=76.51
2026-02-27T16:19:06.723913Z  INFO lead_lag_classic signal #293: ESPUSDT | spread=33.13bps | dir=SHORT_LAGGER | bid_ask=-44.50bps ask_bid=33.13bps | leader=binance_futures lagger=gate_futures direction=SHORT_LAGGER bid_ask=-44.50 ask_bid=33.13
2026-02-27T16:19:06.724006Z  INFO lead_lag_classic signal #294: POWERUSDT | spread=129.70bps | dir=SHORT_LAGGER | bid_ask=-135.02bps ask_bid=129.70bps | leader=binance_futures lagger=gate_futures direction=SHORT_LAGGER bid_ask=-135.02 ask_bid=129.70
2026-02-27T16:19:06.724067Z  INFO lead_lag_classic signal #295: SAHARAUSDT | spread=169.84bps | dir=SHORT_LAGGER | bid_ask=-183.08bps ask_bid=169.84bps | leader=binance_futures lagger=gate_futures direction=SHORT_LAGGER bid_ask=-183.08 ask_bid=169.84
2026-02-27T16:19:06.840126Z  INFO lead_lag_classic signal #296: SAHARAUSDT | spread=173.91bps | dir=SHORT_LAGGER | bid_ask=-186.99bps ask_bid=173.91bps | leader=binance_futures lagger=gate_futures direction=SHORT_LAGGER bid_ask=-186.99 ask_bid=173.91
2026-02-27T16:19:06.939652Z  INFO lead_lag_classic signal #297: ESPUSDT | spread=36.23bps | dir=SHORT_LAGGER | bid_ask=-42.99bps ask_bid=36.23bps | leader=binance_futures lagger=gate_futures direction=SHORT_LAGGER bid_ask=-42.99 ask_bid=36.23
2026-02-27T16:19:06.939753Z  INFO lead_lag_classic signal #298: POWERUSDT | spread=125.77bps | dir=SHORT_LAGGER | bid_ask=-133.87bps ask_bid=125.77bps | leader=binance_futures lagger=gate_futures direction=SHORT_LAGGER bid_ask=-133.87 ask_bid=125.77
2026-02-27T16:19:06.939806Z  INFO lead_lag_classic signal #299: SAHARAUSDT | spread=169.70bps | dir=SHORT_LAGGER | bid_ask=-182.93bps ask_bid=169.70bps | leader=binance_futures lagger=gate_futures direction=SHORT_LAGGER bid_ask=-182.93 ask_bid=169.70
2026-02-27T16:19:07.073628Z  INFO lead_lag_classic signal #300: ATHUSDT | spread=50.25bps | dir=SHORT_LAGGER | bid_ask=-69.88bps ask_bid=50.25bps | leader=binance_futures lagger=gate_futures direction=SHORT_LAGGER bid_ask=-69.88 ask_bid=50.25
2026-02-27T16:19:07.073720Z  INFO lead_lag_classic signal #301: ESPUSDT | spread=36.23bps | dir=SHORT_LAGGER | bid_ask=-42.99bps ask_bid=36.23bps | leader=binance_futures lagger=gate_futures direction=SHORT_LAGGER bid_ask=-42.99 ask_bid=36.23
2026-02-27T16:19:07.073785Z  INFO lead_lag_classic signal #302: POWERUSDT | spread=129.76bps | dir=SHORT_LAGGER | bid_ask=-136.97bps ask_bid=129.76bps | leader=binance_futures lagger=gate_futures direction=SHORT_LAGGER bid_ask=-136.97 ask_bid=129.76
2026-02-27T16:19:07.073836Z  INFO lead_lag_classic signal #303: SAHARAUSDT | spread=173.99bps | dir=SHORT_LAGGER | bid_ask=-187.07bps ask_bid=173.99bps | leader=binance_futures lagger=gate_futures direction=SHORT_LAGGER bid_ask=-187.07 ask_bid=173.99
2026-02-27T16:19:07.148567Z  INFO lead_lag_classic signal #304: ESPUSDT | spread=36.23bps | dir=SHORT_LAGGER | bid_ask=-42.99bps ask_bid=36.23bps | leader=binance_futures lagger=gate_futures direction=SHORT_LAGGER bid_ask=-42.99 ask_bid=36.23
2026-02-27T16:19:07.148675Z  INFO lead_lag_classic signal #305: POWERUSDT | spread=132.58bps | dir=SHORT_LAGGER | bid_ask=-139.71bps ask_bid=132.58bps | leader=binance_futures lagger=gate_futures direction=SHORT_LAGGER bid_ask=-139.71 ask_bid=132.58
2026-02-27T16:19:07.148732Z  INFO lead_lag_classic signal #306: SAHARAUSDT | spread=173.99bps | dir=SHORT_LAGGER | bid_ask=-187.07bps ask_bid=173.99bps | leader=binance_futures lagger=gate_futures direction=SHORT_LAGGER bid_ask=-187.07 ask_bid=173.99
2026-02-27T16:19:07.262126Z  INFO lead_lag_classic signal #307: ESPUSDT | spread=33.92bps | dir=SHORT_LAGGER | bid_ask=-42.99bps ask_bid=33.92bps | leader=binance_futures lagger=gate_futures direction=SHORT_LAGGER bid_ask=-42.99 ask_bid=33.92
2026-02-27T16:19:07.262251Z  INFO lead_lag_classic signal #308: POWERUSDT | spread=127.32bps | dir=SHORT_LAGGER | bid_ask=-133.96bps ask_bid=127.32bps | leader=binance_futures lagger=gate_futures direction=SHORT_LAGGER bid_ask=-133.96 ask_bid=127.32
2026-02-27T16:19:07.343941Z  INFO lead_lag_classic signal #309: POWERUSDT | spread=129.02bps | dir=SHORT_LAGGER | bid_ask=-135.87bps ask_bid=129.02bps | leader=binance_futures lagger=gate_futures direction=SHORT_LAGGER bid_ask=-135.87 ask_bid=129.02
2026-02-27T16:19:07.344045Z  INFO lead_lag_classic signal #310: SAHARAUSDT | spread=178.13bps | dir=SHORT_LAGGER | bid_ask=-191.06bps ask_bid=178.13bps | leader=binance_futures lagger=gate_futures direction=SHORT_LAGGER bid_ask=-191.06 ask_bid=178.13
2026-02-27T16:19:07.540358Z  INFO lead_lag_classic signal #311: POWERUSDT | spread=128.40bps | dir=SHORT_LAGGER | bid_ask=-135.02bps ask_bid=128.40bps | leader=binance_futures lagger=gate_futures direction=SHORT_LAGGER bid_ask=-135.02 ask_bid=128.40
2026-02-27T16:19:07.540536Z  INFO lead_lag_classic signal #312: SAHARAUSDT | spread=178.13bps | dir=SHORT_LAGGER | bid_ask=-191.06bps ask_bid=178.13bps | leader=binance_futures lagger=gate_futures direction=SHORT_LAGGER bid_ask=-191.06 ask_bid=178.13
2026-02-27T16:19:07.708516Z  INFO lead_lag_classic signal #313: POWERUSDT | spread=127.00bps | dir=SHORT_LAGGER | bid_ask=-137.40bps ask_bid=127.00bps | leader=binance_futures lagger=gate_futures direction=SHORT_LAGGER bid_ask=-137.40 ask_bid=127.00
2026-02-27T16:19:07.708610Z  INFO lead_lag_classic signal #314: SAHARAUSDT | spread=173.99bps | dir=SHORT_LAGGER | bid_ask=-187.07bps ask_bid=173.99bps | leader=binance_futures lagger=gate_futures direction=SHORT_LAGGER bid_ask=-187.07 ask_bid=173.99
2026-02-27T16:19:07.775515Z  INFO lead_lag_classic signal #315: ATHUSDT | spread=45.20bps | dir=SHORT_LAGGER | bid_ask=-63.23bps ask_bid=45.20bps | leader=binance_futures lagger=gate_futures direction=SHORT_LAGGER bid_ask=-63.23 ask_bid=45.20
2026-02-27T16:19:07.775647Z  INFO lead_lag_classic signal #316: POWERUSDT | spread=128.04bps | dir=SHORT_LAGGER | bid_ask=-136.77bps ask_bid=128.04bps | leader=binance_futures lagger=gate_futures direction=SHORT_LAGGER bid_ask=-136.77 ask_bid=128.04
2026-02-27T16:19:07.775698Z  INFO lead_lag_classic signal #317: SAHARAUSDT | spread=173.99bps | dir=SHORT_LAGGER | bid_ask=-187.07bps ask_bid=173.99bps | leader=binance_futures lagger=gate_futures direction=SHORT_LAGGER bid_ask=-187.07 ask_bid=173.99
2026-02-27T16:19:07.856177Z  INFO lead_lag_classic signal #318: POWERUSDT | spread=128.04bps | dir=SHORT_LAGGER | bid_ask=-136.07bps ask_bid=128.04bps | leader=binance_futures lagger=gate_futures direction=SHORT_LAGGER bid_ask=-136.07 ask_bid=128.04
2026-02-27T16:19:07.856270Z  INFO lead_lag_classic signal #319: SAHARAUSDT | spread=174.06bps | dir=SHORT_LAGGER | bid_ask=-187.14bps ask_bid=174.06bps | leader=binance_futures lagger=gate_futures direction=SHORT_LAGGER bid_ask=-187.14 ask_bid=174.06
2026-02-27T16:19:07.950004Z  INFO lead_lag_classic signal #320: ATHUSDT | spread=46.89bps | dir=SHORT_LAGGER | bid_ask=-64.89bps ask_bid=46.89bps | leader=binance_futures lagger=gate_futures direction=SHORT_LAGGER bid_ask=-64.89 ask_bid=46.89
2026-02-27T16:19:07.950130Z  INFO lead_lag_classic signal #321: POWERUSDT | spread=128.19bps | dir=SHORT_LAGGER | bid_ask=-136.29bps ask_bid=128.19bps | leader=binance_futures lagger=gate_futures direction=SHORT_LAGGER bid_ask=-136.29 ask_bid=128.19
2026-02-27T16:19:07.950172Z  INFO lead_lag_classic signal #322: SAHARAUSDT | spread=174.06bps | dir=SHORT_LAGGER | bid_ask=-187.14bps ask_bid=174.06bps | leader=binance_futures lagger=gate_futures direction=SHORT_LAGGER bid_ask=-187.14 ask_bid=174.06
2026-02-27T16:19:08.050671Z  INFO lead_lag_classic signal #323: ESPUSDT | spread=37.75bps | dir=SHORT_LAGGER | bid_ask=-43.73bps ask_bid=37.75bps | leader=binance_futures lagger=gate_futures direction=SHORT_LAGGER bid_ask=-43.73 ask_bid=37.75
2026-02-27T16:19:08.050787Z  INFO lead_lag_classic signal #324: POWERUSDT | spread=127.74bps | dir=SHORT_LAGGER | bid_ask=-136.23bps ask_bid=127.74bps | leader=binance_futures lagger=gate_futures direction=SHORT_LAGGER bid_ask=-136.23 ask_bid=127.74
2026-02-27T16:19:08.050830Z  INFO lead_lag_classic signal #325: SAHARAUSDT | spread=174.06bps | dir=SHORT_LAGGER | bid_ask=-183.15bps ask_bid=174.06bps | leader=binance_futures lagger=gate_futures direction=SHORT_LAGGER bid_ask=-183.15 ask_bid=174.06
2026-02-27T16:19:08.142969Z  INFO lead_lag_classic signal #326: ESPUSDT | spread=37.75bps | dir=SHORT_LAGGER | bid_ask=-43.73bps ask_bid=37.75bps | leader=binance_futures lagger=gate_futures direction=SHORT_LAGGER bid_ask=-43.73 ask_bid=37.75
2026-02-27T16:19:08.143078Z  INFO lead_lag_classic signal #327: POWERUSDT | spread=128.40bps | dir=SHORT_LAGGER | bid_ask=-136.23bps ask_bid=128.40bps | leader=binance_futures lagger=gate_futures direction=SHORT_LAGGER bid_ask=-136.23 ask_bid=128.40
2026-02-27T16:19:08.239301Z  INFO lead_lag_classic signal #328: ATHUSDT | spread=46.89bps | dir=SHORT_LAGGER | bid_ask=-66.56bps ask_bid=46.89bps | leader=binance_futures lagger=gate_futures direction=SHORT_LAGGER bid_ask=-66.56 ask_bid=46.89
2026-02-27T16:19:08.239462Z  INFO lead_lag_classic signal #329: POWERUSDT | spread=128.53bps | dir=SHORT_LAGGER | bid_ask=-136.80bps ask_bid=128.53bps | leader=binance_futures lagger=gate_futures direction=SHORT_LAGGER bid_ask=-136.80 ask_bid=128.53
2026-02-27T16:19:08.239510Z  INFO lead_lag_classic signal #330: SAHARAUSDT | spread=174.06bps | dir=SHORT_LAGGER | bid_ask=-183.15bps ask_bid=174.06bps | leader=binance_futures lagger=gate_futures direction=SHORT_LAGGER bid_ask=-183.15 ask_bid=174.06
2026-02-27T16:19:08.390911Z  INFO lead_lag_classic signal #331: ATHUSDT | spread=48.57bps | dir=SHORT_LAGGER | bid_ask=-66.56bps ask_bid=48.57bps | leader=binance_futures lagger=gate_futures direction=SHORT_LAGGER bid_ask=-66.56 ask_bid=48.57
2026-02-27T16:19:08.391008Z  INFO lead_lag_classic signal #332: ESPUSDT | spread=36.21bps | dir=SHORT_LAGGER | bid_ask=-43.73bps ask_bid=36.21bps | leader=binance_futures lagger=gate_futures direction=SHORT_LAGGER bid_ask=-43.73 ask_bid=36.21
2026-02-27T16:19:08.391089Z  INFO lead_lag_classic signal #333: POWERUSDT | spread=129.38bps | dir=SHORT_LAGGER | bid_ask=-136.80bps ask_bid=129.38bps | leader=binance_futures lagger=gate_futures direction=SHORT_LAGGER bid_ask=-136.80 ask_bid=129.38
2026-02-27T16:19:08.473951Z  INFO lead_lag_classic signal #334: ATHUSDT | spread=48.57bps | dir=SHORT_LAGGER | bid_ask=-66.56bps ask_bid=48.57bps | leader=binance_futures lagger=gate_futures direction=SHORT_LAGGER bid_ask=-66.56 ask_bid=48.57
2026-02-27T16:19:08.474074Z  INFO lead_lag_classic signal #335: POWERUSDT | spread=123.70bps | dir=SHORT_LAGGER | bid_ask=-131.70bps ask_bid=123.70bps | leader=binance_futures lagger=gate_futures direction=SHORT_LAGGER bid_ask=-131.70 ask_bid=123.70
2026-02-27T16:19:08.474137Z  INFO lead_lag_classic signal #336: SAHARAUSDT | spread=178.28bps | dir=SHORT_LAGGER | bid_ask=-183.22bps ask_bid=178.28bps | leader=binance_futures lagger=gate_futures direction=SHORT_LAGGER bid_ask=-183.22 ask_bid=178.28
2026-02-27T16:19:08.552132Z  INFO lead_lag_classic signal #337: ESPUSDT | spread=36.21bps | dir=SHORT_LAGGER | bid_ask=-43.73bps ask_bid=36.21bps | leader=binance_futures lagger=gate_futures direction=SHORT_LAGGER bid_ask=-43.73 ask_bid=36.21
2026-02-27T16:19:08.552272Z  INFO lead_lag_classic signal #338: POWERUSDT | spread=128.41bps | dir=SHORT_LAGGER | bid_ask=-136.41bps ask_bid=128.41bps | leader=binance_futures lagger=gate_futures direction=SHORT_LAGGER bid_ask=-136.41 ask_bid=128.41
2026-02-27T16:19:08.647548Z  INFO lead_lag_classic signal #339: POWERUSDT | spread=127.83bps | dir=SHORT_LAGGER | bid_ask=-139.50bps ask_bid=127.83bps | leader=binance_futures lagger=gate_futures direction=SHORT_LAGGER bid_ask=-139.50 ask_bid=127.83
2026-02-27T16:19:08.647635Z  INFO lead_lag_classic signal #340: SAHARAUSDT | spread=178.28bps | dir=SHORT_LAGGER | bid_ask=-187.22bps ask_bid=178.28bps | leader=binance_futures lagger=gate_futures direction=SHORT_LAGGER bid_ask=-187.22 ask_bid=178.28
2026-02-27T16:19:08.765845Z  INFO lead_lag_classic signal #341: SAHARAUSDT | spread=178.28bps | dir=SHORT_LAGGER | bid_ask=-187.22bps ask_bid=178.28bps | leader=binance_futures lagger=gate_futures direction=SHORT_LAGGER bid_ask=-187.22 ask_bid=178.28
2026-02-27T16:19:08.859181Z  INFO lead_lag_classic signal #342: SAHARAUSDT | spread=174.20bps | dir=SHORT_LAGGER | bid_ask=-187.30bps ask_bid=174.20bps | leader=binance_futures lagger=gate_futures direction=SHORT_LAGGER bid_ask=-187.30 ask_bid=174.20
2026-02-27T16:19:08.963072Z  INFO lead_lag_classic signal #343: SAHARAUSDT | spread=174.35bps | dir=SHORT_LAGGER | bid_ask=-183.45bps ask_bid=174.35bps | leader=binance_futures lagger=gate_futures direction=SHORT_LAGGER bid_ask=-183.45 ask_bid=174.35
2026-02-27T16:19:09.043841Z  INFO lead_lag_classic signal #344: SAHARAUSDT | spread=174.42bps | dir=SHORT_LAGGER | bid_ask=-183.52bps ask_bid=174.42bps | leader=binance_futures lagger=gate_futures direction=SHORT_LAGGER bid_ask=-183.52 ask_bid=174.42
2026-02-27T16:19:09.165675Z  INFO lead_lag_classic signal #345: ESPUSDT | spread=36.21bps | dir=SHORT_LAGGER | bid_ask=-43.73bps ask_bid=36.21bps | leader=binance_futures lagger=gate_futures direction=SHORT_LAGGER bid_ask=-43.73 ask_bid=36.21
2026-02-27T16:19:09.165792Z  INFO lead_lag_classic signal #346: POWERUSDT | spread=118.72bps | dir=SHORT_LAGGER | bid_ask=-128.54bps ask_bid=118.72bps | leader=binance_futures lagger=gate_futures direction=SHORT_LAGGER bid_ask=-128.54 ask_bid=118.72
2026-02-27T16:19:09.165848Z  INFO lead_lag_classic signal #347: SAHARAUSDT | spread=174.35bps | dir=SHORT_LAGGER | bid_ask=-187.45bps ask_bid=174.35bps | leader=binance_futures lagger=gate_futures direction=SHORT_LAGGER bid_ask=-187.45 ask_bid=174.35
2026-02-27T16:19:09.283921Z  INFO lead_lag_classic signal #348: ENSOUSDT | spread=72.99bps | dir=SHORT_LAGGER | bid_ask=-84.90bps ask_bid=72.99bps | leader=binance_futures lagger=gate_futures direction=SHORT_LAGGER bid_ask=-84.90 ask_bid=72.99
2026-02-27T16:19:09.284021Z  INFO lead_lag_classic signal #349: POWERUSDT | spread=118.46bps | dir=SHORT_LAGGER | bid_ask=-129.24bps ask_bid=118.46bps | leader=binance_futures lagger=gate_futures direction=SHORT_LAGGER bid_ask=-129.24 ask_bid=118.46
2026-02-27T16:19:09.284086Z  INFO lead_lag_classic signal #350: SAHARAUSDT | spread=174.35bps | dir=SHORT_LAGGER | bid_ask=-187.45bps ask_bid=174.35bps | leader=binance_futures lagger=gate_futures direction=SHORT_LAGGER bid_ask=-187.45 ask_bid=174.35
2026-02-27T16:19:09.502615Z  INFO lead_lag_classic signal #351: ENSOUSDT | spread=72.28bps | dir=SHORT_LAGGER | bid_ask=-84.20bps ask_bid=72.28bps | leader=binance_futures lagger=gate_futures direction=SHORT_LAGGER bid_ask=-84.20 ask_bid=72.28
2026-02-27T16:19:09.502744Z  INFO lead_lag_classic signal #352: POWERUSDT | spread=127.70bps | dir=SHORT_LAGGER | bid_ask=-135.74bps ask_bid=127.70bps | leader=binance_futures lagger=gate_futures direction=SHORT_LAGGER bid_ask=-135.74 ask_bid=127.70
2026-02-27T16:19:09.502812Z  INFO lead_lag_classic signal #353: SAHARAUSDT | spread=182.88bps | dir=SHORT_LAGGER | bid_ask=-195.68bps ask_bid=182.88bps | leader=binance_futures lagger=gate_futures direction=SHORT_LAGGER bid_ask=-195.68 ask_bid=182.88
2026-02-27T16:19:09.592480Z  INFO lead_lag_classic signal #354: ATHUSDT | spread=50.25bps | dir=SHORT_LAGGER | bid_ask=-69.88bps ask_bid=50.25bps | leader=binance_futures lagger=gate_futures direction=SHORT_LAGGER bid_ask=-69.88 ask_bid=50.25
2026-02-27T16:19:09.592565Z  INFO lead_lag_classic signal #355: ENSOUSDT | spread=72.28bps | dir=SHORT_LAGGER | bid_ask=-84.20bps ask_bid=72.28bps | leader=binance_futures lagger=gate_futures direction=SHORT_LAGGER bid_ask=-84.20 ask_bid=72.28
2026-02-27T16:19:09.713206Z  INFO lead_lag_classic signal #356: POWERUSDT | spread=129.30bps | dir=SHORT_LAGGER | bid_ask=-135.08bps ask_bid=129.30bps | leader=binance_futures lagger=gate_futures direction=SHORT_LAGGER bid_ask=-135.08 ask_bid=129.30
2026-02-27T16:19:09.713314Z  INFO lead_lag_classic signal #357: SAHARAUSDT | spread=174.78bps | dir=SHORT_LAGGER | bid_ask=-187.91bps ask_bid=174.78bps | leader=binance_futures lagger=gate_futures direction=SHORT_LAGGER bid_ask=-187.91 ask_bid=174.78
2026-02-27T16:19:09.746639Z  INFO lead_lag_classic signal #358: POWERUSDT | spread=128.52bps | dir=SHORT_LAGGER | bid_ask=-135.15bps ask_bid=128.52bps | leader=binance_futures lagger=gate_futures direction=SHORT_LAGGER bid_ask=-135.15 ask_bid=128.52
2026-02-27T16:19:09.746715Z  INFO lead_lag_classic signal #359: SAHARAUSDT | spread=170.55bps | dir=SHORT_LAGGER | bid_ask=-183.82bps ask_bid=170.55bps | leader=binance_futures lagger=gate_futures direction=SHORT_LAGGER bid_ask=-183.82 ask_bid=170.55
2026-02-27T16:19:09.865531Z  INFO lead_lag_classic signal #360: ATHUSDT | spread=50.25bps | dir=SHORT_LAGGER | bid_ask=-69.88bps ask_bid=50.25bps | leader=binance_futures lagger=gate_futures direction=SHORT_LAGGER bid_ask=-69.88 ask_bid=50.25
2026-02-27T16:19:09.865658Z  INFO lead_lag_classic signal #361: POWERUSDT | spread=128.65bps | dir=SHORT_LAGGER | bid_ask=-135.15bps ask_bid=128.65bps | leader=binance_futures lagger=gate_futures direction=SHORT_LAGGER bid_ask=-135.15 ask_bid=128.65
2026-02-27T16:19:10.200399Z  INFO lead_lag_classic signal #362: ESPUSDT | spread=35.44bps | dir=SHORT_LAGGER | bid_ask=-42.20bps ask_bid=35.44bps | leader=binance_futures lagger=gate_futures direction=SHORT_LAGGER bid_ask=-42.20 ask_bid=35.44
2026-02-27T16:19:10.200517Z  INFO lead_lag_classic signal #363: POWERUSDT | spread=130.90bps | dir=SHORT_LAGGER | bid_ask=-136.87bps ask_bid=130.90bps | leader=binance_futures lagger=gate_futures direction=SHORT_LAGGER bid_ask=-136.87 ask_bid=130.90
2026-02-27T16:19:10.200582Z  INFO lead_lag_classic signal #364: SAHARAUSDT | spread=178.87bps | dir=SHORT_LAGGER | bid_ask=-187.83bps ask_bid=178.87bps | leader=binance_futures lagger=gate_futures direction=SHORT_LAGGER bid_ask=-187.83 ask_bid=178.87
2026-02-27T16:19:10.260422Z  INFO lead_lag_classic signal #365: ATHUSDT | spread=36.86bps | dir=SHORT_LAGGER | bid_ask=-55.00bps ask_bid=36.86bps | leader=binance_futures lagger=gate_futures direction=SHORT_LAGGER bid_ask=-55.00 ask_bid=36.86
2026-02-27T16:19:10.260509Z  INFO lead_lag_classic signal #366: ESPUSDT | spread=36.22bps | dir=SHORT_LAGGER | bid_ask=-42.97bps ask_bid=36.22bps | leader=binance_futures lagger=gate_futures direction=SHORT_LAGGER bid_ask=-42.97 ask_bid=36.22
2026-02-27T16:19:10.260589Z  INFO lead_lag_classic signal #367: POWERUSDT | spread=129.98bps | dir=SHORT_LAGGER | bid_ask=-135.98bps ask_bid=129.98bps | leader=binance_futures lagger=gate_futures direction=SHORT_LAGGER bid_ask=-135.98 ask_bid=129.98
2026-02-27T16:19:10.260633Z  INFO lead_lag_classic signal #368: SAHARAUSDT | spread=174.64bps | dir=SHORT_LAGGER | bid_ask=-183.75bps ask_bid=174.64bps | leader=binance_futures lagger=gate_futures direction=SHORT_LAGGER bid_ask=-183.75 ask_bid=174.64
2026-02-27T16:19:10.371914Z  INFO lead_lag_classic signal #369: POWERUSDT | spread=128.22bps | dir=SHORT_LAGGER | bid_ask=-134.84bps ask_bid=128.22bps | leader=binance_futures lagger=gate_futures direction=SHORT_LAGGER bid_ask=-134.84 ask_bid=128.22
2026-02-27T16:19:10.372013Z  INFO lead_lag_classic signal #370: SAHARAUSDT | spread=183.10bps | dir=SHORT_LAGGER | bid_ask=-191.92bps ask_bid=183.10bps | leader=binance_futures lagger=gate_futures direction=SHORT_LAGGER bid_ask=-191.92 ask_bid=183.10
2026-02-27T16:19:10.476849Z  INFO lead_lag_classic signal #371: POWERUSDT | spread=126.13bps | dir=SHORT_LAGGER | bid_ask=-132.98bps ask_bid=126.13bps | leader=binance_futures lagger=gate_futures direction=SHORT_LAGGER bid_ask=-132.98 ask_bid=126.13
2026-02-27T16:19:10.693390Z  INFO lead_lag_classic signal #372: ATHUSDT | spread=36.86bps | dir=SHORT_LAGGER | bid_ask=-55.00bps ask_bid=36.86bps | leader=binance_futures lagger=gate_futures direction=SHORT_LAGGER bid_ask=-55.00 ask_bid=36.86
2026-02-27T16:19:10.693499Z  INFO lead_lag_classic signal #373: ENSOUSDT | spread=71.57bps | dir=SHORT_LAGGER | bid_ask=-84.20bps ask_bid=71.57bps | leader=binance_futures lagger=gate_futures direction=SHORT_LAGGER bid_ask=-84.20 ask_bid=71.57
2026-02-27T16:19:10.693589Z  INFO lead_lag_classic signal #374: POWERUSDT | spread=135.65bps | dir=SHORT_LAGGER | bid_ask=-137.74bps ask_bid=135.65bps | leader=binance_futures lagger=gate_futures direction=SHORT_LAGGER bid_ask=-137.74 ask_bid=135.65
2026-02-27T16:19:10.693658Z  INFO lead_lag_classic signal #375: SAHARAUSDT | spread=183.49bps | dir=SHORT_LAGGER | bid_ask=-192.31bps ask_bid=183.49bps | leader=binance_futures lagger=gate_futures direction=SHORT_LAGGER bid_ask=-192.31 ask_bid=183.49
2026-02-27T16:19:10.749445Z  INFO lead_lag_classic signal #376: POWERUSDT | spread=135.72bps | dir=SHORT_LAGGER | bid_ask=-137.74bps ask_bid=135.72bps | leader=binance_futures lagger=gate_futures direction=SHORT_LAGGER bid_ask=-137.74 ask_bid=135.72
2026-02-27T16:19:10.749519Z  INFO lead_lag_classic signal #377: SAHARAUSDT | spread=179.24bps | dir=SHORT_LAGGER | bid_ask=-188.22bps ask_bid=179.24bps | leader=binance_futures lagger=gate_futures direction=SHORT_LAGGER bid_ask=-188.22 ask_bid=179.24
2026-02-27T16:19:11.144659Z  INFO lead_lag_classic signal #378: ENSOUSDT | spread=70.87bps | dir=SHORT_LAGGER | bid_ask=-83.50bps ask_bid=70.87bps | leader=binance_futures lagger=gate_futures direction=SHORT_LAGGER bid_ask=-83.50 ask_bid=70.87
2026-02-27T16:19:11.144738Z  INFO lead_lag_classic signal #379: ESPUSDT | spread=33.91bps | dir=SHORT_LAGGER | bid_ask=-42.21bps ask_bid=33.91bps | leader=binance_futures lagger=gate_futures direction=SHORT_LAGGER bid_ask=-42.21 ask_bid=33.91
2026-02-27T16:19:11.144853Z  INFO lead_lag_classic signal #380: SAHARAUSDT | spread=174.85bps | dir=SHORT_LAGGER | bid_ask=-187.99bps ask_bid=174.85bps | leader=binance_futures lagger=gate_futures direction=SHORT_LAGGER bid_ask=-187.99 ask_bid=174.85
2026-02-27T16:19:11.145910Z  INFO Status: tickers=12965 (+3304/5s) signals=380 drift=[n=3304 avg=21ms p50=16ms p95=59ms p99=98ms max=260ms]
2026-02-27T16:19:11.383437Z  INFO lead_lag_classic signal #381: ATHUSDT | spread=33.50bps | dir=SHORT_LAGGER | bid_ask=-69.88bps ask_bid=33.50bps | leader=binance_futures lagger=gate_futures direction=SHORT_LAGGER bid_ask=-69.88 ask_bid=33.50
2026-02-27T16:19:11.383531Z  INFO lead_lag_classic signal #382: ENSOUSDT | spread=71.57bps | dir=SHORT_LAGGER | bid_ask=-83.50bps ask_bid=71.57bps | leader=binance_futures lagger=gate_futures direction=SHORT_LAGGER bid_ask=-83.50 ask_bid=71.57
2026-02-27T16:19:11.383605Z  INFO lead_lag_classic signal #383: POWERUSDT | spread=128.93bps | dir=SHORT_LAGGER | bid_ask=-136.27bps ask_bid=128.93bps | leader=binance_futures lagger=gate_futures direction=SHORT_LAGGER bid_ask=-136.27 ask_bid=128.93
2026-02-27T16:19:11.383650Z  INFO lead_lag_classic signal #384: SAHARAUSDT | spread=174.85bps | dir=SHORT_LAGGER | bid_ask=-187.99bps ask_bid=174.85bps | leader=binance_futures lagger=gate_futures direction=SHORT_LAGGER bid_ask=-187.99 ask_bid=174.85
2026-02-27T16:19:11.484745Z  INFO lead_lag_classic signal #385: ATHUSDT | spread=33.50bps | dir=SHORT_LAGGER | bid_ask=-68.22bps ask_bid=33.50bps | leader=binance_futures lagger=gate_futures direction=SHORT_LAGGER bid_ask=-68.22 ask_bid=33.50
2026-02-27T16:19:11.484836Z  INFO lead_lag_classic signal #386: ENSOUSDT | spread=71.57bps | dir=SHORT_LAGGER | bid_ask=-83.50bps ask_bid=71.57bps | leader=binance_futures lagger=gate_futures direction=SHORT_LAGGER bid_ask=-83.50 ask_bid=71.57
2026-02-27T16:19:11.484920Z  INFO lead_lag_classic signal #387: POWERUSDT | spread=127.23bps | dir=SHORT_LAGGER | bid_ask=-134.81bps ask_bid=127.23bps | leader=binance_futures lagger=gate_futures direction=SHORT_LAGGER bid_ask=-134.81 ask_bid=127.23
2026-02-27T16:19:11.484986Z  INFO lead_lag_classic signal #388: SAHARAUSDT | spread=170.55bps | dir=SHORT_LAGGER | bid_ask=-183.82bps ask_bid=170.55bps | leader=binance_futures lagger=gate_futures direction=SHORT_LAGGER bid_ask=-183.82 ask_bid=170.55
2026-02-27T16:19:11.626843Z  INFO lead_lag_classic signal #389: POWERUSDT | spread=125.12bps | dir=SHORT_LAGGER | bid_ask=-133.57bps ask_bid=125.12bps | leader=binance_futures lagger=gate_futures direction=SHORT_LAGGER bid_ask=-133.57 ask_bid=125.12
2026-02-27T16:19:11.626939Z  INFO lead_lag_classic signal #390: SAHARAUSDT | spread=174.78bps | dir=SHORT_LAGGER | bid_ask=-183.90bps ask_bid=174.78bps | leader=binance_futures lagger=gate_futures direction=SHORT_LAGGER bid_ask=-183.90 ask_bid=174.78
2026-02-27T16:19:11.641282Z  INFO lead_lag_classic signal #391: SAHARAUSDT | spread=174.78bps | dir=SHORT_LAGGER | bid_ask=-183.90bps ask_bid=174.78bps | leader=binance_futures lagger=gate_futures direction=SHORT_LAGGER bid_ask=-183.90 ask_bid=174.78
2026-02-27T16:19:11.758296Z  INFO lead_lag_classic signal #392: ENSOUSDT | spread=71.57bps | dir=SHORT_LAGGER | bid_ask=-83.50bps ask_bid=71.57bps | leader=binance_futures lagger=gate_futures direction=SHORT_LAGGER bid_ask=-83.50 ask_bid=71.57
2026-02-27T16:19:11.758408Z  INFO lead_lag_classic signal #393: POWERUSDT | spread=132.84bps | dir=SHORT_LAGGER | bid_ask=-133.44bps ask_bid=132.84bps | leader=binance_futures lagger=gate_futures direction=SHORT_LAGGER bid_ask=-133.44 ask_bid=132.84
2026-02-27T16:19:11.758454Z  INFO lead_lag_classic signal #394: SAHARAUSDT | spread=174.85bps | dir=SHORT_LAGGER | bid_ask=-183.97bps ask_bid=174.85bps | leader=binance_futures lagger=gate_futures direction=SHORT_LAGGER bid_ask=-183.97 ask_bid=174.85
2026-02-27T16:19:11.876359Z  INFO lead_lag_classic signal #395: ENSOUSDT | spread=71.57bps | dir=SHORT_LAGGER | bid_ask=-83.50bps ask_bid=71.57bps | leader=binance_futures lagger=gate_futures direction=SHORT_LAGGER bid_ask=-83.50 ask_bid=71.57
2026-02-27T16:19:11.876440Z  INFO lead_lag_classic signal #396: ESPUSDT | spread=34.68bps | dir=SHORT_LAGGER | bid_ask=-42.21bps ask_bid=34.68bps | leader=binance_futures lagger=gate_futures direction=SHORT_LAGGER bid_ask=-42.21 ask_bid=34.68
2026-02-27T16:19:11.876525Z  INFO lead_lag_classic signal #397: POWERUSDT | spread=135.46bps | dir=SHORT_LAGGER | bid_ask=-135.48bps ask_bid=135.46bps | leader=binance_futures lagger=gate_futures direction=SHORT_LAGGER bid_ask=-135.48 ask_bid=135.46
2026-02-27T16:19:11.876575Z  INFO lead_lag_classic signal #398: SAHARAUSDT | spread=174.78bps | dir=SHORT_LAGGER | bid_ask=-183.90bps ask_bid=174.78bps | leader=binance_futures lagger=gate_futures direction=SHORT_LAGGER bid_ask=-183.90 ask_bid=174.78
2026-02-27T16:19:11.978286Z  INFO lead_lag_classic signal #399: ATHUSDT | spread=33.50bps | dir=SHORT_LAGGER | bid_ask=-68.22bps ask_bid=33.50bps | leader=binance_futures lagger=gate_futures direction=SHORT_LAGGER bid_ask=-68.22 ask_bid=33.50
2026-02-27T16:19:11.978375Z  INFO lead_lag_classic signal #400: ENSOUSDT | spread=71.57bps | dir=SHORT_LAGGER | bid_ask=-83.50bps ask_bid=71.57bps | leader=binance_futures lagger=gate_futures direction=SHORT_LAGGER bid_ask=-83.50 ask_bid=71.57
2026-02-27T16:19:11.978423Z  INFO lead_lag_classic signal #401: ESPUSDT | spread=34.68bps | dir=SHORT_LAGGER | bid_ask=-42.21bps ask_bid=34.68bps | leader=binance_futures lagger=gate_futures direction=SHORT_LAGGER bid_ask=-42.21 ask_bid=34.68
2026-02-27T16:19:11.978512Z  INFO lead_lag_classic signal #402: SAHARAUSDT | spread=174.78bps | dir=SHORT_LAGGER | bid_ask=-187.91bps ask_bid=174.78bps | leader=binance_futures lagger=gate_futures direction=SHORT_LAGGER bid_ask=-187.91 ask_bid=174.78
2026-02-27T16:19:12.426202Z  INFO lead_lag_classic signal #403: ATHUSDT | spread=50.25bps | dir=SHORT_LAGGER | bid_ask=-68.22bps ask_bid=50.25bps | leader=binance_futures lagger=gate_futures direction=SHORT_LAGGER bid_ask=-68.22 ask_bid=50.25
2026-02-27T16:19:12.426321Z  INFO lead_lag_classic signal #404: ENSOUSDT | spread=71.57bps | dir=SHORT_LAGGER | bid_ask=-83.50bps ask_bid=71.57bps | leader=binance_futures lagger=gate_futures direction=SHORT_LAGGER bid_ask=-83.50 ask_bid=71.57
2026-02-27T16:19:12.426375Z  INFO lead_lag_classic signal #405: ESPUSDT | spread=36.99bps | dir=SHORT_LAGGER | bid_ask=-43.74bps ask_bid=36.99bps | leader=binance_futures lagger=gate_futures direction=SHORT_LAGGER bid_ask=-43.74 ask_bid=36.99
2026-02-27T16:19:12.426475Z  INFO lead_lag_classic signal #406: POWERUSDT | spread=126.42bps | dir=SHORT_LAGGER | bid_ask=-133.50bps ask_bid=126.42bps | leader=binance_futures lagger=gate_futures direction=SHORT_LAGGER bid_ask=-133.50 ask_bid=126.42
2026-02-27T16:19:12.426534Z  INFO lead_lag_classic signal #407: SAHARAUSDT | spread=170.62bps | dir=SHORT_LAGGER | bid_ask=-179.89bps ask_bid=170.62bps | leader=binance_futures lagger=gate_futures direction=SHORT_LAGGER bid_ask=-179.89 ask_bid=170.62
2026-02-27T16:19:12.469642Z  INFO lead_lag_classic signal #408: ESPUSDT | spread=36.99bps | dir=SHORT_LAGGER | bid_ask=-42.97bps ask_bid=36.99bps | leader=binance_futures lagger=gate_futures direction=SHORT_LAGGER bid_ask=-42.97 ask_bid=36.99
2026-02-27T16:19:12.469745Z  INFO lead_lag_classic signal #409: POWERUSDT | spread=126.42bps | dir=SHORT_LAGGER | bid_ask=-133.06bps ask_bid=126.42bps | leader=binance_futures lagger=gate_futures direction=SHORT_LAGGER bid_ask=-133.06 ask_bid=126.42
2026-02-27T16:19:12.469783Z  INFO lead_lag_classic signal #410: SAHARAUSDT | spread=170.55bps | dir=SHORT_LAGGER | bid_ask=-187.91bps ask_bid=170.55bps | leader=binance_futures lagger=gate_futures direction=SHORT_LAGGER bid_ask=-187.91 ask_bid=170.55
2026-02-27T16:19:12.560414Z  INFO lead_lag_classic signal #411: POWERUSDT | spread=125.05bps | dir=SHORT_LAGGER | bid_ask=-133.19bps ask_bid=125.05bps | leader=binance_futures lagger=gate_futures direction=SHORT_LAGGER bid_ask=-133.19 ask_bid=125.05
2026-02-27T16:19:12.560494Z  INFO lead_lag_classic signal #412: SAHARAUSDT | spread=174.78bps | dir=SHORT_LAGGER | bid_ask=-187.91bps ask_bid=174.78bps | leader=binance_futures lagger=gate_futures direction=SHORT_LAGGER bid_ask=-187.91 ask_bid=174.78
2026-02-27T16:19:12.761748Z  INFO lead_lag_classic signal #413: ATHUSDT | spread=50.25bps | dir=SHORT_LAGGER | bid_ask=-68.22bps ask_bid=50.25bps | leader=binance_futures lagger=gate_futures direction=SHORT_LAGGER bid_ask=-68.22 ask_bid=50.25
2026-02-27T16:19:12.761912Z  INFO lead_lag_classic signal #414: POWERUSDT | spread=126.78bps | dir=SHORT_LAGGER | bid_ask=-132.11bps ask_bid=126.78bps | leader=binance_futures lagger=gate_futures direction=SHORT_LAGGER bid_ask=-132.11 ask_bid=126.78
2026-02-27T16:19:12.761976Z  INFO lead_lag_classic signal #415: SAHARAUSDT | spread=174.93bps | dir=SHORT_LAGGER | bid_ask=-188.06bps ask_bid=174.93bps | leader=binance_futures lagger=gate_futures direction=SHORT_LAGGER bid_ask=-188.06 ask_bid=174.93
2026-02-27T16:19:12.870464Z  INFO lead_lag_classic signal #416: ENSOUSDT | spread=71.57bps | dir=SHORT_LAGGER | bid_ask=-83.50bps ask_bid=71.57bps | leader=binance_futures lagger=gate_futures direction=SHORT_LAGGER bid_ask=-83.50 ask_bid=71.57
2026-02-27T16:19:12.870539Z  INFO lead_lag_classic signal #417: ESPUSDT | spread=33.14bps | dir=SHORT_LAGGER | bid_ask=-42.97bps ask_bid=33.14bps | leader=binance_futures lagger=gate_futures direction=SHORT_LAGGER bid_ask=-42.97 ask_bid=33.14
2026-02-27T16:19:12.870628Z  INFO lead_lag_classic signal #418: SAHARAUSDT | spread=174.85bps | dir=SHORT_LAGGER | bid_ask=-188.06bps ask_bid=174.85bps | leader=binance_futures lagger=gate_futures direction=SHORT_LAGGER bid_ask=-188.06 ask_bid=174.85
2026-02-27T16:19:12.966667Z  INFO lead_lag_classic signal #419: ATHUSDT | spread=51.93bps | dir=SHORT_LAGGER | bid_ask=-71.55bps ask_bid=51.93bps | leader=binance_futures lagger=gate_futures direction=SHORT_LAGGER bid_ask=-71.55 ask_bid=51.93
2026-02-27T16:19:12.966773Z  INFO lead_lag_classic signal #420: ESPUSDT | spread=33.14bps | dir=SHORT_LAGGER | bid_ask=-42.97bps ask_bid=33.14bps | leader=binance_futures lagger=gate_futures direction=SHORT_LAGGER bid_ask=-42.97 ask_bid=33.14
2026-02-27T16:19:12.966879Z  INFO lead_lag_classic signal #421: POWERUSDT | spread=128.47bps | dir=SHORT_LAGGER | bid_ask=-135.52bps ask_bid=128.47bps | leader=binance_futures lagger=gate_futures direction=SHORT_LAGGER bid_ask=-135.52 ask_bid=128.47
2026-02-27T16:19:12.966942Z  INFO lead_lag_classic signal #422: SAHARAUSDT | spread=174.78bps | dir=SHORT_LAGGER | bid_ask=-187.91bps ask_bid=174.78bps | leader=binance_futures lagger=gate_futures direction=SHORT_LAGGER bid_ask=-187.91 ask_bid=174.78
2026-02-27T16:19:13.209854Z  INFO lead_lag_classic signal #423: ATHUSDT | spread=55.30bps | dir=SHORT_LAGGER | bid_ask=-74.88bps ask_bid=55.30bps | leader=binance_futures lagger=gate_futures direction=SHORT_LAGGER bid_ask=-74.88 ask_bid=55.30
2026-02-27T16:19:13.209980Z  INFO lead_lag_classic signal #424: ENSOUSDT | spread=71.57bps | dir=SHORT_LAGGER | bid_ask=-83.50bps ask_bid=71.57bps | leader=binance_futures lagger=gate_futures direction=SHORT_LAGGER bid_ask=-83.50 ask_bid=71.57
2026-02-27T16:19:13.210077Z  INFO lead_lag_classic signal #425: POWERUSDT | spread=126.74bps | dir=SHORT_LAGGER | bid_ask=-135.27bps ask_bid=126.74bps | leader=binance_futures lagger=gate_futures direction=SHORT_LAGGER bid_ask=-135.27 ask_bid=126.74
2026-02-27T16:19:13.509638Z  INFO lead_lag_classic signal #426: ATHUSDT | spread=40.23bps | dir=SHORT_LAGGER | bid_ask=-60.00bps ask_bid=40.23bps | leader=binance_futures lagger=gate_futures direction=SHORT_LAGGER bid_ask=-60.00 ask_bid=40.23
2026-02-27T16:19:13.509738Z  INFO lead_lag_classic signal #427: ENSOUSDT | spread=71.57bps | dir=SHORT_LAGGER | bid_ask=-83.50bps ask_bid=71.57bps | leader=binance_futures lagger=gate_futures direction=SHORT_LAGGER bid_ask=-83.50 ask_bid=71.57
2026-02-27T16:19:13.509834Z  INFO lead_lag_classic signal #428: POWERUSDT | spread=128.39bps | dir=SHORT_LAGGER | bid_ask=-139.30bps ask_bid=128.39bps | leader=binance_futures lagger=gate_futures direction=SHORT_LAGGER bid_ask=-139.30 ask_bid=128.39
2026-02-27T16:19:13.538101Z  INFO lead_lag_classic signal #429: ATHUSDT | spread=38.55bps | dir=SHORT_LAGGER | bid_ask=-60.00bps ask_bid=38.55bps | leader=binance_futures lagger=gate_futures direction=SHORT_LAGGER bid_ask=-60.00 ask_bid=38.55
2026-02-27T16:19:13.538231Z  INFO lead_lag_classic signal #430: POWERUSDT | spread=128.85bps | dir=SHORT_LAGGER | bid_ask=-139.30bps ask_bid=128.85bps | leader=binance_futures lagger=gate_futures direction=SHORT_LAGGER bid_ask=-139.30 ask_bid=128.85
2026-02-27T16:19:13.538287Z  INFO lead_lag_classic signal #431: SAHARAUSDT | spread=170.55bps | dir=SHORT_LAGGER | bid_ask=-183.82bps ask_bid=170.55bps | leader=binance_futures lagger=gate_futures direction=SHORT_LAGGER bid_ask=-183.82 ask_bid=170.55
2026-02-27T16:19:13.774575Z  INFO lead_lag_classic signal #432: ATHUSDT | spread=40.23bps | dir=SHORT_LAGGER | bid_ask=-60.00bps ask_bid=40.23bps | leader=binance_futures lagger=gate_futures direction=SHORT_LAGGER bid_ask=-60.00 ask_bid=40.23
2026-02-27T16:19:13.774700Z  INFO lead_lag_classic signal #433: ENSOUSDT | spread=71.57bps | dir=SHORT_LAGGER | bid_ask=-83.50bps ask_bid=71.57bps | leader=binance_futures lagger=gate_futures direction=SHORT_LAGGER bid_ask=-83.50 ask_bid=71.57
2026-02-27T16:19:13.774755Z  INFO lead_lag_classic signal #434: ESPUSDT | spread=34.67bps | dir=SHORT_LAGGER | bid_ask=-42.97bps ask_bid=34.67bps | leader=binance_futures lagger=gate_futures direction=SHORT_LAGGER bid_ask=-42.97 ask_bid=34.67
2026-02-27T16:19:13.885663Z  INFO lead_lag_classic signal #435: ATHUSDT | spread=40.23bps | dir=SHORT_LAGGER | bid_ask=-60.00bps ask_bid=40.23bps | leader=binance_futures lagger=gate_futures direction=SHORT_LAGGER bid_ask=-60.00 ask_bid=40.23
2026-02-27T16:19:13.885761Z  INFO lead_lag_classic signal #436: ENSOUSDT | spread=71.57bps | dir=SHORT_LAGGER | bid_ask=-83.50bps ask_bid=71.57bps | leader=binance_futures lagger=gate_futures direction=SHORT_LAGGER bid_ask=-83.50 ask_bid=71.57
2026-02-27T16:19:13.885863Z  INFO lead_lag_classic signal #437: POWERUSDT | spread=128.85bps | dir=SHORT_LAGGER | bid_ask=-135.67bps ask_bid=128.85bps | leader=binance_futures lagger=gate_futures direction=SHORT_LAGGER bid_ask=-135.67 ask_bid=128.85
2026-02-27T16:19:13.885960Z  INFO lead_lag_classic signal #438: SAHARAUSDT | spread=174.56bps | dir=SHORT_LAGGER | bid_ask=-183.67bps ask_bid=174.56bps | leader=binance_futures lagger=gate_futures direction=SHORT_LAGGER bid_ask=-183.67 ask_bid=174.56
2026-02-27T16:19:14.061156Z  INFO lead_lag_classic signal #439: ATHUSDT | spread=36.86bps | dir=SHORT_LAGGER | bid_ask=-55.00bps ask_bid=36.86bps | leader=binance_futures lagger=gate_futures direction=SHORT_LAGGER bid_ask=-55.00 ask_bid=36.86
2026-02-27T16:19:14.061349Z  INFO lead_lag_classic signal #440: ENSOUSDT | spread=69.44bps | dir=SHORT_LAGGER | bid_ask=-80.72bps ask_bid=69.44bps | leader=binance_futures lagger=gate_futures direction=SHORT_LAGGER bid_ask=-80.72 ask_bid=69.44
2026-02-27T16:19:14.157604Z  INFO lead_lag_classic signal #441: ATHUSDT | spread=36.86bps | dir=SHORT_LAGGER | bid_ask=-56.67bps ask_bid=36.86bps | leader=binance_futures lagger=gate_futures direction=SHORT_LAGGER bid_ask=-56.67 ask_bid=36.86
2026-02-27T16:19:14.157690Z  INFO lead_lag_classic signal #442: ENSOUSDT | spread=70.86bps | dir=SHORT_LAGGER | bid_ask=-82.11bps ask_bid=70.86bps | leader=binance_futures lagger=gate_futures direction=SHORT_LAGGER bid_ask=-82.11 ask_bid=70.86
2026-02-27T16:19:14.157748Z  INFO lead_lag_classic signal #443: ESPUSDT | spread=34.71bps | dir=SHORT_LAGGER | bid_ask=-44.54bps ask_bid=34.71bps | leader=binance_futures lagger=gate_futures direction=SHORT_LAGGER bid_ask=-44.54 ask_bid=34.71
2026-02-27T16:19:14.157848Z  INFO lead_lag_classic signal #444: POWERUSDT | spread=128.85bps | dir=SHORT_LAGGER | bid_ask=-137.55bps ask_bid=128.85bps | leader=binance_futures lagger=gate_futures direction=SHORT_LAGGER bid_ask=-137.55 ask_bid=128.85
2026-02-27T16:19:14.157915Z  INFO lead_lag_classic signal #445: SAHARAUSDT | spread=174.71bps | dir=SHORT_LAGGER | bid_ask=-187.83bps ask_bid=174.71bps | leader=binance_futures lagger=gate_futures direction=SHORT_LAGGER bid_ask=-187.83 ask_bid=174.71
2026-02-27T16:19:14.286790Z  INFO lead_lag_classic signal #446: ATHUSDT | spread=38.55bps | dir=SHORT_LAGGER | bid_ask=-58.33bps ask_bid=38.55bps | leader=binance_futures lagger=gate_futures direction=SHORT_LAGGER bid_ask=-58.33 ask_bid=38.55
2026-02-27T16:19:14.286882Z  INFO lead_lag_classic signal #447: ENSOUSDT | spread=70.86bps | dir=SHORT_LAGGER | bid_ask=-82.11bps ask_bid=70.86bps | leader=binance_futures lagger=gate_futures direction=SHORT_LAGGER bid_ask=-82.11 ask_bid=70.86
2026-02-27T16:19:14.286966Z  INFO lead_lag_classic signal #448: POWERUSDT | spread=128.85bps | dir=SHORT_LAGGER | bid_ask=-137.55bps ask_bid=128.85bps | leader=binance_futures lagger=gate_futures direction=SHORT_LAGGER bid_ask=-137.55 ask_bid=128.85
2026-02-27T16:19:14.287021Z  INFO lead_lag_classic signal #449: SAHARAUSDT | spread=174.71bps | dir=SHORT_LAGGER | bid_ask=-187.83bps ask_bid=174.71bps | leader=binance_futures lagger=gate_futures direction=SHORT_LAGGER bid_ask=-187.83 ask_bid=174.71
2026-02-27T16:19:14.355317Z  INFO lead_lag_classic signal #450: ATHUSDT | spread=38.55bps | dir=SHORT_LAGGER | bid_ask=-58.33bps ask_bid=38.55bps | leader=binance_futures lagger=gate_futures direction=SHORT_LAGGER bid_ask=-58.33 ask_bid=38.55
2026-02-27T16:19:14.355403Z  INFO lead_lag_classic signal #451: ENSOUSDT | spread=70.15bps | dir=SHORT_LAGGER | bid_ask=-81.41bps ask_bid=70.15bps | leader=binance_futures lagger=gate_futures direction=SHORT_LAGGER bid_ask=-81.41 ask_bid=70.15
2026-02-27T16:19:14.355448Z  INFO lead_lag_classic signal #452: ESPUSDT | spread=37.04bps | dir=SHORT_LAGGER | bid_ask=-44.56bps ask_bid=37.04bps | leader=binance_futures lagger=gate_futures direction=SHORT_LAGGER bid_ask=-44.56 ask_bid=37.04
2026-02-27T16:19:14.355516Z  INFO lead_lag_classic signal #453: SAHARAUSDT | spread=174.71bps | dir=SHORT_LAGGER | bid_ask=-187.83bps ask_bid=174.71bps | leader=binance_futures lagger=gate_futures direction=SHORT_LAGGER bid_ask=-187.83 ask_bid=174.71
2026-02-27T16:19:14.559385Z  INFO lead_lag_classic signal #454: ATHUSDT | spread=35.18bps | dir=SHORT_LAGGER | bid_ask=-55.00bps ask_bid=35.18bps | leader=binance_futures lagger=gate_futures direction=SHORT_LAGGER bid_ask=-55.00 ask_bid=35.18
2026-02-27T16:19:14.559489Z  INFO lead_lag_classic signal #455: ENSOUSDT | spread=68.01bps | dir=SHORT_LAGGER | bid_ask=-86.19bps ask_bid=68.01bps | leader=binance_futures lagger=gate_futures direction=SHORT_LAGGER bid_ask=-86.19 ask_bid=68.01
2026-02-27T16:19:14.559570Z  INFO lead_lag_classic signal #456: POWERUSDT | spread=132.17bps | dir=SHORT_LAGGER | bid_ask=-138.65bps ask_bid=132.17bps | leader=binance_futures lagger=gate_futures direction=SHORT_LAGGER bid_ask=-138.65 ask_bid=132.17
2026-02-27T16:19:14.559625Z  INFO lead_lag_classic signal #457: SAHARAUSDT | spread=174.78bps | dir=SHORT_LAGGER | bid_ask=-187.91bps ask_bid=174.78bps | leader=binance_futures lagger=gate_futures direction=SHORT_LAGGER bid_ask=-187.91 ask_bid=174.78
2026-02-27T16:19:14.666024Z  INFO lead_lag_classic signal #458: ATHUSDT | spread=35.18bps | dir=SHORT_LAGGER | bid_ask=-55.00bps ask_bid=35.18bps | leader=binance_futures lagger=gate_futures direction=SHORT_LAGGER bid_ask=-55.00 ask_bid=35.18
2026-02-27T16:19:14.666128Z  INFO lead_lag_classic signal #459: POWERUSDT | spread=129.47bps | dir=SHORT_LAGGER | bid_ask=-136.67bps ask_bid=129.47bps | leader=binance_futures lagger=gate_futures direction=SHORT_LAGGER bid_ask=-136.67 ask_bid=129.47
2026-02-27T16:19:14.666178Z  INFO lead_lag_classic signal #460: SAHARAUSDT | spread=174.78bps | dir=SHORT_LAGGER | bid_ask=-187.91bps ask_bid=174.78bps | leader=binance_futures lagger=gate_futures direction=SHORT_LAGGER bid_ask=-187.91 ask_bid=174.78
2026-02-27T16:19:14.922100Z  INFO lead_lag_classic signal #461: ATHUSDT | spread=33.50bps | dir=SHORT_LAGGER | bid_ask=-55.00bps ask_bid=33.50bps | leader=binance_futures lagger=gate_futures direction=SHORT_LAGGER bid_ask=-55.00 ask_bid=33.50
2026-02-27T16:19:14.922202Z  INFO lead_lag_classic signal #462: ENSOUSDT | spread=72.20bps | dir=SHORT_LAGGER | bid_ask=-84.11bps ask_bid=72.20bps | leader=binance_futures lagger=gate_futures direction=SHORT_LAGGER bid_ask=-84.11 ask_bid=72.20
2026-02-27T16:19:14.972765Z  INFO lead_lag_classic signal #463: ATHUSDT | spread=33.50bps | dir=SHORT_LAGGER | bid_ask=-55.00bps ask_bid=33.50bps | leader=binance_futures lagger=gate_futures direction=SHORT_LAGGER bid_ask=-55.00 ask_bid=33.50
2026-02-27T16:19:14.972858Z  INFO lead_lag_classic signal #464: ENSOUSDT | spread=72.20bps | dir=SHORT_LAGGER | bid_ask=-84.11bps ask_bid=72.20bps | leader=binance_futures lagger=gate_futures direction=SHORT_LAGGER bid_ask=-84.11 ask_bid=72.20
2026-02-27T16:19:14.972939Z  INFO lead_lag_classic signal #465: POWERUSDT | spread=133.19bps | dir=SHORT_LAGGER | bid_ask=-137.41bps ask_bid=133.19bps | leader=binance_futures lagger=gate_futures direction=SHORT_LAGGER bid_ask=-137.41 ask_bid=133.19
2026-02-27T16:19:14.972991Z  INFO lead_lag_classic signal #466: SAHARAUSDT | spread=179.02bps | dir=SHORT_LAGGER | bid_ask=-187.99bps ask_bid=179.02bps | leader=binance_futures lagger=gate_futures direction=SHORT_LAGGER bid_ask=-187.99 ask_bid=179.02
2026-02-27T16:19:15.072479Z  INFO lead_lag_classic signal #467: ATHUSDT | spread=35.18bps | dir=SHORT_LAGGER | bid_ask=-56.67bps ask_bid=35.18bps | leader=binance_futures lagger=gate_futures direction=SHORT_LAGGER bid_ask=-56.67 ask_bid=35.18
2026-02-27T16:19:15.072569Z  INFO lead_lag_classic signal #468: ENSOUSDT | spread=71.49bps | dir=SHORT_LAGGER | bid_ask=-83.41bps ask_bid=71.49bps | leader=binance_futures lagger=gate_futures direction=SHORT_LAGGER bid_ask=-83.41 ask_bid=71.49
2026-02-27T16:19:15.072613Z  INFO lead_lag_classic signal #469: ESPUSDT | spread=36.27bps | dir=SHORT_LAGGER | bid_ask=-42.26bps ask_bid=36.27bps | leader=binance_futures lagger=gate_futures direction=SHORT_LAGGER bid_ask=-42.26 ask_bid=36.27
2026-02-27T16:19:15.072699Z  INFO lead_lag_classic signal #470: SAHARAUSDT | spread=179.02bps | dir=SHORT_LAGGER | bid_ask=-187.99bps ask_bid=179.02bps | leader=binance_futures lagger=gate_futures direction=SHORT_LAGGER bid_ask=-187.99 ask_bid=179.02
2026-02-27T16:19:15.145290Z  INFO lead_lag_classic signal #471: POWERUSDT | spread=133.44bps | dir=SHORT_LAGGER | bid_ask=-140.41bps ask_bid=133.44bps | leader=binance_futures lagger=gate_futures direction=SHORT_LAGGER bid_ask=-140.41 ask_bid=133.44
2026-02-27T16:19:15.406653Z  INFO lead_lag_classic signal #472: ENSOUSDT | spread=72.89bps | dir=SHORT_LAGGER | bid_ask=-87.54bps ask_bid=72.89bps | leader=binance_futures lagger=gate_futures direction=SHORT_LAGGER bid_ask=-87.54 ask_bid=72.89
2026-02-27T16:19:15.406741Z  INFO lead_lag_classic signal #473: ESPUSDT | spread=33.19bps | dir=SHORT_LAGGER | bid_ask=-41.51bps ask_bid=33.19bps | leader=binance_futures lagger=gate_futures direction=SHORT_LAGGER bid_ask=-41.51 ask_bid=33.19
2026-02-27T16:19:15.406850Z  INFO lead_lag_classic signal #474: POWERUSDT | spread=131.23bps | dir=SHORT_LAGGER | bid_ask=-136.55bps ask_bid=131.23bps | leader=binance_futures lagger=gate_futures direction=SHORT_LAGGER bid_ask=-136.55 ask_bid=131.23
2026-02-27T16:19:15.406910Z  INFO lead_lag_classic signal #475: SAHARAUSDT | spread=174.35bps | dir=SHORT_LAGGER | bid_ask=-179.45bps ask_bid=174.35bps | leader=binance_futures lagger=gate_futures direction=SHORT_LAGGER bid_ask=-179.45 ask_bid=174.35
2026-02-27T16:19:15.784734Z  INFO lead_lag_classic signal #476: ATHUSDT | spread=35.18bps | dir=SHORT_LAGGER | bid_ask=-56.67bps ask_bid=35.18bps | leader=binance_futures lagger=gate_futures direction=SHORT_LAGGER bid_ask=-56.67 ask_bid=35.18
2026-02-27T16:19:15.784839Z  INFO lead_lag_classic signal #477: ESPUSDT | spread=37.83bps | dir=SHORT_LAGGER | bid_ask=-39.99bps ask_bid=37.83bps | leader=binance_futures lagger=gate_futures direction=SHORT_LAGGER bid_ask=-39.99 ask_bid=37.83
2026-02-27T16:19:15.784928Z  INFO lead_lag_classic signal #478: POWERUSDT | spread=128.29bps | dir=SHORT_LAGGER | bid_ask=-134.70bps ask_bid=128.29bps | leader=binance_futures lagger=gate_futures direction=SHORT_LAGGER bid_ask=-134.70 ask_bid=128.29
2026-02-27T16:19:15.784985Z  INFO lead_lag_classic signal #479: SAHARAUSDT | spread=174.35bps | dir=SHORT_LAGGER | bid_ask=-183.45bps ask_bid=174.35bps | leader=binance_futures lagger=gate_futures direction=SHORT_LAGGER bid_ask=-183.45 ask_bid=174.35
2026-02-27T16:19:15.889014Z  INFO lead_lag_classic signal #480: ATHUSDT | spread=35.18bps | dir=SHORT_LAGGER | bid_ask=-56.67bps ask_bid=35.18bps | leader=binance_futures lagger=gate_futures direction=SHORT_LAGGER bid_ask=-56.67 ask_bid=35.18
2026-02-27T16:19:15.889158Z  INFO lead_lag_classic signal #481: POWERUSDT | spread=127.38bps | dir=SHORT_LAGGER | bid_ask=-132.74bps ask_bid=127.38bps | leader=binance_futures lagger=gate_futures direction=SHORT_LAGGER bid_ask=-132.74 ask_bid=127.38
2026-02-27T16:19:15.889208Z  INFO lead_lag_classic signal #482: SAHARAUSDT | spread=182.65bps | dir=SHORT_LAGGER | bid_ask=-195.44bps ask_bid=182.65bps | leader=binance_futures lagger=gate_futures direction=SHORT_LAGGER bid_ask=-195.44 ask_bid=182.65
2026-02-27T16:19:15.962905Z  INFO lead_lag_classic signal #483: ENSOUSDT | spread=72.18bps | dir=SHORT_LAGGER | bid_ask=-88.23bps ask_bid=72.18bps | leader=binance_futures lagger=gate_futures direction=SHORT_LAGGER bid_ask=-88.23 ask_bid=72.18
2026-02-27T16:19:15.962978Z  INFO lead_lag_classic signal #484: ESPUSDT | spread=35.52bps | dir=SHORT_LAGGER | bid_ask=-43.82bps ask_bid=35.52bps | leader=binance_futures lagger=gate_futures direction=SHORT_LAGGER bid_ask=-43.82 ask_bid=35.52
2026-02-27T16:19:15.963064Z  INFO lead_lag_classic signal #485: POWERUSDT | spread=126.08bps | dir=SHORT_LAGGER | bid_ask=-132.36bps ask_bid=126.08bps | leader=binance_futures lagger=gate_futures direction=SHORT_LAGGER bid_ask=-132.36 ask_bid=126.08
2026-02-27T16:19:16.157506Z  INFO lead_lag_classic signal #486: BULLAUSDT | spread=44.87bps | dir=LONG_LAGGER | bid_ask=44.87bps ask_bid=-114.80bps | leader=binance_futures lagger=gate_futures direction=LONG_LAGGER bid_ask=44.87 ask_bid=-114.80
2026-02-27T16:19:16.157593Z  INFO lead_lag_classic signal #487: ENSOUSDT | spread=72.18bps | dir=SHORT_LAGGER | bid_ask=-88.23bps ask_bid=72.18bps | leader=binance_futures lagger=gate_futures direction=SHORT_LAGGER bid_ask=-88.23 ask_bid=72.18
2026-02-27T16:19:16.157648Z  INFO lead_lag_classic signal #488: ESPUSDT | spread=35.52bps | dir=SHORT_LAGGER | bid_ask=-43.82bps ask_bid=35.52bps | leader=binance_futures lagger=gate_futures direction=SHORT_LAGGER bid_ask=-43.82 ask_bid=35.52
2026-02-27T16:19:16.157739Z  INFO lead_lag_classic signal #489: POWERUSDT | spread=128.29bps | dir=SHORT_LAGGER | bid_ask=-133.88bps ask_bid=128.29bps | leader=binance_futures lagger=gate_futures direction=SHORT_LAGGER bid_ask=-133.88 ask_bid=128.29
2026-02-27T16:19:16.157801Z  INFO lead_lag_classic signal #490: SAHARAUSDT | spread=174.35bps | dir=SHORT_LAGGER | bid_ask=-187.45bps ask_bid=174.35bps | leader=binance_futures lagger=gate_futures direction=SHORT_LAGGER bid_ask=-187.45 ask_bid=174.35
2026-02-27T16:19:16.158788Z  INFO Status: tickers=15861 (+2896/5s) signals=490 drift=[n=2896 avg=29ms p50=23ms p95=77ms p99=130ms max=202ms]
2026-02-27T16:19:16.248007Z  INFO lead_lag_classic signal #491: ENSOUSDT | spread=70.77bps | dir=SHORT_LAGGER | bid_ask=-86.84bps ask_bid=70.77bps | leader=binance_futures lagger=gate_futures direction=SHORT_LAGGER bid_ask=-86.84 ask_bid=70.77
2026-02-27T16:19:16.248114Z  INFO lead_lag_classic signal #492: POWERUSDT | spread=130.25bps | dir=SHORT_LAGGER | bid_ask=-135.86bps ask_bid=130.25bps | leader=binance_futures lagger=gate_futures direction=SHORT_LAGGER bid_ask=-135.86 ask_bid=130.25
2026-02-27T16:19:16.248173Z  INFO lead_lag_classic signal #493: SAHARAUSDT | spread=178.50bps | dir=SHORT_LAGGER | bid_ask=-187.45bps ask_bid=178.50bps | leader=binance_futures lagger=gate_futures direction=SHORT_LAGGER bid_ask=-187.45 ask_bid=178.50
2026-02-27T16:19:16.399967Z  INFO lead_lag_classic signal #494: ATHUSDT | spread=46.96bps | dir=SHORT_LAGGER | bid_ask=-70.00bps ask_bid=46.96bps | leader=binance_futures lagger=gate_futures direction=SHORT_LAGGER bid_ask=-70.00 ask_bid=46.96
2026-02-27T16:19:16.400054Z  INFO lead_lag_classic signal #495: BULLAUSDT | spread=44.87bps | dir=LONG_LAGGER | bid_ask=44.87bps ask_bid=-114.80bps | leader=binance_futures lagger=gate_futures direction=LONG_LAGGER bid_ask=44.87 ask_bid=-114.80
2026-02-27T16:19:16.400104Z  INFO lead_lag_classic signal #496: ENSOUSDT | spread=72.89bps | dir=SHORT_LAGGER | bid_ask=-87.54bps ask_bid=72.89bps | leader=binance_futures lagger=gate_futures direction=SHORT_LAGGER bid_ask=-87.54 ask_bid=72.89
2026-02-27T16:19:16.400142Z  INFO lead_lag_classic signal #497: ESPUSDT | spread=35.52bps | dir=SHORT_LAGGER | bid_ask=-43.82bps ask_bid=35.52bps | leader=binance_futures lagger=gate_futures direction=SHORT_LAGGER bid_ask=-43.82 ask_bid=35.52
2026-02-27T16:19:16.400291Z  INFO lead_lag_classic signal #498: POWERUSDT | spread=139.77bps | dir=SHORT_LAGGER | bid_ask=-145.00bps ask_bid=139.77bps | leader=binance_futures lagger=gate_futures direction=SHORT_LAGGER bid_ask=-145.00 ask_bid=139.77
2026-02-27T16:19:16.400341Z  INFO lead_lag_classic signal #499: SAHARAUSDT | spread=178.50bps | dir=SHORT_LAGGER | bid_ask=-187.45bps ask_bid=178.50bps | leader=binance_futures lagger=gate_futures direction=SHORT_LAGGER bid_ask=-187.45 ask_bid=178.50
2026-02-27T16:19:16.480639Z  INFO lead_lag_classic signal #500: ATHUSDT | spread=45.28bps | dir=SHORT_LAGGER | bid_ask=-68.33bps ask_bid=45.28bps | leader=binance_futures lagger=gate_futures direction=SHORT_LAGGER bid_ask=-68.33 ask_bid=45.28
2026-02-27T16:19:16.480729Z  INFO lead_lag_classic signal #501: ENSOUSDT | spread=73.59bps | dir=SHORT_LAGGER | bid_ask=-88.23bps ask_bid=73.59bps | leader=binance_futures lagger=gate_futures direction=SHORT_LAGGER bid_ask=-88.23 ask_bid=73.59
2026-02-27T16:19:16.480821Z  INFO lead_lag_classic signal #502: POWERUSDT | spread=124.33bps | dir=SHORT_LAGGER | bid_ask=-132.60bps ask_bid=124.33bps | leader=binance_futures lagger=gate_futures direction=SHORT_LAGGER bid_ask=-132.60 ask_bid=124.33
2026-02-27T16:19:16.480870Z  INFO lead_lag_classic signal #503: SAHARAUSDT | spread=182.72bps | dir=SHORT_LAGGER | bid_ask=-195.52bps ask_bid=182.72bps | leader=binance_futures lagger=gate_futures direction=SHORT_LAGGER bid_ask=-195.52 ask_bid=182.72
2026-02-27T16:19:16.565943Z  INFO lead_lag_classic signal #504: ATHUSDT | spread=45.28bps | dir=SHORT_LAGGER | bid_ask=-68.33bps ask_bid=45.28bps | leader=binance_futures lagger=gate_futures direction=SHORT_LAGGER bid_ask=-68.33 ask_bid=45.28
2026-02-27T16:19:16.566170Z  INFO lead_lag_classic signal #505: ENSOUSDT | spread=73.59bps | dir=SHORT_LAGGER | bid_ask=-88.23bps ask_bid=73.59bps | leader=binance_futures lagger=gate_futures direction=SHORT_LAGGER bid_ask=-88.23 ask_bid=73.59
2026-02-27T16:19:16.566298Z  INFO lead_lag_classic signal #506: POWERUSDT | spread=127.35bps | dir=SHORT_LAGGER | bid_ask=-135.80bps ask_bid=127.35bps | leader=binance_futures lagger=gate_futures direction=SHORT_LAGGER bid_ask=-135.80 ask_bid=127.35
2026-02-27T16:19:16.775685Z  INFO lead_lag_classic signal #507: BULLAUSDT | spread=44.87bps | dir=LONG_LAGGER | bid_ask=44.87bps ask_bid=-114.80bps | leader=binance_futures lagger=gate_futures direction=LONG_LAGGER bid_ask=44.87 ask_bid=-114.80
2026-02-27T16:19:16.775785Z  INFO lead_lag_classic signal #508: ENSOUSDT | spread=73.59bps | dir=SHORT_LAGGER | bid_ask=-88.23bps ask_bid=73.59bps | leader=binance_futures lagger=gate_futures direction=SHORT_LAGGER bid_ask=-88.23 ask_bid=73.59
2026-02-27T16:19:16.775826Z  INFO lead_lag_classic signal #509: ESPUSDT | spread=37.06bps | dir=SHORT_LAGGER | bid_ask=-44.58bps ask_bid=37.06bps | leader=binance_futures lagger=gate_futures direction=SHORT_LAGGER bid_ask=-44.58 ask_bid=37.06
2026-02-27T16:19:16.775940Z  INFO lead_lag_classic signal #510: POWERUSDT | spread=123.48bps | dir=SHORT_LAGGER | bid_ask=-131.91bps ask_bid=123.48bps | leader=binance_futures lagger=gate_futures direction=SHORT_LAGGER bid_ask=-131.91 ask_bid=123.48
2026-02-27T16:19:16.775999Z  INFO lead_lag_classic signal #511: SAHARAUSDT | spread=182.65bps | dir=SHORT_LAGGER | bid_ask=-191.45bps ask_bid=182.65bps | leader=binance_futures lagger=gate_futures direction=SHORT_LAGGER bid_ask=-191.45 ask_bid=182.65
2026-02-27T16:19:16.852703Z  INFO lead_lag_classic signal #512: POWERUSDT | spread=122.57bps | dir=SHORT_LAGGER | bid_ask=-130.71bps ask_bid=122.57bps | leader=binance_futures lagger=gate_futures direction=SHORT_LAGGER bid_ask=-130.71 ask_bid=122.57
2026-02-27T16:19:16.852786Z  INFO lead_lag_classic signal #513: SAHARAUSDT | spread=182.65bps | dir=SHORT_LAGGER | bid_ask=-191.45bps ask_bid=182.65bps | leader=binance_futures lagger=gate_futures direction=SHORT_LAGGER bid_ask=-191.45 ask_bid=182.65
2026-02-27T16:19:16.956267Z  INFO lead_lag_classic signal #514: ATHUSDT | spread=48.65bps | dir=SHORT_LAGGER | bid_ask=-68.33bps ask_bid=48.65bps | leader=binance_futures lagger=gate_futures direction=SHORT_LAGGER bid_ask=-68.33 ask_bid=48.65
2026-02-27T16:19:16.956420Z  INFO lead_lag_classic signal #515: POWERUSDT | spread=129.66bps | dir=SHORT_LAGGER | bid_ask=-136.98bps ask_bid=129.66bps | leader=binance_futures lagger=gate_futures direction=SHORT_LAGGER bid_ask=-136.98 ask_bid=129.66
2026-02-27T16:19:17.071901Z  INFO lead_lag_classic signal #516: ATHUSDT | spread=48.65bps | dir=SHORT_LAGGER | bid_ask=-68.33bps ask_bid=48.65bps | leader=binance_futures lagger=gate_futures direction=SHORT_LAGGER bid_ask=-68.33 ask_bid=48.65
2026-02-27T16:19:17.072054Z  INFO lead_lag_classic signal #517: POWERUSDT | spread=129.20bps | dir=SHORT_LAGGER | bid_ask=-136.72bps ask_bid=129.20bps | leader=binance_futures lagger=gate_futures direction=SHORT_LAGGER bid_ask=-136.72 ask_bid=129.20
2026-02-27T16:19:17.072130Z  INFO lead_lag_classic signal #518: SAHARAUSDT | spread=182.65bps | dir=SHORT_LAGGER | bid_ask=-191.45bps ask_bid=182.65bps | leader=binance_futures lagger=gate_futures direction=SHORT_LAGGER bid_ask=-191.45 ask_bid=182.65
2026-02-27T16:19:17.154586Z  INFO lead_lag_classic signal #519: ENSOUSDT | spread=73.59bps | dir=SHORT_LAGGER | bid_ask=-88.23bps ask_bid=73.59bps | leader=binance_futures lagger=gate_futures direction=SHORT_LAGGER bid_ask=-88.23 ask_bid=73.59
2026-02-27T16:19:17.154664Z  INFO lead_lag_classic signal #520: ESPUSDT | spread=37.05bps | dir=SHORT_LAGGER | bid_ask=-46.11bps ask_bid=37.05bps | leader=binance_futures lagger=gate_futures direction=SHORT_LAGGER bid_ask=-46.11 ask_bid=37.05
2026-02-27T16:19:17.154763Z  INFO lead_lag_classic signal #521: SAHARAUSDT | spread=182.65bps | dir=SHORT_LAGGER | bid_ask=-195.52bps ask_bid=182.65bps | leader=binance_futures lagger=gate_futures direction=SHORT_LAGGER bid_ask=-195.52 ask_bid=182.65
2026-02-27T16:19:17.310182Z  INFO lead_lag_classic signal #522: ENSOUSDT | spread=73.59bps | dir=SHORT_LAGGER | bid_ask=-88.23bps ask_bid=73.59bps | leader=binance_futures lagger=gate_futures direction=SHORT_LAGGER bid_ask=-88.23 ask_bid=73.59
2026-02-27T16:19:17.310312Z  INFO lead_lag_classic signal #523: POWERUSDT | spread=128.61bps | dir=SHORT_LAGGER | bid_ask=-135.20bps ask_bid=128.61bps | leader=binance_futures lagger=gate_futures direction=SHORT_LAGGER bid_ask=-135.20 ask_bid=128.61
2026-02-27T16:19:17.310360Z  INFO lead_lag_classic signal #524: SAHARAUSDT | spread=182.80bps | dir=SHORT_LAGGER | bid_ask=-191.60bps ask_bid=182.80bps | leader=binance_futures lagger=gate_futures direction=SHORT_LAGGER bid_ask=-191.60 ask_bid=182.80
2026-02-27T16:19:17.415250Z  INFO lead_lag_classic signal #525: ATHUSDT | spread=48.65bps | dir=SHORT_LAGGER | bid_ask=-68.33bps ask_bid=48.65bps | leader=binance_futures lagger=gate_futures direction=SHORT_LAGGER bid_ask=-68.33 ask_bid=48.65
2026-02-27T16:19:17.415397Z  INFO lead_lag_classic signal #526: POWERUSDT | spread=128.61bps | dir=SHORT_LAGGER | bid_ask=-135.20bps ask_bid=128.61bps | leader=binance_futures lagger=gate_futures direction=SHORT_LAGGER bid_ask=-135.20 ask_bid=128.61
2026-02-27T16:19:17.496525Z  INFO lead_lag_classic signal #527: ATHUSDT | spread=45.28bps | dir=SHORT_LAGGER | bid_ask=-68.33bps ask_bid=45.28bps | leader=binance_futures lagger=gate_futures direction=SHORT_LAGGER bid_ask=-68.33 ask_bid=45.28
2026-02-27T16:19:17.496605Z  INFO lead_lag_classic signal #528: ENSOUSDT | spread=71.47bps | dir=SHORT_LAGGER | bid_ask=-86.14bps ask_bid=71.47bps | leader=binance_futures lagger=gate_futures direction=SHORT_LAGGER bid_ask=-86.14 ask_bid=71.47
2026-02-27T16:19:17.496699Z  INFO lead_lag_classic signal #529: POWERUSDT | spread=133.83bps | dir=SHORT_LAGGER | bid_ask=-140.98bps ask_bid=133.83bps | leader=binance_futures lagger=gate_futures direction=SHORT_LAGGER bid_ask=-140.98 ask_bid=133.83
2026-02-27T16:19:17.496749Z  INFO lead_lag_classic signal #530: SAHARAUSDT | spread=187.03bps | dir=SHORT_LAGGER | bid_ask=-191.68bps ask_bid=187.03bps | leader=binance_futures lagger=gate_futures direction=SHORT_LAGGER bid_ask=-191.68 ask_bid=187.03
2026-02-27T16:19:17.610898Z  INFO lead_lag_classic signal #531: ATHUSDT | spread=45.28bps | dir=SHORT_LAGGER | bid_ask=-68.33bps ask_bid=45.28bps | leader=binance_futures lagger=gate_futures direction=SHORT_LAGGER bid_ask=-68.33 ask_bid=45.28
2026-02-27T16:19:17.610983Z  INFO lead_lag_classic signal #532: ESPUSDT | spread=37.05bps | dir=SHORT_LAGGER | bid_ask=-45.34bps ask_bid=37.05bps | leader=binance_futures lagger=gate_futures direction=SHORT_LAGGER bid_ask=-45.34 ask_bid=37.05
2026-02-27T16:19:17.611049Z  INFO lead_lag_classic signal #533: POWERUSDT | spread=132.26bps | dir=SHORT_LAGGER | bid_ask=-138.75bps ask_bid=132.26bps | leader=binance_futures lagger=gate_futures direction=SHORT_LAGGER bid_ask=-138.75 ask_bid=132.26
2026-02-27T16:19:17.611091Z  INFO lead_lag_classic signal #534: SAHARAUSDT | spread=187.03bps | dir=SHORT_LAGGER | bid_ask=-195.68bps ask_bid=187.03bps | leader=binance_futures lagger=gate_futures direction=SHORT_LAGGER bid_ask=-195.68 ask_bid=187.03
2026-02-27T16:19:17.698965Z  INFO lead_lag_classic signal #535: BULLAUSDT | spread=44.87bps | dir=LONG_LAGGER | bid_ask=44.87bps ask_bid=-114.80bps | leader=binance_futures lagger=gate_futures direction=LONG_LAGGER bid_ask=44.87 ask_bid=-114.80
2026-02-27T16:19:17.699058Z  INFO lead_lag_classic signal #536: POWERUSDT | spread=131.74bps | dir=SHORT_LAGGER | bid_ask=-137.61bps ask_bid=131.74bps | leader=binance_futures lagger=gate_futures direction=SHORT_LAGGER bid_ask=-137.61 ask_bid=131.74
2026-02-27T16:19:17.699114Z  INFO lead_lag_classic signal #537: SAHARAUSDT | spread=191.27bps | dir=SHORT_LAGGER | bid_ask=-199.76bps ask_bid=191.27bps | leader=binance_futures lagger=gate_futures direction=SHORT_LAGGER bid_ask=-199.76 ask_bid=191.27
2026-02-27T16:19:17.775042Z  INFO lead_lag_classic signal #538: POWERUSDT | spread=130.55bps | dir=SHORT_LAGGER | bid_ask=-135.83bps ask_bid=130.55bps | leader=binance_futures lagger=gate_futures direction=SHORT_LAGGER bid_ask=-135.83 ask_bid=130.55
2026-02-27T16:19:17.775133Z  INFO lead_lag_classic signal #539: SAHARAUSDT | spread=182.95bps | dir=SHORT_LAGGER | bid_ask=-191.76bps ask_bid=182.95bps | leader=binance_futures lagger=gate_futures direction=SHORT_LAGGER bid_ask=-191.76 ask_bid=182.95
2026-02-27T16:19:17.960125Z  INFO lead_lag_classic signal #540: ATHUSDT | spread=46.96bps | dir=SHORT_LAGGER | bid_ask=-66.67bps ask_bid=46.96bps | leader=binance_futures lagger=gate_futures direction=SHORT_LAGGER bid_ask=-66.67 ask_bid=46.96
2026-02-27T16:19:17.960290Z  INFO lead_lag_classic signal #541: POWERUSDT | spread=128.45bps | dir=SHORT_LAGGER | bid_ask=-135.68bps ask_bid=128.45bps | leader=binance_futures lagger=gate_futures direction=SHORT_LAGGER bid_ask=-135.68 ask_bid=128.45
2026-02-27T16:19:17.960344Z  INFO lead_lag_classic signal #542: SAHARAUSDT | spread=178.65bps | dir=SHORT_LAGGER | bid_ask=-191.60bps ask_bid=178.65bps | leader=binance_futures lagger=gate_futures direction=SHORT_LAGGER bid_ask=-191.60 ask_bid=178.65
2026-02-27T16:19:18.100402Z  INFO lead_lag_classic signal #543: ATHUSDT | spread=45.28bps | dir=SHORT_LAGGER | bid_ask=-66.67bps ask_bid=45.28bps | leader=binance_futures lagger=gate_futures direction=SHORT_LAGGER bid_ask=-66.67 ask_bid=45.28
2026-02-27T16:19:18.100492Z  INFO lead_lag_classic signal #544: ENSOUSDT | spread=71.47bps | dir=SHORT_LAGGER | bid_ask=-86.14bps ask_bid=71.47bps | leader=binance_futures lagger=gate_futures direction=SHORT_LAGGER bid_ask=-86.14 ask_bid=71.47
2026-02-27T16:19:18.100590Z  INFO lead_lag_classic signal #545: POWERUSDT | spread=130.21bps | dir=SHORT_LAGGER | bid_ask=-136.88bps ask_bid=130.21bps | leader=binance_futures lagger=gate_futures direction=SHORT_LAGGER bid_ask=-136.88 ask_bid=130.21
2026-02-27T16:19:18.100653Z  INFO lead_lag_classic signal #546: SAHARAUSDT | spread=178.65bps | dir=SHORT_LAGGER | bid_ask=-191.60bps ask_bid=178.65bps | leader=binance_futures lagger=gate_futures direction=SHORT_LAGGER bid_ask=-191.60 ask_bid=178.65
2026-02-27T16:19:18.150028Z  INFO lead_lag_classic signal #547: ATHUSDT | spread=45.28bps | dir=SHORT_LAGGER | bid_ask=-66.67bps ask_bid=45.28bps | leader=binance_futures lagger=gate_futures direction=SHORT_LAGGER bid_ask=-66.67 ask_bid=45.28
2026-02-27T16:19:18.150109Z  INFO lead_lag_classic signal #548: ENSOUSDT | spread=71.47bps | dir=SHORT_LAGGER | bid_ask=-86.14bps ask_bid=71.47bps | leader=binance_futures lagger=gate_futures direction=SHORT_LAGGER bid_ask=-86.14 ask_bid=71.47
2026-02-27T16:19:18.150162Z  INFO lead_lag_classic signal #549: POWERUSDT | spread=130.28bps | dir=SHORT_LAGGER | bid_ask=-136.88bps ask_bid=130.28bps | leader=binance_futures lagger=gate_futures direction=SHORT_LAGGER bid_ask=-136.88 ask_bid=130.28
2026-02-27T16:19:18.150205Z  INFO lead_lag_classic signal #550: SAHARAUSDT | spread=178.65bps | dir=SHORT_LAGGER | bid_ask=-191.60bps ask_bid=178.65bps | leader=binance_futures lagger=gate_futures direction=SHORT_LAGGER bid_ask=-191.60 ask_bid=178.65
2026-02-27T16:19:18.258288Z  INFO lead_lag_classic signal #551: ENSOUSDT | spread=72.87bps | dir=SHORT_LAGGER | bid_ask=-86.14bps ask_bid=72.87bps | leader=binance_futures lagger=gate_futures direction=SHORT_LAGGER bid_ask=-86.14 ask_bid=72.87
2026-02-27T16:19:18.258408Z  INFO lead_lag_classic signal #552: POWERUSDT | spread=126.79bps | dir=SHORT_LAGGER | bid_ask=-138.09bps ask_bid=126.79bps | leader=binance_futures lagger=gate_futures direction=SHORT_LAGGER bid_ask=-138.09 ask_bid=126.79
2026-02-27T16:19:18.258467Z  INFO lead_lag_classic signal #553: SAHARAUSDT | spread=178.65bps | dir=SHORT_LAGGER | bid_ask=-191.60bps ask_bid=178.65bps | leader=binance_futures lagger=gate_futures direction=SHORT_LAGGER bid_ask=-191.60 ask_bid=178.65
2026-02-27T16:19:18.626701Z  INFO lead_lag_classic signal #554: ATHUSDT | spread=46.96bps | dir=SHORT_LAGGER | bid_ask=-70.00bps ask_bid=46.96bps | leader=binance_futures lagger=gate_futures direction=SHORT_LAGGER bid_ask=-70.00 ask_bid=46.96
2026-02-27T16:19:18.626836Z  INFO lead_lag_classic signal #555: ESPUSDT | spread=37.04bps | dir=SHORT_LAGGER | bid_ask=-43.03bps ask_bid=37.04bps | leader=binance_futures lagger=gate_futures direction=SHORT_LAGGER bid_ask=-43.03 ask_bid=37.04
2026-02-27T16:19:18.626967Z  INFO lead_lag_classic signal #556: POWERUSDT | spread=131.46bps | dir=SHORT_LAGGER | bid_ask=-138.49bps ask_bid=131.46bps | leader=binance_futures lagger=gate_futures direction=SHORT_LAGGER bid_ask=-138.49 ask_bid=131.46
2026-02-27T16:19:18.627035Z  INFO lead_lag_classic signal #557: SAHARAUSDT | spread=182.80bps | dir=SHORT_LAGGER | bid_ask=-195.60bps ask_bid=182.80bps | leader=binance_futures lagger=gate_futures direction=SHORT_LAGGER bid_ask=-195.60 ask_bid=182.80
2026-02-27T16:19:18.781312Z  INFO lead_lag_classic signal #558: ATHUSDT | spread=48.65bps | dir=SHORT_LAGGER | bid_ask=-70.00bps ask_bid=48.65bps | leader=binance_futures lagger=gate_futures direction=SHORT_LAGGER bid_ask=-70.00 ask_bid=48.65
2026-02-27T16:19:18.781407Z  INFO lead_lag_classic signal #559: ENSOUSDT | spread=74.27bps | dir=SHORT_LAGGER | bid_ask=-88.89bps ask_bid=74.27bps | leader=binance_futures lagger=gate_futures direction=SHORT_LAGGER bid_ask=-88.89 ask_bid=74.27
2026-02-27T16:19:18.958600Z  INFO lead_lag_classic signal #560: ATHUSDT | spread=50.34bps | dir=SHORT_LAGGER | bid_ask=-70.00bps ask_bid=50.34bps | leader=binance_futures lagger=gate_futures direction=SHORT_LAGGER bid_ask=-70.00 ask_bid=50.34
2026-02-27T16:19:18.958687Z  INFO lead_lag_classic signal #561: ENSOUSDT | spread=74.27bps | dir=SHORT_LAGGER | bid_ask=-88.89bps ask_bid=74.27bps | leader=binance_futures lagger=gate_futures direction=SHORT_LAGGER bid_ask=-88.89 ask_bid=74.27
2026-02-27T16:19:18.958775Z  INFO lead_lag_classic signal #562: POWERUSDT | spread=129.50bps | dir=SHORT_LAGGER | bid_ask=-138.61bps ask_bid=129.50bps | leader=binance_futures lagger=gate_futures direction=SHORT_LAGGER bid_ask=-138.61 ask_bid=129.50
2026-02-27T16:19:18.958824Z  INFO lead_lag_classic signal #563: SAHARAUSDT | spread=182.80bps | dir=SHORT_LAGGER | bid_ask=-195.60bps ask_bid=182.80bps | leader=binance_futures lagger=gate_futures direction=SHORT_LAGGER bid_ask=-195.60 ask_bid=182.80
2026-02-27T16:19:19.199142Z  INFO lead_lag_classic signal #564: ATHUSDT | spread=57.09bps | dir=SHORT_LAGGER | bid_ask=-78.33bps ask_bid=57.09bps | leader=binance_futures lagger=gate_futures direction=SHORT_LAGGER bid_ask=-78.33 ask_bid=57.09
2026-02-27T16:19:19.199250Z  INFO lead_lag_classic signal #565: ENSOUSDT | spread=74.27bps | dir=SHORT_LAGGER | bid_ask=-88.89bps ask_bid=74.27bps | leader=binance_futures lagger=gate_futures direction=SHORT_LAGGER bid_ask=-88.89 ask_bid=74.27
2026-02-27T16:19:19.199348Z  INFO lead_lag_classic signal #566: POWERUSDT | spread=131.71bps | dir=SHORT_LAGGER | bid_ask=-137.84bps ask_bid=131.71bps | leader=binance_futures lagger=gate_futures direction=SHORT_LAGGER bid_ask=-137.84 ask_bid=131.71
2026-02-27T16:19:19.199418Z  INFO lead_lag_classic signal #567: SAHARAUSDT | spread=182.88bps | dir=SHORT_LAGGER | bid_ask=-195.68bps ask_bid=182.88bps | leader=binance_futures lagger=gate_futures direction=SHORT_LAGGER bid_ask=-195.68 ask_bid=182.88
2026-02-27T16:19:19.500087Z  INFO lead_lag_classic signal #568: ATHUSDT | spread=57.09bps | dir=SHORT_LAGGER | bid_ask=-78.33bps ask_bid=57.09bps | leader=binance_futures lagger=gate_futures direction=SHORT_LAGGER bid_ask=-78.33 ask_bid=57.09
2026-02-27T16:19:19.500192Z  INFO lead_lag_classic signal #569: ENSOUSDT | spread=72.85bps | dir=SHORT_LAGGER | bid_ask=-88.19bps ask_bid=72.85bps | leader=binance_futures lagger=gate_futures direction=SHORT_LAGGER bid_ask=-88.19 ask_bid=72.85
2026-02-27T16:19:19.500310Z  INFO lead_lag_classic signal #570: POWERUSDT | spread=130.22bps | dir=SHORT_LAGGER | bid_ask=-137.10bps ask_bid=130.22bps | leader=binance_futures lagger=gate_futures direction=SHORT_LAGGER bid_ask=-137.10 ask_bid=130.22
2026-02-27T16:19:19.500386Z  INFO lead_lag_classic signal #571: SAHARAUSDT | spread=178.72bps | dir=SHORT_LAGGER | bid_ask=-191.68bps ask_bid=178.72bps | leader=binance_futures lagger=gate_futures direction=SHORT_LAGGER bid_ask=-191.68 ask_bid=178.72
2026-02-27T16:19:19.576378Z  INFO lead_lag_classic signal #572: ATHUSDT | spread=57.09bps | dir=SHORT_LAGGER | bid_ask=-78.33bps ask_bid=57.09bps | leader=binance_futures lagger=gate_futures direction=SHORT_LAGGER bid_ask=-78.33 ask_bid=57.09
2026-02-27T16:19:19.576468Z  INFO lead_lag_classic signal #573: ESPUSDT | spread=36.27bps | dir=SHORT_LAGGER | bid_ask=-42.27bps ask_bid=36.27bps | leader=binance_futures lagger=gate_futures direction=SHORT_LAGGER bid_ask=-42.27 ask_bid=36.27
2026-02-27T16:19:19.576543Z  INFO lead_lag_classic signal #574: POWERUSDT | spread=129.34bps | dir=SHORT_LAGGER | bid_ask=-135.92bps ask_bid=129.34bps | leader=binance_futures lagger=gate_futures direction=SHORT_LAGGER bid_ask=-135.92 ask_bid=129.34
2026-02-27T16:19:19.576598Z  INFO lead_lag_classic signal #575: SAHARAUSDT | spread=178.72bps | dir=SHORT_LAGGER | bid_ask=-191.68bps ask_bid=178.72bps | leader=binance_futures lagger=gate_futures direction=SHORT_LAGGER bid_ask=-191.68 ask_bid=178.72
2026-02-27T16:19:19.639741Z  INFO lead_lag_classic signal #576: ENSOUSDT | spread=72.85bps | dir=SHORT_LAGGER | bid_ask=-87.50bps ask_bid=72.85bps | leader=binance_futures lagger=gate_futures direction=SHORT_LAGGER bid_ask=-87.50 ask_bid=72.85
2026-02-27T16:19:19.639846Z  INFO lead_lag_classic signal #577: POWERUSDT | spread=131.68bps | dir=SHORT_LAGGER | bid_ask=-138.19bps ask_bid=131.68bps | leader=binance_futures lagger=gate_futures direction=SHORT_LAGGER bid_ask=-138.19 ask_bid=131.68
2026-02-27T16:19:19.639888Z  INFO lead_lag_classic signal #578: SAHARAUSDT | spread=187.11bps | dir=SHORT_LAGGER | bid_ask=-199.76bps ask_bid=187.11bps | leader=binance_futures lagger=gate_futures direction=SHORT_LAGGER bid_ask=-199.76 ask_bid=187.11
2026-02-27T16:19:19.817501Z  INFO lead_lag_classic signal #579: ATHUSDT | spread=57.09bps | dir=SHORT_LAGGER | bid_ask=-78.33bps ask_bid=57.09bps | leader=binance_futures lagger=gate_futures direction=SHORT_LAGGER bid_ask=-78.33 ask_bid=57.09
2026-02-27T16:19:19.817580Z  INFO lead_lag_classic signal #580: BULLAUSDT | spread=32.05bps | dir=LONG_LAGGER | bid_ask=32.05bps ask_bid=-102.17bps | leader=binance_futures lagger=gate_futures direction=LONG_LAGGER bid_ask=32.05 ask_bid=-102.17
2026-02-27T16:19:19.817674Z  INFO lead_lag_classic signal #581: POWERUSDT | spread=130.83bps | dir=SHORT_LAGGER | bid_ask=-138.19bps ask_bid=130.83bps | leader=binance_futures lagger=gate_futures direction=SHORT_LAGGER bid_ask=-138.19 ask_bid=130.83
2026-02-27T16:19:19.817725Z  INFO lead_lag_classic signal #582: SAHARAUSDT | spread=182.95bps | dir=SHORT_LAGGER | bid_ask=-195.76bps ask_bid=182.95bps | leader=binance_futures lagger=gate_futures direction=SHORT_LAGGER bid_ask=-195.76 ask_bid=182.95
2026-02-27T16:19:20.023198Z  INFO lead_lag_classic signal #583: ATHUSDT | spread=57.09bps | dir=SHORT_LAGGER | bid_ask=-78.33bps ask_bid=57.09bps | leader=binance_futures lagger=gate_futures direction=SHORT_LAGGER bid_ask=-78.33 ask_bid=57.09
2026-02-27T16:19:20.023301Z  INFO lead_lag_classic signal #584: ENSOUSDT | spread=73.56bps | dir=SHORT_LAGGER | bid_ask=-87.50bps ask_bid=73.56bps | leader=binance_futures lagger=gate_futures direction=SHORT_LAGGER bid_ask=-87.50 ask_bid=73.56
2026-02-27T16:19:20.023354Z  INFO lead_lag_classic signal #585: ESPUSDT | spread=36.27bps | dir=SHORT_LAGGER | bid_ask=-42.27bps ask_bid=36.27bps | leader=binance_futures lagger=gate_futures direction=SHORT_LAGGER bid_ask=-42.27 ask_bid=36.27
2026-02-27T16:19:20.023442Z  INFO lead_lag_classic signal #586: POWERUSDT | spread=127.81bps | dir=SHORT_LAGGER | bid_ask=-138.82bps ask_bid=127.81bps | leader=binance_futures lagger=gate_futures direction=SHORT_LAGGER bid_ask=-138.82 ask_bid=127.81
2026-02-27T16:19:20.023515Z  INFO lead_lag_classic signal #587: SAHARAUSDT | spread=182.95bps | dir=SHORT_LAGGER | bid_ask=-195.76bps ask_bid=182.95bps | leader=binance_futures lagger=gate_futures direction=SHORT_LAGGER bid_ask=-195.76 ask_bid=182.95
2026-02-27T16:19:20.276649Z  INFO lead_lag_classic signal #588: ATHUSDT | spread=57.09bps | dir=SHORT_LAGGER | bid_ask=-76.67bps ask_bid=57.09bps | leader=binance_futures lagger=gate_futures direction=SHORT_LAGGER bid_ask=-76.67 ask_bid=57.09
2026-02-27T16:19:20.276741Z  INFO lead_lag_classic signal #589: ENSOUSDT | spread=73.56bps | dir=SHORT_LAGGER | bid_ask=-87.50bps ask_bid=73.56bps | leader=binance_futures lagger=gate_futures direction=SHORT_LAGGER bid_ask=-87.50 ask_bid=73.56
2026-02-27T16:19:20.276786Z  INFO lead_lag_classic signal #590: ESPUSDT | spread=36.27bps | dir=SHORT_LAGGER | bid_ask=-42.27bps ask_bid=36.27bps | leader=binance_futures lagger=gate_futures direction=SHORT_LAGGER bid_ask=-42.27 ask_bid=36.27
2026-02-27T16:19:20.276884Z  INFO lead_lag_classic signal #591: POWERUSDT | spread=130.60bps | dir=SHORT_LAGGER | bid_ask=-137.14bps ask_bid=130.60bps | leader=binance_futures lagger=gate_futures direction=SHORT_LAGGER bid_ask=-137.14 ask_bid=130.60
2026-02-27T16:19:20.276947Z  INFO lead_lag_classic signal #592: SAHARAUSDT | spread=182.88bps | dir=SHORT_LAGGER | bid_ask=-195.68bps ask_bid=182.88bps | leader=binance_futures lagger=gate_futures direction=SHORT_LAGGER bid_ask=-195.68 ask_bid=182.88
2026-02-27T16:19:20.404259Z  INFO lead_lag_classic signal #593: POWERUSDT | spread=132.17bps | dir=SHORT_LAGGER | bid_ask=-140.58bps ask_bid=132.17bps | leader=binance_futures lagger=gate_futures direction=SHORT_LAGGER bid_ask=-140.58 ask_bid=132.17
2026-02-27T16:19:20.404355Z  INFO lead_lag_classic signal #594: SAHARAUSDT | spread=178.65bps | dir=SHORT_LAGGER | bid_ask=-195.68bps ask_bid=178.65bps | leader=binance_futures lagger=gate_futures direction=SHORT_LAGGER bid_ask=-195.68 ask_bid=178.65
2026-02-27T16:19:20.520586Z  INFO lead_lag_classic signal #595: ATHUSDT | spread=57.09bps | dir=SHORT_LAGGER | bid_ask=-76.67bps ask_bid=57.09bps | leader=binance_futures lagger=gate_futures direction=SHORT_LAGGER bid_ask=-76.67 ask_bid=57.09
2026-02-27T16:19:20.520673Z  INFO lead_lag_classic signal #596: BULLAUSDT | spread=32.05bps | dir=LONG_LAGGER | bid_ask=32.05bps ask_bid=-102.17bps | leader=binance_futures lagger=gate_futures direction=LONG_LAGGER bid_ask=32.05 ask_bid=-102.17
2026-02-27T16:19:20.520718Z  INFO lead_lag_classic signal #597: ENSOUSDT | spread=73.56bps | dir=SHORT_LAGGER | bid_ask=-87.50bps ask_bid=73.56bps | leader=binance_futures lagger=gate_futures direction=SHORT_LAGGER bid_ask=-87.50 ask_bid=73.56
2026-02-27T16:19:20.520797Z  INFO lead_lag_classic signal #598: POWERUSDT | spread=131.81bps | dir=SHORT_LAGGER | bid_ask=-138.58bps ask_bid=131.81bps | leader=binance_futures lagger=gate_futures direction=SHORT_LAGGER bid_ask=-138.58 ask_bid=131.81
2026-02-27T16:19:20.520860Z  INFO lead_lag_classic signal #599: SAHARAUSDT | spread=178.65bps | dir=SHORT_LAGGER | bid_ask=-191.60bps ask_bid=178.65bps | leader=binance_futures lagger=gate_futures direction=SHORT_LAGGER bid_ask=-191.60 ask_bid=178.65
2026-02-27T16:19:20.547106Z  INFO lead_lag_classic signal #600: ATHUSDT | spread=57.09bps | dir=SHORT_LAGGER | bid_ask=-76.67bps ask_bid=57.09bps | leader=binance_futures lagger=gate_futures direction=SHORT_LAGGER bid_ask=-76.67 ask_bid=57.09
2026-02-27T16:19:20.547203Z  INFO lead_lag_classic signal #601: POWERUSDT | spread=131.81bps | dir=SHORT_LAGGER | bid_ask=-138.32bps ask_bid=131.81bps | leader=binance_futures lagger=gate_futures direction=SHORT_LAGGER bid_ask=-138.32 ask_bid=131.81
2026-02-27T16:19:20.832432Z  INFO lead_lag_classic signal #602: ATHUSDT | spread=57.09bps | dir=SHORT_LAGGER | bid_ask=-78.33bps ask_bid=57.09bps | leader=binance_futures lagger=gate_futures direction=SHORT_LAGGER bid_ask=-78.33 ask_bid=57.09
2026-02-27T16:19:20.832542Z  INFO lead_lag_classic signal #603: ENSOUSDT | spread=73.56bps | dir=SHORT_LAGGER | bid_ask=-87.50bps ask_bid=73.56bps | leader=binance_futures lagger=gate_futures direction=SHORT_LAGGER bid_ask=-87.50 ask_bid=73.56
2026-02-27T16:19:20.832633Z  INFO lead_lag_classic signal #604: POWERUSDT | spread=129.98bps | dir=SHORT_LAGGER | bid_ask=-138.64bps ask_bid=129.98bps | leader=binance_futures lagger=gate_futures direction=SHORT_LAGGER bid_ask=-138.64 ask_bid=129.98
2026-02-27T16:19:20.882343Z  INFO lead_lag_classic signal #605: POWERUSDT | spread=131.02bps | dir=SHORT_LAGGER | bid_ask=-137.56bps ask_bid=131.02bps | leader=binance_futures lagger=gate_futures direction=SHORT_LAGGER bid_ask=-137.56 ask_bid=131.02
2026-02-27T16:19:20.882423Z  INFO lead_lag_classic signal #606: SAHARAUSDT | spread=182.72bps | dir=SHORT_LAGGER | bid_ask=-191.52bps ask_bid=182.72bps | leader=binance_futures lagger=gate_futures direction=SHORT_LAGGER bid_ask=-191.52 ask_bid=182.72
2026-02-27T16:19:20.981779Z  INFO lead_lag_classic signal #607: ATHUSDT | spread=53.71bps | dir=SHORT_LAGGER | bid_ask=-78.33bps ask_bid=53.71bps | leader=binance_futures lagger=gate_futures direction=SHORT_LAGGER bid_ask=-78.33 ask_bid=53.71
2026-02-27T16:19:20.981913Z  INFO lead_lag_classic signal #608: POWERUSDT | spread=130.11bps | dir=SHORT_LAGGER | bid_ask=-137.94bps ask_bid=130.11bps | leader=binance_futures lagger=gate_futures direction=SHORT_LAGGER bid_ask=-137.94 ask_bid=130.11
2026-02-27T16:19:20.981962Z  INFO lead_lag_classic signal #609: SAHARAUSDT | spread=186.88bps | dir=SHORT_LAGGER | bid_ask=-195.52bps ask_bid=186.88bps | leader=binance_futures lagger=gate_futures direction=SHORT_LAGGER bid_ask=-195.52 ask_bid=186.88
2026-02-27T16:19:21.146328Z  INFO lead_lag_classic signal #610: ATHUSDT | spread=53.71bps | dir=SHORT_LAGGER | bid_ask=-76.67bps ask_bid=53.71bps | leader=binance_futures lagger=gate_futures direction=SHORT_LAGGER bid_ask=-76.67 ask_bid=53.71
2026-02-27T16:19:21.146413Z  INFO lead_lag_classic signal #611: BULLAUSDT | spread=32.05bps | dir=LONG_LAGGER | bid_ask=32.05bps ask_bid=-102.17bps | leader=binance_futures lagger=gate_futures direction=LONG_LAGGER bid_ask=32.05 ask_bid=-102.17
2026-02-27T16:19:21.146466Z  INFO lead_lag_classic signal #612: ESPUSDT | spread=35.50bps | dir=SHORT_LAGGER | bid_ask=-42.27bps ask_bid=35.50bps | leader=binance_futures lagger=gate_futures direction=SHORT_LAGGER bid_ask=-42.27 ask_bid=35.50
2026-02-27T16:19:21.260743Z  INFO lead_lag_classic signal #613: ATHUSDT | spread=53.71bps | dir=SHORT_LAGGER | bid_ask=-75.00bps ask_bid=53.71bps | leader=binance_futures lagger=gate_futures direction=SHORT_LAGGER bid_ask=-75.00 ask_bid=53.71
2026-02-27T16:19:21.260843Z  INFO lead_lag_classic signal #614: ESPUSDT | spread=35.50bps | dir=SHORT_LAGGER | bid_ask=-42.27bps ask_bid=35.50bps | leader=binance_futures lagger=gate_futures direction=SHORT_LAGGER bid_ask=-42.27 ask_bid=35.50
2026-02-27T16:19:21.261882Z  INFO Status: tickers=18504 (+2643/5s) signals=614 drift=[n=2643 avg=33ms p50=26ms p95=86ms p99=136ms max=280ms]
2026-02-27T16:19:21.373109Z  INFO lead_lag_classic signal #615: ATHUSDT | spread=53.71bps | dir=SHORT_LAGGER | bid_ask=-75.00bps ask_bid=53.71bps | leader=binance_futures lagger=gate_futures direction=SHORT_LAGGER bid_ask=-75.00 ask_bid=53.71
2026-02-27T16:19:21.373231Z  INFO lead_lag_classic signal #616: POWERUSDT | spread=130.82bps | dir=SHORT_LAGGER | bid_ask=-139.95bps ask_bid=130.82bps | leader=binance_futures lagger=gate_futures direction=SHORT_LAGGER bid_ask=-139.95 ask_bid=130.82
2026-02-27T16:19:21.373279Z  INFO lead_lag_classic signal #617: SAHARAUSDT | spread=170.05bps | dir=SHORT_LAGGER | bid_ask=-183.30bps ask_bid=170.05bps | leader=binance_futures lagger=gate_futures direction=SHORT_LAGGER bid_ask=-183.30 ask_bid=170.05
2026-02-27T16:19:21.464705Z  INFO lead_lag_classic signal #618: ATHUSDT | spread=53.71bps | dir=SHORT_LAGGER | bid_ask=-75.00bps ask_bid=53.71bps | leader=binance_futures lagger=gate_futures direction=SHORT_LAGGER bid_ask=-75.00 ask_bid=53.71
2026-02-27T16:19:21.464812Z  INFO lead_lag_classic signal #619: ESPUSDT | spread=35.50bps | dir=SHORT_LAGGER | bid_ask=-42.27bps ask_bid=35.50bps | leader=binance_futures lagger=gate_futures direction=SHORT_LAGGER bid_ask=-42.27 ask_bid=35.50
2026-02-27T16:19:21.464897Z  INFO lead_lag_classic signal #620: POWERUSDT | spread=129.45bps | dir=SHORT_LAGGER | bid_ask=-137.91bps ask_bid=129.45bps | leader=binance_futures lagger=gate_futures direction=SHORT_LAGGER bid_ask=-137.91 ask_bid=129.45
2026-02-27T16:19:21.464954Z  INFO lead_lag_classic signal #621: SAHARAUSDT | spread=174.20bps | dir=SHORT_LAGGER | bid_ask=-187.30bps ask_bid=174.20bps | leader=binance_futures lagger=gate_futures direction=SHORT_LAGGER bid_ask=-187.30 ask_bid=174.20
2026-02-27T16:19:21.573252Z  INFO lead_lag_classic signal #622: ATHUSDT | spread=53.71bps | dir=SHORT_LAGGER | bid_ask=-75.00bps ask_bid=53.71bps | leader=binance_futures lagger=gate_futures direction=SHORT_LAGGER bid_ask=-75.00 ask_bid=53.71
2026-02-27T16:19:21.573548Z  INFO lead_lag_classic signal #623: POWERUSDT | spread=129.77bps | dir=SHORT_LAGGER | bid_ask=-137.66bps ask_bid=129.77bps | leader=binance_futures lagger=gate_futures direction=SHORT_LAGGER bid_ask=-137.66 ask_bid=129.77
2026-02-27T16:19:21.672089Z  INFO lead_lag_classic signal #624: ATHUSDT | spread=53.71bps | dir=SHORT_LAGGER | bid_ask=-75.00bps ask_bid=53.71bps | leader=binance_futures lagger=gate_futures direction=SHORT_LAGGER bid_ask=-75.00 ask_bid=53.71
2026-02-27T16:19:21.672493Z  INFO lead_lag_classic signal #625: POWERUSDT | spread=129.84bps | dir=SHORT_LAGGER | bid_ask=-138.42bps ask_bid=129.84bps | leader=binance_futures lagger=gate_futures direction=SHORT_LAGGER bid_ask=-138.42 ask_bid=129.84
2026-02-27T16:19:21.672616Z  INFO lead_lag_classic signal #626: SAHARAUSDT | spread=174.42bps | dir=SHORT_LAGGER | bid_ask=-191.52bps ask_bid=174.42bps | leader=binance_futures lagger=gate_futures direction=SHORT_LAGGER bid_ask=-191.52 ask_bid=174.42
2026-02-27T16:19:21.739078Z  INFO lead_lag_classic signal #627: ATHUSDT | spread=52.02bps | dir=SHORT_LAGGER | bid_ask=-75.00bps ask_bid=52.02bps | leader=binance_futures lagger=gate_futures direction=SHORT_LAGGER bid_ask=-75.00 ask_bid=52.02
2026-02-27T16:19:21.739184Z  INFO lead_lag_classic signal #628: POWERUSDT | spread=129.91bps | dir=SHORT_LAGGER | bid_ask=-138.42bps ask_bid=129.91bps | leader=binance_futures lagger=gate_futures direction=SHORT_LAGGER bid_ask=-138.42 ask_bid=129.91
2026-02-27T16:19:21.739242Z  INFO lead_lag_classic signal #629: SAHARAUSDT | spread=174.42bps | dir=SHORT_LAGGER | bid_ask=-195.60bps ask_bid=174.42bps | leader=binance_futures lagger=gate_futures direction=SHORT_LAGGER bid_ask=-195.60 ask_bid=174.42
2026-02-27T16:19:22.030734Z  INFO lead_lag_classic signal #630: ATHUSDT | spread=52.02bps | dir=SHORT_LAGGER | bid_ask=-73.33bps ask_bid=52.02bps | leader=binance_futures lagger=gate_futures direction=SHORT_LAGGER bid_ask=-73.33 ask_bid=52.02
2026-02-27T16:19:22.030839Z  INFO lead_lag_classic signal #631: ENSOUSDT | spread=74.26bps | dir=SHORT_LAGGER | bid_ask=-87.50bps ask_bid=74.26bps | leader=binance_futures lagger=gate_futures direction=SHORT_LAGGER bid_ask=-87.50 ask_bid=74.26
2026-02-27T16:19:22.030930Z  INFO lead_lag_classic signal #632: POWERUSDT | spread=129.38bps | dir=SHORT_LAGGER | bid_ask=-138.93bps ask_bid=129.38bps | leader=binance_futures lagger=gate_futures direction=SHORT_LAGGER bid_ask=-138.93 ask_bid=129.38
2026-02-27T16:19:22.030985Z  INFO lead_lag_classic signal #633: SAHARAUSDT | spread=174.35bps | dir=SHORT_LAGGER | bid_ask=-187.45bps ask_bid=174.35bps | leader=binance_futures lagger=gate_futures direction=SHORT_LAGGER bid_ask=-187.45 ask_bid=174.35
2026-02-27T16:19:22.135434Z  INFO lead_lag_classic signal #634: ATHUSDT | spread=52.02bps | dir=SHORT_LAGGER | bid_ask=-73.33bps ask_bid=52.02bps | leader=binance_futures lagger=gate_futures direction=SHORT_LAGGER bid_ask=-73.33 ask_bid=52.02
2026-02-27T16:19:22.135570Z  INFO lead_lag_classic signal #635: POWERUSDT | spread=128.53bps | dir=SHORT_LAGGER | bid_ask=-138.80bps ask_bid=128.53bps | leader=binance_futures lagger=gate_futures direction=SHORT_LAGGER bid_ask=-138.80 ask_bid=128.53
2026-02-27T16:19:22.135631Z  INFO lead_lag_classic signal #636: SAHARAUSDT | spread=174.35bps | dir=SHORT_LAGGER | bid_ask=-187.45bps ask_bid=174.35bps | leader=binance_futures lagger=gate_futures direction=SHORT_LAGGER bid_ask=-187.45 ask_bid=174.35
2026-02-27T16:19:22.159112Z  INFO lead_lag_classic signal #637: ATHUSDT | spread=52.02bps | dir=SHORT_LAGGER | bid_ask=-73.33bps ask_bid=52.02bps | leader=binance_futures lagger=gate_futures direction=SHORT_LAGGER bid_ask=-73.33 ask_bid=52.02
2026-02-27T16:19:22.159225Z  INFO lead_lag_classic signal #638: POWERUSDT | spread=128.53bps | dir=SHORT_LAGGER | bid_ask=-137.02bps ask_bid=128.53bps | leader=binance_futures lagger=gate_futures direction=SHORT_LAGGER bid_ask=-137.02 ask_bid=128.53
2026-02-27T16:19:22.269334Z  INFO lead_lag_classic signal #639: POWERUSDT | spread=127.75bps | dir=SHORT_LAGGER | bid_ask=-135.62bps ask_bid=127.75bps | leader=binance_futures lagger=gate_futures direction=SHORT_LAGGER bid_ask=-135.62 ask_bid=127.75
2026-02-27T16:19:22.269413Z  INFO lead_lag_classic signal #640: SAHARAUSDT | spread=178.57bps | dir=SHORT_LAGGER | bid_ask=-191.52bps ask_bid=178.57bps | leader=binance_futures lagger=gate_futures direction=SHORT_LAGGER bid_ask=-191.52 ask_bid=178.57
2026-02-27T16:19:22.422571Z  INFO lead_lag_classic signal #641: ENSOUSDT | spread=75.66bps | dir=SHORT_LAGGER | bid_ask=-87.50bps ask_bid=75.66bps | leader=binance_futures lagger=gate_futures direction=SHORT_LAGGER bid_ask=-87.50 ask_bid=75.66
2026-02-27T16:19:22.422648Z  INFO lead_lag_classic signal #642: ESPUSDT | spread=36.27bps | dir=SHORT_LAGGER | bid_ask=-42.27bps ask_bid=36.27bps | leader=binance_futures lagger=gate_futures direction=SHORT_LAGGER bid_ask=-42.27 ask_bid=36.27
2026-02-27T16:19:22.422729Z  INFO lead_lag_classic signal #643: POWERUSDT | spread=127.75bps | dir=SHORT_LAGGER | bid_ask=-136.45bps ask_bid=127.75bps | leader=binance_futures lagger=gate_futures direction=SHORT_LAGGER bid_ask=-136.45 ask_bid=127.75
2026-02-27T16:19:22.629954Z  INFO lead_lag_classic signal #644: ENSOUSDT | spread=75.66bps | dir=SHORT_LAGGER | bid_ask=-87.50bps ask_bid=75.66bps | leader=binance_futures lagger=gate_futures direction=SHORT_LAGGER bid_ask=-87.50 ask_bid=75.66
2026-02-27T16:19:22.630078Z  INFO lead_lag_classic signal #645: POWERUSDT | spread=128.21bps | dir=SHORT_LAGGER | bid_ask=-136.45bps ask_bid=128.21bps | leader=binance_futures lagger=gate_futures direction=SHORT_LAGGER bid_ask=-136.45 ask_bid=128.21
2026-02-27T16:19:22.715625Z  INFO lead_lag_classic signal #646: ATHUSDT | spread=52.02bps | dir=SHORT_LAGGER | bid_ask=-73.33bps ask_bid=52.02bps | leader=binance_futures lagger=gate_futures direction=SHORT_LAGGER bid_ask=-73.33 ask_bid=52.02
2026-02-27T16:19:22.715723Z  INFO lead_lag_classic signal #647: ESPUSDT | spread=36.27bps | dir=SHORT_LAGGER | bid_ask=-42.27bps ask_bid=36.27bps | leader=binance_futures lagger=gate_futures direction=SHORT_LAGGER bid_ask=-42.27 ask_bid=36.27
2026-02-27T16:19:22.715804Z  INFO lead_lag_classic signal #648: POWERUSDT | spread=127.36bps | dir=SHORT_LAGGER | bid_ask=-135.56bps ask_bid=127.36bps | leader=binance_futures lagger=gate_futures direction=SHORT_LAGGER bid_ask=-135.56 ask_bid=127.36
2026-02-27T16:19:22.715857Z  INFO lead_lag_classic signal #649: SAHARAUSDT | spread=170.27bps | dir=SHORT_LAGGER | bid_ask=-187.53bps ask_bid=170.27bps | leader=binance_futures lagger=gate_futures direction=SHORT_LAGGER bid_ask=-187.53 ask_bid=170.27
2026-02-27T16:19:22.778670Z  INFO lead_lag_classic signal #650: ATHUSDT | spread=52.02bps | dir=SHORT_LAGGER | bid_ask=-73.33bps ask_bid=52.02bps | leader=binance_futures lagger=gate_futures direction=SHORT_LAGGER bid_ask=-73.33 ask_bid=52.02
2026-02-27T16:19:22.778818Z  INFO lead_lag_classic signal #651: SAHARAUSDT | spread=166.04bps | dir=SHORT_LAGGER | bid_ask=-183.45bps ask_bid=166.04bps | leader=binance_futures lagger=gate_futures direction=SHORT_LAGGER bid_ask=-183.45 ask_bid=166.04
2026-02-27T16:19:22.900642Z  INFO lead_lag_classic signal #652: ATHUSDT | spread=50.34bps | dir=SHORT_LAGGER | bid_ask=-71.67bps ask_bid=50.34bps | leader=binance_futures lagger=gate_futures direction=SHORT_LAGGER bid_ask=-71.67 ask_bid=50.34
2026-02-27T16:19:22.900748Z  INFO lead_lag_classic signal #653: ENSOUSDT | spread=75.66bps | dir=SHORT_LAGGER | bid_ask=-87.50bps ask_bid=75.66bps | leader=binance_futures lagger=gate_futures direction=SHORT_LAGGER bid_ask=-87.50 ask_bid=75.66
2026-02-27T16:19:22.900836Z  INFO lead_lag_classic signal #654: POWERUSDT | spread=128.71bps | dir=SHORT_LAGGER | bid_ask=-136.39bps ask_bid=128.71bps | leader=binance_futures lagger=gate_futures direction=SHORT_LAGGER bid_ask=-136.39 ask_bid=128.71
2026-02-27T16:19:22.948055Z  INFO lead_lag_classic signal #655: ENSOUSDT | spread=75.66bps | dir=SHORT_LAGGER | bid_ask=-87.50bps ask_bid=75.66bps | leader=binance_futures lagger=gate_futures direction=SHORT_LAGGER bid_ask=-87.50 ask_bid=75.66
2026-02-27T16:19:22.948174Z  INFO lead_lag_classic signal #656: POWERUSDT | spread=129.82bps | dir=SHORT_LAGGER | bid_ask=-136.39bps ask_bid=129.82bps | leader=binance_futures lagger=gate_futures direction=SHORT_LAGGER bid_ask=-136.39 ask_bid=129.82
2026-02-27T16:19:22.948233Z  INFO lead_lag_classic signal #657: SAHARAUSDT | spread=178.50bps | dir=SHORT_LAGGER | bid_ask=-191.45bps ask_bid=178.50bps | leader=binance_futures lagger=gate_futures direction=SHORT_LAGGER bid_ask=-191.45 ask_bid=178.50
2026-02-27T16:19:23.171574Z  INFO lead_lag_classic signal #658: ATHUSDT | spread=50.34bps | dir=SHORT_LAGGER | bid_ask=-71.67bps ask_bid=50.34bps | leader=binance_futures lagger=gate_futures direction=SHORT_LAGGER bid_ask=-71.67 ask_bid=50.34
2026-02-27T16:19:23.171672Z  INFO lead_lag_classic signal #659: ESPUSDT | spread=36.27bps | dir=SHORT_LAGGER | bid_ask=-42.27bps ask_bid=36.27bps | leader=binance_futures lagger=gate_futures direction=SHORT_LAGGER bid_ask=-42.27 ask_bid=36.27
2026-02-27T16:19:23.171754Z  INFO lead_lag_classic signal #660: POWERUSDT | spread=129.82bps | dir=SHORT_LAGGER | bid_ask=-136.39bps ask_bid=129.82bps | leader=binance_futures lagger=gate_futures direction=SHORT_LAGGER bid_ask=-136.39 ask_bid=129.82
2026-02-27T16:19:23.171806Z  INFO lead_lag_classic signal #661: SAHARAUSDT | spread=170.05bps | dir=SHORT_LAGGER | bid_ask=-183.30bps ask_bid=170.05bps | leader=binance_futures lagger=gate_futures direction=SHORT_LAGGER bid_ask=-183.30 ask_bid=170.05
2026-02-27T16:19:23.300019Z  INFO lead_lag_classic signal #662: BULLAUSDT | spread=32.05bps | dir=LONG_LAGGER | bid_ask=32.05bps ask_bid=-102.17bps | leader=binance_futures lagger=gate_futures direction=LONG_LAGGER bid_ask=32.05 ask_bid=-102.17
2026-02-27T16:19:23.300178Z  INFO lead_lag_classic signal #663: SAHARAUSDT | spread=178.42bps | dir=SHORT_LAGGER | bid_ask=-187.37bps ask_bid=178.42bps | leader=binance_futures lagger=gate_futures direction=SHORT_LAGGER bid_ask=-187.37 ask_bid=178.42
2026-02-27T16:19:23.471227Z  INFO lead_lag_classic signal #664: ENSOUSDT | spread=74.96bps | dir=SHORT_LAGGER | bid_ask=-88.19bps ask_bid=74.96bps | leader=binance_futures lagger=gate_futures direction=SHORT_LAGGER bid_ask=-88.19 ask_bid=74.96
2026-02-27T16:19:23.471346Z  INFO lead_lag_classic signal #665: POWERUSDT | spread=129.82bps | dir=SHORT_LAGGER | bid_ask=-136.39bps ask_bid=129.82bps | leader=binance_futures lagger=gate_futures direction=SHORT_LAGGER bid_ask=-136.39 ask_bid=129.82
2026-02-27T16:19:23.598093Z  INFO lead_lag_classic signal #666: ATHUSDT | spread=50.34bps | dir=SHORT_LAGGER | bid_ask=-71.67bps ask_bid=50.34bps | leader=binance_futures lagger=gate_futures direction=SHORT_LAGGER bid_ask=-71.67 ask_bid=50.34
2026-02-27T16:19:23.598192Z  INFO lead_lag_classic signal #667: ENSOUSDT | spread=74.96bps | dir=SHORT_LAGGER | bid_ask=-88.19bps ask_bid=74.96bps | leader=binance_futures lagger=gate_futures direction=SHORT_LAGGER bid_ask=-88.19 ask_bid=74.96
2026-02-27T16:19:23.598299Z  INFO lead_lag_classic signal #668: POWERUSDT | spread=129.82bps | dir=SHORT_LAGGER | bid_ask=-136.39bps ask_bid=129.82bps | leader=binance_futures lagger=gate_futures direction=SHORT_LAGGER bid_ask=-136.39 ask_bid=129.82
2026-02-27T16:19:23.598366Z  INFO lead_lag_classic signal #669: SAHARAUSDT | spread=174.35bps | dir=SHORT_LAGGER | bid_ask=-187.45bps ask_bid=174.35bps | leader=binance_futures lagger=gate_futures direction=SHORT_LAGGER bid_ask=-187.45 ask_bid=174.35
2026-02-27T16:19:23.649382Z  INFO lead_lag_classic signal #670: ATHUSDT | spread=52.02bps | dir=SHORT_LAGGER | bid_ask=-71.67bps ask_bid=52.02bps | leader=binance_futures lagger=gate_futures direction=SHORT_LAGGER bid_ask=-71.67 ask_bid=52.02
2026-02-27T16:19:23.649481Z  INFO lead_lag_classic signal #671: ENSOUSDT | spread=73.55bps | dir=SHORT_LAGGER | bid_ask=-86.81bps ask_bid=73.55bps | leader=binance_futures lagger=gate_futures direction=SHORT_LAGGER bid_ask=-86.81 ask_bid=73.55
2026-02-27T16:19:23.649554Z  INFO lead_lag_classic signal #672: POWERUSDT | spread=129.82bps | dir=SHORT_LAGGER | bid_ask=-136.39bps ask_bid=129.82bps | leader=binance_futures lagger=gate_futures direction=SHORT_LAGGER bid_ask=-136.39 ask_bid=129.82
2026-02-27T16:19:23.752929Z  INFO lead_lag_classic signal #673: ATHUSDT | spread=52.02bps | dir=SHORT_LAGGER | bid_ask=-71.67bps ask_bid=52.02bps | leader=binance_futures lagger=gate_futures direction=SHORT_LAGGER bid_ask=-71.67 ask_bid=52.02
2026-02-27T16:19:23.753024Z  INFO lead_lag_classic signal #674: ENSOUSDT | spread=73.55bps | dir=SHORT_LAGGER | bid_ask=-86.81bps ask_bid=73.55bps | leader=binance_futures lagger=gate_futures direction=SHORT_LAGGER bid_ask=-86.81 ask_bid=73.55
2026-02-27T16:19:23.753094Z  INFO lead_lag_classic signal #675: POWERUSDT | spread=130.93bps | dir=SHORT_LAGGER | bid_ask=-138.10bps ask_bid=130.93bps | leader=binance_futures lagger=gate_futures direction=SHORT_LAGGER bid_ask=-138.10 ask_bid=130.93
2026-02-27T16:19:23.753147Z  INFO lead_lag_classic signal #676: SAHARAUSDT | spread=174.35bps | dir=SHORT_LAGGER | bid_ask=-187.45bps ask_bid=174.35bps | leader=binance_futures lagger=gate_futures direction=SHORT_LAGGER bid_ask=-187.45 ask_bid=174.35
2026-02-27T16:19:23.952984Z  INFO lead_lag_classic signal #677: ENSOUSDT | spread=73.55bps | dir=SHORT_LAGGER | bid_ask=-86.81bps ask_bid=73.55bps | leader=binance_futures lagger=gate_futures direction=SHORT_LAGGER bid_ask=-86.81 ask_bid=73.55
2026-02-27T16:19:23.953114Z  INFO lead_lag_classic signal #678: SAHARAUSDT | spread=178.35bps | dir=SHORT_LAGGER | bid_ask=-187.30bps ask_bid=178.35bps | leader=binance_futures lagger=gate_futures direction=SHORT_LAGGER bid_ask=-187.30 ask_bid=178.35
2026-02-27T16:19:24.039261Z  INFO lead_lag_classic signal #679: BULLAUSDT | spread=32.05bps | dir=LONG_LAGGER | bid_ask=32.05bps ask_bid=-108.49bps | leader=binance_futures lagger=gate_futures direction=LONG_LAGGER bid_ask=32.05 ask_bid=-108.49
2026-02-27T16:19:24.039381Z  INFO lead_lag_classic signal #680: SAHARAUSDT | spread=178.35bps | dir=SHORT_LAGGER | bid_ask=-187.30bps ask_bid=178.35bps | leader=binance_futures lagger=gate_futures direction=SHORT_LAGGER bid_ask=-187.30 ask_bid=178.35
2026-02-27T16:19:24.039420Z  INFO lead_lag_classic signal #681: UAIUSDT | spread=55.30bps | dir=SHORT_LAGGER | bid_ask=-89.09bps ask_bid=55.30bps | leader=binance_futures lagger=gate_futures direction=SHORT_LAGGER bid_ask=-89.09 ask_bid=55.30
2026-02-27T16:19:24.176326Z  INFO lead_lag_classic signal #682: BULLAUSDT | spread=38.46bps | dir=LONG_LAGGER | bid_ask=38.46bps ask_bid=-108.49bps | leader=binance_futures lagger=gate_futures direction=LONG_LAGGER bid_ask=38.46 ask_bid=-108.49
2026-02-27T16:19:24.176414Z  INFO lead_lag_classic signal #683: ENSOUSDT | spread=73.55bps | dir=SHORT_LAGGER | bid_ask=-86.81bps ask_bid=73.55bps | leader=binance_futures lagger=gate_futures direction=SHORT_LAGGER bid_ask=-86.81 ask_bid=73.55
2026-02-27T16:19:24.176496Z  INFO lead_lag_classic signal #684: POWERUSDT | spread=128.63bps | dir=SHORT_LAGGER | bid_ask=-134.93bps ask_bid=128.63bps | leader=binance_futures lagger=gate_futures direction=SHORT_LAGGER bid_ask=-134.93 ask_bid=128.63
2026-02-27T16:19:24.176538Z  INFO lead_lag_classic signal #685: SAHARAUSDT | spread=182.50bps | dir=SHORT_LAGGER | bid_ask=-187.30bps ask_bid=182.50bps | leader=binance_futures lagger=gate_futures direction=SHORT_LAGGER bid_ask=-187.30 ask_bid=182.50
2026-02-27T16:19:24.242693Z  INFO lead_lag_classic signal #686: ENSOUSDT | spread=73.55bps | dir=SHORT_LAGGER | bid_ask=-86.81bps ask_bid=73.55bps | leader=binance_futures lagger=gate_futures direction=SHORT_LAGGER bid_ask=-86.81 ask_bid=73.55
2026-02-27T16:19:24.242797Z  INFO lead_lag_classic signal #687: POWERUSDT | spread=129.61bps | dir=SHORT_LAGGER | bid_ask=-134.93bps ask_bid=129.61bps | leader=binance_futures lagger=gate_futures direction=SHORT_LAGGER bid_ask=-134.93 ask_bid=129.61
2026-02-27T16:19:24.242845Z  INFO lead_lag_classic signal #688: SAHARAUSDT | spread=178.28bps | dir=SHORT_LAGGER | bid_ask=-183.22bps ask_bid=178.28bps | leader=binance_futures lagger=gate_futures direction=SHORT_LAGGER bid_ask=-183.22 ask_bid=178.28
2026-02-27T16:19:24.470303Z  INFO lead_lag_classic signal #689: POWERUSDT | spread=130.07bps | dir=SHORT_LAGGER | bid_ask=-135.37bps ask_bid=130.07bps | leader=binance_futures lagger=gate_futures direction=SHORT_LAGGER bid_ask=-135.37 ask_bid=130.07
2026-02-27T16:19:24.470396Z  INFO lead_lag_classic signal #690: SAHARAUSDT | spread=178.20bps | dir=SHORT_LAGGER | bid_ask=-191.13bps ask_bid=178.20bps | leader=binance_futures lagger=gate_futures direction=SHORT_LAGGER bid_ask=-191.13 ask_bid=178.20
2026-02-27T16:19:24.601446Z  INFO lead_lag_classic signal #691: ESPUSDT | spread=32.41bps | dir=SHORT_LAGGER | bid_ask=-43.03bps ask_bid=32.41bps | leader=binance_futures lagger=gate_futures direction=SHORT_LAGGER bid_ask=-43.03 ask_bid=32.41
2026-02-27T16:19:24.601549Z  INFO lead_lag_classic signal #692: POWERUSDT | spread=129.94bps | dir=SHORT_LAGGER | bid_ask=-137.79bps ask_bid=129.94bps | leader=binance_futures lagger=gate_futures direction=SHORT_LAGGER bid_ask=-137.79 ask_bid=129.94
2026-02-27T16:19:24.601595Z  INFO lead_lag_classic signal #693: SAHARAUSDT | spread=178.20bps | dir=SHORT_LAGGER | bid_ask=-191.13bps ask_bid=178.20bps | leader=binance_futures lagger=gate_futures direction=SHORT_LAGGER bid_ask=-191.13 ask_bid=178.20
2026-02-27T16:19:24.759008Z  INFO lead_lag_classic signal #694: BULLAUSDT | spread=32.05bps | dir=LONG_LAGGER | bid_ask=32.05bps ask_bid=-102.17bps | leader=binance_futures lagger=gate_futures direction=LONG_LAGGER bid_ask=32.05 ask_bid=-102.17
2026-02-27T16:19:24.759149Z  INFO lead_lag_classic signal #695: POWERUSDT | spread=132.10bps | dir=SHORT_LAGGER | bid_ask=-137.92bps ask_bid=132.10bps | leader=binance_futures lagger=gate_futures direction=SHORT_LAGGER bid_ask=-137.92 ask_bid=132.10
2026-02-27T16:19:24.759198Z  INFO lead_lag_classic signal #696: SAHARAUSDT | spread=178.20bps | dir=SHORT_LAGGER | bid_ask=-191.13bps ask_bid=178.20bps | leader=binance_futures lagger=gate_futures direction=SHORT_LAGGER bid_ask=-191.13 ask_bid=178.20
2026-02-27T16:19:24.842883Z  INFO lead_lag_classic signal #697: POWERUSDT | spread=132.16bps | dir=SHORT_LAGGER | bid_ask=-138.56bps ask_bid=132.16bps | leader=binance_futures lagger=gate_futures direction=SHORT_LAGGER bid_ask=-138.56 ask_bid=132.16
2026-02-27T16:19:24.842965Z  INFO lead_lag_classic signal #698: SAHARAUSDT | spread=178.20bps | dir=SHORT_LAGGER | bid_ask=-191.13bps ask_bid=178.20bps | leader=binance_futures lagger=gate_futures direction=SHORT_LAGGER bid_ask=-191.13 ask_bid=178.20
2026-02-27T16:19:24.990675Z  INFO lead_lag_classic signal #699: ATHUSDT | spread=46.96bps | dir=SHORT_LAGGER | bid_ask=-65.00bps ask_bid=46.96bps | leader=binance_futures lagger=gate_futures direction=SHORT_LAGGER bid_ask=-65.00 ask_bid=46.96
2026-02-27T16:19:24.990756Z  INFO lead_lag_classic signal #700: BULLAUSDT | spread=32.05bps | dir=LONG_LAGGER | bid_ask=32.05bps ask_bid=-102.17bps | leader=binance_futures lagger=gate_futures direction=LONG_LAGGER bid_ask=32.05 ask_bid=-102.17
2026-02-27T16:19:24.990845Z  INFO lead_lag_classic signal #701: POWERUSDT | spread=129.13bps | dir=SHORT_LAGGER | bid_ask=-135.98bps ask_bid=129.13bps | leader=binance_futures lagger=gate_futures direction=SHORT_LAGGER bid_ask=-135.98 ask_bid=129.13
2026-02-27T16:19:24.990907Z  INFO lead_lag_classic signal #702: SAHARAUSDT | spread=178.20bps | dir=SHORT_LAGGER | bid_ask=-191.13bps ask_bid=178.20bps | leader=binance_futures lagger=gate_futures direction=SHORT_LAGGER bid_ask=-191.13 ask_bid=178.20
2026-02-27T16:19:25.038306Z  INFO lead_lag_classic signal #703: POWERUSDT | spread=128.02bps | dir=SHORT_LAGGER | bid_ask=-135.85bps ask_bid=128.02bps | leader=binance_futures lagger=gate_futures direction=SHORT_LAGGER bid_ask=-135.85 ask_bid=128.02
2026-02-27T16:19:25.292341Z  INFO lead_lag_classic signal #704: ATHUSDT | spread=45.28bps | dir=SHORT_LAGGER | bid_ask=-65.00bps ask_bid=45.28bps | leader=binance_futures lagger=gate_futures direction=SHORT_LAGGER bid_ask=-65.00 ask_bid=45.28
2026-02-27T16:19:25.292424Z  INFO lead_lag_classic signal #705: BULLAUSDT | spread=32.05bps | dir=LONG_LAGGER | bid_ask=32.05bps ask_bid=-102.17bps | leader=binance_futures lagger=gate_futures direction=LONG_LAGGER bid_ask=32.05 ask_bid=-102.17
2026-02-27T16:19:25.292531Z  INFO lead_lag_classic signal #706: POWERUSDT | spread=126.72bps | dir=SHORT_LAGGER | bid_ask=-135.22bps ask_bid=126.72bps | leader=binance_futures lagger=gate_futures direction=SHORT_LAGGER bid_ask=-135.22 ask_bid=126.72
2026-02-27T16:19:25.292591Z  INFO lead_lag_classic signal #707: SAHARAUSDT | spread=173.70bps | dir=SHORT_LAGGER | bid_ask=-186.76bps ask_bid=173.70bps | leader=binance_futures lagger=gate_futures direction=SHORT_LAGGER bid_ask=-186.76 ask_bid=173.70
2026-02-27T16:19:25.361317Z  INFO lead_lag_classic signal #708: BULLAUSDT | spread=32.05bps | dir=LONG_LAGGER | bid_ask=32.05bps ask_bid=-102.17bps | leader=binance_futures lagger=gate_futures direction=LONG_LAGGER bid_ask=32.05 ask_bid=-102.17
2026-02-27T16:19:25.361403Z  INFO lead_lag_classic signal #709: ESPUSDT | spread=35.50bps | dir=SHORT_LAGGER | bid_ask=-42.27bps ask_bid=35.50bps | leader=binance_futures lagger=gate_futures direction=SHORT_LAGGER bid_ask=-42.27 ask_bid=35.50
2026-02-27T16:19:25.361479Z  INFO lead_lag_classic signal #710: POWERUSDT | spread=127.11bps | dir=SHORT_LAGGER | bid_ask=-135.48bps ask_bid=127.11bps | leader=binance_futures lagger=gate_futures direction=SHORT_LAGGER bid_ask=-135.48 ask_bid=127.11
2026-02-27T16:19:25.361519Z  INFO lead_lag_classic signal #711: SAHARAUSDT | spread=169.49bps | dir=SHORT_LAGGER | bid_ask=-182.70bps ask_bid=169.49bps | leader=binance_futures lagger=gate_futures direction=SHORT_LAGGER bid_ask=-182.70 ask_bid=169.49
2026-02-27T16:19:25.440121Z  INFO lead_lag_classic signal #712: ATHUSDT | spread=43.59bps | dir=SHORT_LAGGER | bid_ask=-63.33bps ask_bid=43.59bps | leader=binance_futures lagger=gate_futures direction=SHORT_LAGGER bid_ask=-63.33 ask_bid=43.59
2026-02-27T16:19:25.440268Z  INFO lead_lag_classic signal #713: POWERUSDT | spread=124.93bps | dir=SHORT_LAGGER | bid_ask=-135.83bps ask_bid=124.93bps | leader=binance_futures lagger=gate_futures direction=SHORT_LAGGER bid_ask=-135.83 ask_bid=124.93
2026-02-27T16:19:25.440322Z  INFO lead_lag_classic signal #714: SAHARAUSDT | spread=173.63bps | dir=SHORT_LAGGER | bid_ask=-186.69bps ask_bid=173.63bps | leader=binance_futures lagger=gate_futures direction=SHORT_LAGGER bid_ask=-186.69 ask_bid=173.63
2026-02-27T16:19:25.771035Z  INFO lead_lag_classic signal #715: ATHUSDT | spread=35.18bps | dir=SHORT_LAGGER | bid_ask=-73.21bps ask_bid=35.18bps | leader=binance_futures lagger=gate_futures direction=SHORT_LAGGER bid_ask=-73.21 ask_bid=35.18
2026-02-27T16:19:25.771127Z  INFO lead_lag_classic signal #716: BULLAUSDT | spread=32.05bps | dir=LONG_LAGGER | bid_ask=32.05bps ask_bid=-102.17bps | leader=binance_futures lagger=gate_futures direction=LONG_LAGGER bid_ask=32.05 ask_bid=-102.17
2026-02-27T16:19:25.771181Z  INFO lead_lag_classic signal #717: ESPUSDT | spread=36.27bps | dir=SHORT_LAGGER | bid_ask=-42.27bps ask_bid=36.27bps | leader=binance_futures lagger=gate_futures direction=SHORT_LAGGER bid_ask=-42.27 ask_bid=36.27
2026-02-27T16:19:25.771280Z  INFO lead_lag_classic signal #718: POWERUSDT | spread=127.02bps | dir=SHORT_LAGGER | bid_ask=-134.94bps ask_bid=127.02bps | leader=binance_futures lagger=gate_futures direction=SHORT_LAGGER bid_ask=-134.94 ask_bid=127.02
2026-02-27T16:19:25.771345Z  INFO lead_lag_classic signal #719: SAHARAUSDT | spread=169.49bps | dir=SHORT_LAGGER | bid_ask=-182.70bps ask_bid=169.49bps | leader=binance_futures lagger=gate_futures direction=SHORT_LAGGER bid_ask=-182.70 ask_bid=169.49
2026-02-27T16:19:25.837954Z  INFO lead_lag_classic signal #720: ESPUSDT | spread=36.27bps | dir=SHORT_LAGGER | bid_ask=-42.27bps ask_bid=36.27bps | leader=binance_futures lagger=gate_futures direction=SHORT_LAGGER bid_ask=-42.27 ask_bid=36.27
2026-02-27T16:19:25.838059Z  INFO lead_lag_classic signal #721: POWERUSDT | spread=126.44bps | dir=SHORT_LAGGER | bid_ask=-134.30bps ask_bid=126.44bps | leader=binance_futures lagger=gate_futures direction=SHORT_LAGGER bid_ask=-134.30 ask_bid=126.44
2026-02-27T16:19:25.838102Z  INFO lead_lag_classic signal #722: SAHARAUSDT | spread=173.55bps | dir=SHORT_LAGGER | bid_ask=-182.63bps ask_bid=173.55bps | leader=binance_futures lagger=gate_futures direction=SHORT_LAGGER bid_ask=-182.63 ask_bid=173.55
2026-02-27T16:19:26.046964Z  INFO lead_lag_classic signal #723: ATHUSDT | spread=38.55bps | dir=SHORT_LAGGER | bid_ask=-58.33bps ask_bid=38.55bps | leader=binance_futures lagger=gate_futures direction=SHORT_LAGGER bid_ask=-58.33 ask_bid=38.55
2026-02-27T16:19:26.047088Z  INFO lead_lag_classic signal #724: POWERUSDT | spread=127.86bps | dir=SHORT_LAGGER | bid_ask=-136.40bps ask_bid=127.86bps | leader=binance_futures lagger=gate_futures direction=SHORT_LAGGER bid_ask=-136.40 ask_bid=127.86
2026-02-27T16:19:26.047141Z  INFO lead_lag_classic signal #725: SAHARAUSDT | spread=173.55bps | dir=SHORT_LAGGER | bid_ask=-190.67bps ask_bid=173.55bps | leader=binance_futures lagger=gate_futures direction=SHORT_LAGGER bid_ask=-190.67 ask_bid=173.55
2026-02-27T16:19:26.286297Z  INFO lead_lag_classic signal #726: ATHUSDT | spread=35.18bps | dir=SHORT_LAGGER | bid_ask=-58.33bps ask_bid=35.18bps | leader=binance_futures lagger=gate_futures direction=SHORT_LAGGER bid_ask=-58.33 ask_bid=35.18
2026-02-27T16:19:26.286383Z  INFO lead_lag_classic signal #727: ESPUSDT | spread=36.27bps | dir=SHORT_LAGGER | bid_ask=-42.27bps ask_bid=36.27bps | leader=binance_futures lagger=gate_futures direction=SHORT_LAGGER bid_ask=-42.27 ask_bid=36.27
2026-02-27T16:19:26.286453Z  INFO lead_lag_classic signal #728: POWERUSDT | spread=130.64bps | dir=SHORT_LAGGER | bid_ask=-138.08bps ask_bid=130.64bps | leader=binance_futures lagger=gate_futures direction=SHORT_LAGGER bid_ask=-138.08 ask_bid=130.64
2026-02-27T16:19:26.286501Z  INFO lead_lag_classic signal #729: SAHARAUSDT | spread=181.97bps | dir=SHORT_LAGGER | bid_ask=-194.73bps ask_bid=181.97bps | leader=binance_futures lagger=gate_futures direction=SHORT_LAGGER bid_ask=-194.73 ask_bid=181.97
2026-02-27T16:19:26.287327Z  INFO Status: tickers=20705 (+2201/5s) signals=729 drift=[n=2201 avg=32ms p50=25ms p95=83ms p99=173ms max=283ms]
2026-02-27T16:19:26.358208Z  INFO lead_lag_classic signal #730: POWERUSDT | spread=130.64bps | dir=SHORT_LAGGER | bid_ask=-138.65bps ask_bid=130.64bps | leader=binance_futures lagger=gate_futures direction=SHORT_LAGGER bid_ask=-138.65 ask_bid=130.64
2026-02-27T16:19:26.358304Z  INFO lead_lag_classic signal #731: SAHARAUSDT | spread=177.76bps | dir=SHORT_LAGGER | bid_ask=-190.67bps ask_bid=177.76bps | leader=binance_futures lagger=gate_futures direction=SHORT_LAGGER bid_ask=-190.67 ask_bid=177.76
2026-02-27T16:19:26.648903Z  INFO lead_lag_classic signal #732: POWERUSDT | spread=133.16bps | dir=SHORT_LAGGER | bid_ask=-139.03bps ask_bid=133.16bps | leader=binance_futures lagger=gate_futures direction=SHORT_LAGGER bid_ask=-139.03 ask_bid=133.16
2026-02-27T16:19:26.648988Z  INFO lead_lag_classic signal #733: SAHARAUSDT | spread=177.76bps | dir=SHORT_LAGGER | bid_ask=-190.67bps ask_bid=177.76bps | leader=binance_futures lagger=gate_futures direction=SHORT_LAGGER bid_ask=-190.67 ask_bid=177.76
2026-02-27T16:19:27.054112Z  INFO lead_lag_classic signal #734: POWERUSDT | spread=132.44bps | dir=SHORT_LAGGER | bid_ask=-138.46bps ask_bid=132.44bps | leader=binance_futures lagger=gate_futures direction=SHORT_LAGGER bid_ask=-138.46 ask_bid=132.44
2026-02-27T16:19:27.054231Z  INFO lead_lag_classic signal #735: SAHARAUSDT | spread=177.17bps | dir=SHORT_LAGGER | bid_ask=-186.08bps ask_bid=177.17bps | leader=binance_futures lagger=gate_futures direction=SHORT_LAGGER bid_ask=-186.08 ask_bid=177.17
2026-02-27T16:19:27.520480Z  INFO lead_lag_classic signal #736: ATHUSDT | spread=48.57bps | dir=SHORT_LAGGER | bid_ask=-68.22bps ask_bid=48.57bps | leader=binance_futures lagger=gate_futures direction=SHORT_LAGGER bid_ask=-68.22 ask_bid=48.57
2026-02-27T16:19:27.520658Z  INFO lead_lag_classic signal #737: POWERUSDT | spread=128.20bps | dir=SHORT_LAGGER | bid_ask=-136.28bps ask_bid=128.20bps | leader=binance_futures lagger=gate_futures direction=SHORT_LAGGER bid_ask=-136.28 ask_bid=128.20
2026-02-27T16:19:27.520722Z  INFO lead_lag_classic signal #738: SAHARAUSDT | spread=155.80bps | dir=SHORT_LAGGER | bid_ask=-169.35bps ask_bid=155.80bps | leader=binance_futures lagger=gate_futures direction=SHORT_LAGGER bid_ask=-169.35 ask_bid=155.80
2026-02-27T16:19:27.593295Z  INFO lead_lag_classic signal #739: POWERUSDT | spread=130.79bps | dir=SHORT_LAGGER | bid_ask=-136.28bps ask_bid=130.79bps | leader=binance_futures lagger=gate_futures direction=SHORT_LAGGER bid_ask=-136.28 ask_bid=130.79
2026-02-27T16:19:27.719622Z  INFO lead_lag_classic signal #740: ESPUSDT | spread=35.50bps | dir=SHORT_LAGGER | bid_ask=-41.50bps ask_bid=35.50bps | leader=binance_futures lagger=gate_futures direction=SHORT_LAGGER bid_ask=-41.50 ask_bid=35.50
2026-02-27T16:19:27.719744Z  INFO lead_lag_classic signal #741: POWERUSDT | spread=130.99bps | dir=SHORT_LAGGER | bid_ask=-136.66bps ask_bid=130.99bps | leader=binance_futures lagger=gate_futures direction=SHORT_LAGGER bid_ask=-136.66 ask_bid=130.99
2026-02-27T16:19:27.719795Z  INFO lead_lag_classic signal #742: SAHARAUSDT | spread=189.22bps | dir=SHORT_LAGGER | bid_ask=-201.61bps ask_bid=189.22bps | leader=binance_futures lagger=gate_futures direction=SHORT_LAGGER bid_ask=-201.61 ask_bid=189.22
2026-02-27T16:19:27.827107Z  INFO lead_lag_classic signal #743: ATHUSDT | spread=46.89bps | dir=SHORT_LAGGER | bid_ask=-68.22bps ask_bid=46.89bps | leader=binance_futures lagger=gate_futures direction=SHORT_LAGGER bid_ask=-68.22 ask_bid=46.89
2026-02-27T16:19:27.827238Z  INFO lead_lag_classic signal #744: POWERUSDT | spread=130.13bps | dir=SHORT_LAGGER | bid_ask=-135.45bps ask_bid=130.13bps | leader=binance_futures lagger=gate_futures direction=SHORT_LAGGER bid_ask=-135.45 ask_bid=130.13
2026-02-27T16:19:27.827287Z  INFO lead_lag_classic signal #745: SAHARAUSDT | spread=180.85bps | dir=SHORT_LAGGER | bid_ask=-193.55bps ask_bid=180.85bps | leader=binance_futures lagger=gate_futures direction=SHORT_LAGGER bid_ask=-193.55 ask_bid=180.85
2026-02-27T16:19:28.702688Z  INFO lead_lag_classic signal #746: ATHUSDT | spread=48.57bps | dir=SHORT_LAGGER | bid_ask=-68.22bps ask_bid=48.57bps | leader=binance_futures lagger=gate_futures direction=SHORT_LAGGER bid_ask=-68.22 ask_bid=48.57
2026-02-27T16:19:28.702801Z  INFO lead_lag_classic signal #747: ENSOUSDT | spread=74.96bps | dir=SHORT_LAGGER | bid_ask=-88.19bps ask_bid=74.96bps | leader=binance_futures lagger=gate_futures direction=SHORT_LAGGER bid_ask=-88.19 ask_bid=74.96
2026-02-27T16:19:28.702845Z  INFO lead_lag_classic signal #748: ESPUSDT | spread=36.27bps | dir=SHORT_LAGGER | bid_ask=-41.50bps ask_bid=36.27bps | leader=binance_futures lagger=gate_futures direction=SHORT_LAGGER bid_ask=-41.50 ask_bid=36.27
2026-02-27T16:19:28.702934Z  INFO lead_lag_classic signal #749: POWERUSDT | spread=130.18bps | dir=SHORT_LAGGER | bid_ask=-136.63bps ask_bid=130.18bps | leader=binance_futures lagger=gate_futures direction=SHORT_LAGGER bid_ask=-136.63 ask_bid=130.18
2026-02-27T16:19:28.703003Z  INFO lead_lag_classic signal #750: SAHARAUSDT | spread=171.99bps | dir=SHORT_LAGGER | bid_ask=-188.98bps ask_bid=171.99bps | leader=binance_futures lagger=gate_futures direction=SHORT_LAGGER bid_ask=-188.98 ask_bid=171.99
2026-02-27T16:19:28.743014Z  INFO lead_lag_classic signal #751: ENSOUSDT | spread=74.96bps | dir=SHORT_LAGGER | bid_ask=-88.19bps ask_bid=74.96bps | leader=binance_futures lagger=gate_futures direction=SHORT_LAGGER bid_ask=-88.19 ask_bid=74.96
2026-02-27T16:19:28.743090Z  INFO lead_lag_classic signal #752: ESPUSDT | spread=36.27bps | dir=SHORT_LAGGER | bid_ask=-41.50bps ask_bid=36.27bps | leader=binance_futures lagger=gate_futures direction=SHORT_LAGGER bid_ask=-41.50 ask_bid=36.27
2026-02-27T16:19:28.743155Z  INFO lead_lag_classic signal #753: POWERUSDT | spread=130.18bps | dir=SHORT_LAGGER | bid_ask=-136.89bps ask_bid=130.18bps | leader=binance_futures lagger=gate_futures direction=SHORT_LAGGER bid_ask=-136.89 ask_bid=130.18
2026-02-27T16:19:28.743194Z  INFO lead_lag_classic signal #754: SAHARAUSDT | spread=171.99bps | dir=SHORT_LAGGER | bid_ask=-188.98bps ask_bid=171.99bps | leader=binance_futures lagger=gate_futures direction=SHORT_LAGGER bid_ask=-188.98 ask_bid=171.99
2026-02-27T16:19:29.112378Z  INFO lead_lag_classic signal #755: ENSOUSDT | spread=74.96bps | dir=SHORT_LAGGER | bid_ask=-88.19bps ask_bid=74.96bps | leader=binance_futures lagger=gate_futures direction=SHORT_LAGGER bid_ask=-88.19 ask_bid=74.96
2026-02-27T16:19:29.112450Z  INFO lead_lag_classic signal #756: ESPUSDT | spread=36.27bps | dir=SHORT_LAGGER | bid_ask=-41.50bps ask_bid=36.27bps | leader=binance_futures lagger=gate_futures direction=SHORT_LAGGER bid_ask=-41.50 ask_bid=36.27
2026-02-27T16:19:29.112541Z  INFO lead_lag_classic signal #757: POWERUSDT | spread=129.26bps | dir=SHORT_LAGGER | bid_ask=-137.83bps ask_bid=129.26bps | leader=binance_futures lagger=gate_futures direction=SHORT_LAGGER bid_ask=-137.83 ask_bid=129.26
2026-02-27T16:19:29.112604Z  INFO lead_lag_classic signal #758: SAHARAUSDT | spread=184.28bps | dir=SHORT_LAGGER | bid_ask=-196.79bps ask_bid=184.28bps | leader=binance_futures lagger=gate_futures direction=SHORT_LAGGER bid_ask=-196.79 ask_bid=184.28
2026-02-27T16:19:29.150701Z  INFO lead_lag_classic signal #759: POWERUSDT | spread=128.86bps | dir=SHORT_LAGGER | bid_ask=-134.84bps ask_bid=128.86bps | leader=binance_futures lagger=gate_futures direction=SHORT_LAGGER bid_ask=-134.84 ask_bid=128.86
2026-02-27T16:19:29.150782Z  INFO lead_lag_classic signal #760: SAHARAUSDT | spread=192.62bps | dir=SHORT_LAGGER | bid_ask=-204.82bps ask_bid=192.62bps | leader=binance_futures lagger=gate_futures direction=SHORT_LAGGER bid_ask=-204.82 ask_bid=192.62
2026-02-27T16:19:29.314455Z  INFO lead_lag_classic signal #761: POWERUSDT | spread=128.86bps | dir=SHORT_LAGGER | bid_ask=-134.84bps ask_bid=128.86bps | leader=binance_futures lagger=gate_futures direction=SHORT_LAGGER bid_ask=-134.84 ask_bid=128.86
2026-02-27T16:19:29.314526Z  INFO lead_lag_classic signal #762: SAHARAUSDT | spread=175.94bps | dir=SHORT_LAGGER | bid_ask=-188.76bps ask_bid=175.94bps | leader=binance_futures lagger=gate_futures direction=SHORT_LAGGER bid_ask=-188.76 ask_bid=175.94
2026-02-27T16:19:29.940090Z  INFO lead_lag_classic signal #763: ATHUSDT | spread=50.25bps | dir=SHORT_LAGGER | bid_ask=-68.22bps ask_bid=50.25bps | leader=binance_futures lagger=gate_futures direction=SHORT_LAGGER bid_ask=-68.22 ask_bid=50.25
2026-02-27T16:19:29.940230Z  INFO lead_lag_classic signal #764: ESPUSDT | spread=36.27bps | dir=SHORT_LAGGER | bid_ask=-41.50bps ask_bid=36.27bps | leader=binance_futures lagger=gate_futures direction=SHORT_LAGGER bid_ask=-41.50 ask_bid=36.27
2026-02-27T16:19:29.940331Z  INFO lead_lag_classic signal #765: POWERUSDT | spread=130.75bps | dir=SHORT_LAGGER | bid_ask=-140.01bps ask_bid=130.75bps | leader=binance_futures lagger=gate_futures direction=SHORT_LAGGER bid_ask=-140.01 ask_bid=130.75
2026-02-27T16:19:29.940388Z  INFO lead_lag_classic signal #766: SAHARAUSDT | spread=188.29bps | dir=SHORT_LAGGER | bid_ask=-192.77bps ask_bid=188.29bps | leader=binance_futures lagger=gate_futures direction=SHORT_LAGGER bid_ask=-192.77 ask_bid=188.29
2026-02-27T16:19:30.079007Z  INFO lead_lag_classic signal #767: POWERUSDT | spread=133.63bps | dir=SHORT_LAGGER | bid_ask=-141.35bps ask_bid=133.63bps | leader=binance_futures lagger=gate_futures direction=SHORT_LAGGER bid_ask=-141.35 ask_bid=133.63
2026-02-27T16:19:30.079100Z  INFO lead_lag_classic signal #768: SAHARAUSDT | spread=192.47bps | dir=SHORT_LAGGER | bid_ask=-196.79bps ask_bid=192.47bps | leader=binance_futures lagger=gate_futures direction=SHORT_LAGGER bid_ask=-196.79 ask_bid=192.47
2026-02-27T16:19:30.475600Z  INFO lead_lag_classic signal #769: ATHUSDT | spread=50.25bps | dir=SHORT_LAGGER | bid_ask=-68.22bps ask_bid=50.25bps | leader=binance_futures lagger=gate_futures direction=SHORT_LAGGER bid_ask=-68.22 ask_bid=50.25
2026-02-27T16:19:30.475711Z  INFO lead_lag_classic signal #770: ESPUSDT | spread=36.27bps | dir=SHORT_LAGGER | bid_ask=-41.50bps ask_bid=36.27bps | leader=binance_futures lagger=gate_futures direction=SHORT_LAGGER bid_ask=-41.50 ask_bid=36.27
2026-02-27T16:19:30.475792Z  INFO lead_lag_classic signal #771: POWERUSDT | spread=130.51bps | dir=SHORT_LAGGER | bid_ask=-138.95bps ask_bid=130.51bps | leader=binance_futures lagger=gate_futures direction=SHORT_LAGGER bid_ask=-138.95 ask_bid=130.51
2026-02-27T16:19:30.475858Z  INFO lead_lag_classic signal #772: SAHARAUSDT | spread=188.60bps | dir=SHORT_LAGGER | bid_ask=-200.96bps ask_bid=188.60bps | leader=binance_futures lagger=gate_futures direction=SHORT_LAGGER bid_ask=-200.96 ask_bid=188.60
2026-02-27T16:19:30.955262Z  INFO lead_lag_classic signal #773: POWERUSDT | spread=134.15bps | dir=SHORT_LAGGER | bid_ask=-139.35bps ask_bid=134.15bps | leader=binance_futures lagger=gate_futures direction=SHORT_LAGGER bid_ask=-139.35 ask_bid=134.15
2026-02-27T16:19:30.955357Z  INFO lead_lag_classic signal #774: SAHARAUSDT | spread=176.59bps | dir=SHORT_LAGGER | bid_ask=-185.48bps ask_bid=176.59bps | leader=binance_futures lagger=gate_futures direction=SHORT_LAGGER bid_ask=-185.48 ask_bid=176.59
2026-02-27T16:19:31.381460Z  INFO Status: tickers=22044 (+1339/5s) signals=774 drift=[n=1339 avg=88ms p50=66ms p95=232ms p99=465ms max=685ms]
2026-02-27T16:19:31.753496Z  INFO lead_lag_classic signal #775: POWERUSDT | spread=130.00bps | dir=SHORT_LAGGER | bid_ask=-135.94bps ask_bid=130.00bps | leader=binance_futures lagger=gate_futures direction=SHORT_LAGGER bid_ask=-135.94 ask_bid=130.00
2026-02-27T16:19:31.753726Z  INFO lead_lag_classic signal #776: SAHARAUSDT | spread=189.69bps | dir=SHORT_LAGGER | bid_ask=-198.14bps ask_bid=189.69bps | leader=binance_futures lagger=gate_futures direction=SHORT_LAGGER bid_ask=-198.14 ask_bid=189.69
2026-02-27T16:19:32.122060Z  INFO lead_lag_classic signal #777: ATHUSDT | spread=38.55bps | dir=SHORT_LAGGER | bid_ask=-56.67bps ask_bid=38.55bps | leader=binance_futures lagger=gate_futures direction=SHORT_LAGGER bid_ask=-56.67 ask_bid=38.55
2026-02-27T16:19:32.438318Z  INFO lead_lag_classic signal #778: ATHUSDT | spread=36.86bps | dir=SHORT_LAGGER | bid_ask=-55.00bps ask_bid=36.86bps | leader=binance_futures lagger=gate_futures direction=SHORT_LAGGER bid_ask=-55.00 ask_bid=36.86
2026-02-27T16:19:32.438428Z  INFO lead_lag_classic signal #779: ESPUSDT | spread=36.28bps | dir=SHORT_LAGGER | bid_ask=-42.28bps ask_bid=36.28bps | leader=binance_futures lagger=gate_futures direction=SHORT_LAGGER bid_ask=-42.28 ask_bid=36.28
2026-02-27T16:19:32.438516Z  INFO lead_lag_classic signal #780: POWERUSDT | spread=131.51bps | dir=SHORT_LAGGER | bid_ask=-137.91bps ask_bid=131.51bps | leader=binance_futures lagger=gate_futures direction=SHORT_LAGGER bid_ask=-137.91 ask_bid=131.51
2026-02-27T16:19:32.681836Z  INFO lead_lag_classic signal #781: ATHUSDT | spread=36.86bps | dir=SHORT_LAGGER | bid_ask=-55.00bps ask_bid=36.86bps | leader=binance_futures lagger=gate_futures direction=SHORT_LAGGER bid_ask=-55.00 ask_bid=36.86
2026-02-27T16:19:32.681971Z  INFO lead_lag_classic signal #782: POWERUSDT | spread=131.77bps | dir=SHORT_LAGGER | bid_ask=-137.66bps ask_bid=131.77bps | leader=binance_futures lagger=gate_futures direction=SHORT_LAGGER bid_ask=-137.66 ask_bid=131.77
2026-02-27T16:19:32.682023Z  INFO lead_lag_classic signal #783: SAHARAUSDT | spread=176.95bps | dir=SHORT_LAGGER | bid_ask=-193.78bps ask_bid=176.95bps | leader=binance_futures lagger=gate_futures direction=SHORT_LAGGER bid_ask=-193.78 ask_bid=176.95
2026-02-27T16:19:33.034720Z  INFO lead_lag_classic signal #784: ESPUSDT | spread=33.19bps | dir=SHORT_LAGGER | bid_ask=-42.28bps ask_bid=33.19bps | leader=binance_futures lagger=gate_futures direction=SHORT_LAGGER bid_ask=-42.28 ask_bid=33.19
2026-02-27T16:19:33.034847Z  INFO lead_lag_classic signal #785: POWERUSDT | spread=134.91bps | dir=SHORT_LAGGER | bid_ask=-137.02bps ask_bid=134.91bps | leader=binance_futures lagger=gate_futures direction=SHORT_LAGGER bid_ask=-137.02 ask_bid=134.91
2026-02-27T16:19:33.034900Z  INFO lead_lag_classic signal #786: SAHARAUSDT | spread=168.65bps | dir=SHORT_LAGGER | bid_ask=-181.82bps ask_bid=168.65bps | leader=binance_futures lagger=gate_futures direction=SHORT_LAGGER bid_ask=-181.82 ask_bid=168.65
2026-02-27T16:19:33.773999Z  INFO lead_lag_classic signal #787: ATHUSDT | spread=33.50bps | dir=SHORT_LAGGER | bid_ask=-56.67bps ask_bid=33.50bps | leader=binance_futures lagger=gate_futures direction=SHORT_LAGGER bid_ask=-56.67 ask_bid=33.50
2026-02-27T16:19:33.774286Z  INFO lead_lag_classic signal #788: ENSOUSDT | spread=71.43bps | dir=SHORT_LAGGER | bid_ask=-85.41bps ask_bid=71.43bps | leader=binance_futures lagger=gate_futures direction=SHORT_LAGGER bid_ask=-85.41 ask_bid=71.43
2026-02-27T16:19:33.774391Z  INFO lead_lag_classic signal #789: ESPUSDT | spread=36.28bps | dir=SHORT_LAGGER | bid_ask=-42.28bps ask_bid=36.28bps | leader=binance_futures lagger=gate_futures direction=SHORT_LAGGER bid_ask=-42.28 ask_bid=36.28
2026-02-27T16:19:33.774519Z  INFO lead_lag_classic signal #790: POWERUSDT | spread=132.42bps | dir=SHORT_LAGGER | bid_ask=-139.12bps ask_bid=132.42bps | leader=binance_futures lagger=gate_futures direction=SHORT_LAGGER bid_ask=-139.12 ask_bid=132.42
2026-02-27T16:19:33.774657Z  INFO lead_lag_classic signal #791: SAHARAUSDT | spread=185.26bps | dir=SHORT_LAGGER | bid_ask=-193.86bps ask_bid=185.26bps | leader=binance_futures lagger=gate_futures direction=SHORT_LAGGER bid_ask=-193.86 ask_bid=185.26
2026-02-27T16:19:33.978514Z  INFO lead_lag_classic signal #792: ATHUSDT | spread=31.82bps | dir=SHORT_LAGGER | bid_ask=-53.33bps ask_bid=31.82bps | leader=binance_futures lagger=gate_futures direction=SHORT_LAGGER bid_ask=-53.33 ask_bid=31.82
2026-02-27T16:19:33.978608Z  INFO lead_lag_classic signal #793: ENSOUSDT | spread=71.43bps | dir=SHORT_LAGGER | bid_ask=-85.41bps ask_bid=71.43bps | leader=binance_futures lagger=gate_futures direction=SHORT_LAGGER bid_ask=-85.41 ask_bid=71.43
2026-02-27T16:19:33.978654Z  INFO lead_lag_classic signal #794: ESPUSDT | spread=36.28bps | dir=SHORT_LAGGER | bid_ask=-42.28bps ask_bid=36.28bps | leader=binance_futures lagger=gate_futures direction=SHORT_LAGGER bid_ask=-42.28 ask_bid=36.28
2026-02-27T16:19:33.978733Z  INFO lead_lag_classic signal #795: POWERUSDT | spread=136.15bps | dir=SHORT_LAGGER | bid_ask=-141.92bps ask_bid=136.15bps | leader=binance_futures lagger=gate_futures direction=SHORT_LAGGER bid_ask=-141.92 ask_bid=136.15
2026-02-27T16:19:33.978794Z  INFO lead_lag_classic signal #796: SAHARAUSDT | spread=181.07bps | dir=SHORT_LAGGER | bid_ask=-193.86bps ask_bid=181.07bps | leader=binance_futures lagger=gate_futures direction=SHORT_LAGGER bid_ask=-193.86 ask_bid=181.07
2026-02-27T16:19:34.040290Z  INFO lead_lag_classic signal #797: ATHUSDT | spread=31.82bps | dir=SHORT_LAGGER | bid_ask=-51.67bps ask_bid=31.82bps | leader=binance_futures lagger=gate_futures direction=SHORT_LAGGER bid_ask=-51.67 ask_bid=31.82
2026-02-27T16:19:34.040410Z  INFO lead_lag_classic signal #798: SAHARAUSDT | spread=193.65bps | dir=SHORT_LAGGER | bid_ask=-201.94bps ask_bid=193.65bps | leader=binance_futures lagger=gate_futures direction=SHORT_LAGGER bid_ask=-201.94 ask_bid=193.65
2026-02-27T16:19:35.357703Z  INFO lead_lag_classic signal #799: ATHUSDT | spread=40.23bps | dir=SHORT_LAGGER | bid_ask=-61.67bps ask_bid=40.23bps | leader=binance_futures lagger=gate_futures direction=SHORT_LAGGER bid_ask=-61.67 ask_bid=40.23
2026-02-27T16:19:35.357822Z  INFO lead_lag_classic signal #800: ENSOUSDT | spread=72.13bps | dir=SHORT_LAGGER | bid_ask=-85.41bps ask_bid=72.13bps | leader=binance_futures lagger=gate_futures direction=SHORT_LAGGER bid_ask=-85.41 ask_bid=72.13
2026-02-27T16:19:35.357868Z  INFO lead_lag_classic signal #801: ESPUSDT | spread=37.05bps | dir=SHORT_LAGGER | bid_ask=-43.04bps ask_bid=37.05bps | leader=binance_futures lagger=gate_futures direction=SHORT_LAGGER bid_ask=-43.04 ask_bid=37.05
2026-02-27T16:19:35.357962Z  INFO lead_lag_classic signal #802: POWERUSDT | spread=134.43bps | dir=SHORT_LAGGER | bid_ask=-141.03bps ask_bid=134.43bps | leader=binance_futures lagger=gate_futures direction=SHORT_LAGGER bid_ask=-141.03 ask_bid=134.43
2026-02-27T16:19:35.358024Z  INFO lead_lag_classic signal #803: SAHARAUSDT | spread=177.47bps | dir=SHORT_LAGGER | bid_ask=-186.39bps ask_bid=177.47bps | leader=binance_futures lagger=gate_futures direction=SHORT_LAGGER bid_ask=-186.39 ask_bid=177.47
2026-02-27T16:19:35.731149Z  INFO lead_lag_classic signal #804: ATHUSDT | spread=40.23bps | dir=SHORT_LAGGER | bid_ask=-61.67bps ask_bid=40.23bps | leader=binance_futures lagger=gate_futures direction=SHORT_LAGGER bid_ask=-61.67 ask_bid=40.23
2026-02-27T16:19:35.731249Z  INFO lead_lag_classic signal #805: ESPUSDT | spread=37.05bps | dir=SHORT_LAGGER | bid_ask=-43.04bps ask_bid=37.05bps | leader=binance_futures lagger=gate_futures direction=SHORT_LAGGER bid_ask=-43.04 ask_bid=37.05
2026-02-27T16:19:35.731333Z  INFO lead_lag_classic signal #806: POWERUSDT | spread=135.48bps | dir=SHORT_LAGGER | bid_ask=-140.65bps ask_bid=135.48bps | leader=binance_futures lagger=gate_futures direction=SHORT_LAGGER bid_ask=-140.65 ask_bid=135.48
2026-02-27T16:19:35.731393Z  INFO lead_lag_classic signal #807: SAHARAUSDT | spread=169.00bps | dir=SHORT_LAGGER | bid_ask=-182.19bps ask_bid=169.00bps | leader=binance_futures lagger=gate_futures direction=SHORT_LAGGER bid_ask=-182.19 ask_bid=169.00
2026-02-27T16:19:35.914380Z  INFO lead_lag_classic signal #808: ATHUSDT | spread=40.23bps | dir=SHORT_LAGGER | bid_ask=-61.67bps ask_bid=40.23bps | leader=binance_futures lagger=gate_futures direction=SHORT_LAGGER bid_ask=-61.67 ask_bid=40.23
2026-02-27T16:19:35.914525Z  INFO lead_lag_classic signal #809: POWERUSDT | spread=137.18bps | dir=SHORT_LAGGER | bid_ask=-142.30bps ask_bid=137.18bps | leader=binance_futures lagger=gate_futures direction=SHORT_LAGGER bid_ask=-142.30 ask_bid=137.18
2026-02-27T16:19:35.914583Z  INFO lead_lag_classic signal #810: SAHARAUSDT | spread=169.00bps | dir=SHORT_LAGGER | bid_ask=-182.19bps ask_bid=169.00bps | leader=binance_futures lagger=gate_futures direction=SHORT_LAGGER bid_ask=-182.19 ask_bid=169.00
2026-02-27T16:19:36.191896Z  INFO lead_lag_classic signal #811: ATHUSDT | spread=41.91bps | dir=SHORT_LAGGER | bid_ask=-63.33bps ask_bid=41.91bps | leader=binance_futures lagger=gate_futures direction=SHORT_LAGGER bid_ask=-63.33 ask_bid=41.91
2026-02-27T16:19:36.192061Z  INFO lead_lag_classic signal #812: POWERUSDT | spread=135.41bps | dir=SHORT_LAGGER | bid_ask=-139.95bps ask_bid=135.41bps | leader=binance_futures lagger=gate_futures direction=SHORT_LAGGER bid_ask=-139.95 ask_bid=135.41
2026-02-27T16:19:36.192146Z  INFO lead_lag_classic signal #813: SAHARAUSDT | spread=177.32bps | dir=SHORT_LAGGER | bid_ask=-190.21bps ask_bid=177.32bps | leader=binance_futures lagger=gate_futures direction=SHORT_LAGGER bid_ask=-190.21 ask_bid=177.32
2026-02-27T16:19:36.612410Z  INFO lead_lag_classic signal #814: ATHUSDT | spread=43.59bps | dir=SHORT_LAGGER | bid_ask=-63.33bps ask_bid=43.59bps | leader=binance_futures lagger=gate_futures direction=SHORT_LAGGER bid_ask=-63.33 ask_bid=43.59
2026-02-27T16:19:36.612508Z  INFO lead_lag_classic signal #815: ENSOUSDT | spread=72.84bps | dir=SHORT_LAGGER | bid_ask=-85.42bps ask_bid=72.84bps | leader=binance_futures lagger=gate_futures direction=SHORT_LAGGER bid_ask=-85.42 ask_bid=72.84
2026-02-27T16:19:36.612609Z  INFO lead_lag_classic signal #816: POWERUSDT | spread=133.56bps | dir=SHORT_LAGGER | bid_ask=-141.29bps ask_bid=133.56bps | leader=binance_futures lagger=gate_futures direction=SHORT_LAGGER bid_ask=-141.29 ask_bid=133.56
2026-02-27T16:19:36.612676Z  INFO lead_lag_classic signal #817: SAHARAUSDT | spread=177.39bps | dir=SHORT_LAGGER | bid_ask=-190.28bps ask_bid=177.39bps | leader=binance_futures lagger=gate_futures direction=SHORT_LAGGER bid_ask=-190.28 ask_bid=177.39
2026-02-27T16:19:36.613361Z  INFO Status: tickers=23396 (+1352/5s) signals=817 drift=[n=1352 avg=104ms p50=83ms p95=262ms p99=450ms max=778ms]
2026-02-27T16:19:36.833253Z  INFO lead_lag_classic signal #818: ENSOUSDT | spread=72.84bps | dir=SHORT_LAGGER | bid_ask=-85.42bps ask_bid=72.84bps | leader=binance_futures lagger=gate_futures direction=SHORT_LAGGER bid_ask=-85.42 ask_bid=72.84
2026-02-27T16:19:36.833367Z  INFO lead_lag_classic signal #819: POWERUSDT | spread=133.36bps | dir=SHORT_LAGGER | bid_ask=-141.61bps ask_bid=133.36bps | leader=binance_futures lagger=gate_futures direction=SHORT_LAGGER bid_ask=-141.61 ask_bid=133.36
2026-02-27T16:19:36.833426Z  INFO lead_lag_classic signal #820: SAHARAUSDT | spread=169.00bps | dir=SHORT_LAGGER | bid_ask=-182.19bps ask_bid=169.00bps | leader=binance_futures lagger=gate_futures direction=SHORT_LAGGER bid_ask=-182.19 ask_bid=169.00
2026-02-27T16:19:37.091710Z  INFO lead_lag_classic signal #821: ENSOUSDT | spread=72.13bps | dir=SHORT_LAGGER | bid_ask=-85.41bps ask_bid=72.13bps | leader=binance_futures lagger=gate_futures direction=SHORT_LAGGER bid_ask=-85.41 ask_bid=72.13
2026-02-27T16:19:37.091863Z  INFO lead_lag_classic signal #822: ESPUSDT | spread=35.50bps | dir=SHORT_LAGGER | bid_ask=-42.28bps ask_bid=35.50bps | leader=binance_futures lagger=gate_futures direction=SHORT_LAGGER bid_ask=-42.28 ask_bid=35.50
2026-02-27T16:19:37.091966Z  INFO lead_lag_classic signal #823: POWERUSDT | spread=133.36bps | dir=SHORT_LAGGER | bid_ask=-141.67bps ask_bid=133.36bps | leader=binance_futures lagger=gate_futures direction=SHORT_LAGGER bid_ask=-141.67 ask_bid=133.36
2026-02-27T16:19:37.724762Z  INFO lead_lag_classic signal #824: ENSOUSDT | spread=74.25bps | dir=SHORT_LAGGER | bid_ask=-86.81bps ask_bid=74.25bps | leader=binance_futures lagger=gate_futures direction=SHORT_LAGGER bid_ask=-86.81 ask_bid=74.25
2026-02-27T16:19:37.817282Z  INFO lead_lag_classic signal #825: ENSOUSDT | spread=74.25bps | dir=SHORT_LAGGER | bid_ask=-86.81bps ask_bid=74.25bps | leader=binance_futures lagger=gate_futures direction=SHORT_LAGGER bid_ask=-86.81 ask_bid=74.25
2026-02-27T16:19:37.817401Z  INFO lead_lag_classic signal #826: POWERUSDT | spread=133.22bps | dir=SHORT_LAGGER | bid_ask=-140.34bps ask_bid=133.22bps | leader=binance_futures lagger=gate_futures direction=SHORT_LAGGER bid_ask=-140.34 ask_bid=133.22
2026-02-27T16:19:37.817457Z  INFO lead_lag_classic signal #827: SAHARAUSDT | spread=169.07bps | dir=SHORT_LAGGER | bid_ask=-182.26bps ask_bid=169.07bps | leader=binance_futures lagger=gate_futures direction=SHORT_LAGGER bid_ask=-182.26 ask_bid=169.07
2026-02-27T16:19:37.882498Z  INFO lead_lag_classic signal #828: POWERUSDT | spread=133.22bps | dir=SHORT_LAGGER | bid_ask=-140.34bps ask_bid=133.22bps | leader=binance_futures lagger=gate_futures direction=SHORT_LAGGER bid_ask=-140.34 ask_bid=133.22
2026-02-27T16:19:37.882574Z  INFO lead_lag_classic signal #829: SAHARAUSDT | spread=160.69bps | dir=SHORT_LAGGER | bid_ask=-174.16bps ask_bid=160.69bps | leader=binance_futures lagger=gate_futures direction=SHORT_LAGGER bid_ask=-174.16 ask_bid=160.69
2026-02-27T16:19:37.963271Z  INFO lead_lag_classic signal #830: POWERUSDT | spread=135.45bps | dir=SHORT_LAGGER | bid_ask=-142.50bps ask_bid=135.45bps | leader=binance_futures lagger=gate_futures direction=SHORT_LAGGER bid_ask=-142.50 ask_bid=135.45
2026-02-27T16:19:37.963367Z  INFO lead_lag_classic signal #831: SAHARAUSDT | spread=156.51bps | dir=SHORT_LAGGER | bid_ask=-174.16bps ask_bid=156.51bps | leader=binance_futures lagger=gate_futures direction=SHORT_LAGGER bid_ask=-174.16 ask_bid=156.51
2026-02-27T16:19:38.191470Z  INFO lead_lag_classic signal #832: ENSOUSDT | spread=74.25bps | dir=SHORT_LAGGER | bid_ask=-86.81bps ask_bid=74.25bps | leader=binance_futures lagger=gate_futures direction=SHORT_LAGGER bid_ask=-86.81 ask_bid=74.25
2026-02-27T16:19:38.191559Z  INFO lead_lag_classic signal #833: ESPUSDT | spread=35.50bps | dir=SHORT_LAGGER | bid_ask=-42.28bps ask_bid=35.50bps | leader=binance_futures lagger=gate_futures direction=SHORT_LAGGER bid_ask=-42.28 ask_bid=35.50
2026-02-27T16:19:38.191647Z  INFO lead_lag_classic signal #834: POWERUSDT | spread=135.09bps | dir=SHORT_LAGGER | bid_ask=-142.10bps ask_bid=135.09bps | leader=binance_futures lagger=gate_futures direction=SHORT_LAGGER bid_ask=-142.10 ask_bid=135.09
2026-02-27T16:19:38.191702Z  INFO lead_lag_classic signal #835: SAHARAUSDT | spread=177.25bps | dir=SHORT_LAGGER | bid_ask=-194.10bps ask_bid=177.25bps | leader=binance_futures lagger=gate_futures direction=SHORT_LAGGER bid_ask=-194.10 ask_bid=177.25
2026-02-27T16:19:38.399583Z  INFO lead_lag_classic signal #836: ENSOUSDT | spread=74.96bps | dir=SHORT_LAGGER | bid_ask=-87.50bps ask_bid=74.96bps | leader=binance_futures lagger=gate_futures direction=SHORT_LAGGER bid_ask=-87.50 ask_bid=74.96
2026-02-27T16:19:38.399652Z  INFO lead_lag_classic signal #837: ESPUSDT | spread=35.50bps | dir=SHORT_LAGGER | bid_ask=-42.28bps ask_bid=35.50bps | leader=binance_futures lagger=gate_futures direction=SHORT_LAGGER bid_ask=-42.28 ask_bid=35.50
2026-02-27T16:19:38.399731Z  INFO lead_lag_classic signal #838: POWERUSDT | spread=134.37bps | dir=SHORT_LAGGER | bid_ask=-140.83bps ask_bid=134.37bps | leader=binance_futures lagger=gate_futures direction=SHORT_LAGGER bid_ask=-140.83 ask_bid=134.37
2026-02-27T16:19:38.399775Z  INFO lead_lag_classic signal #839: SAHARAUSDT | spread=181.44bps | dir=SHORT_LAGGER | bid_ask=-198.14bps ask_bid=181.44bps | leader=binance_futures lagger=gate_futures direction=SHORT_LAGGER bid_ask=-198.14 ask_bid=181.44
2026-02-27T16:19:38.649124Z  INFO lead_lag_classic signal #840: POWERUSDT | spread=128.28bps | dir=SHORT_LAGGER | bid_ask=-135.47bps ask_bid=128.28bps | leader=binance_futures lagger=gate_futures direction=SHORT_LAGGER bid_ask=-135.47 ask_bid=128.28
2026-02-27T16:19:38.649214Z  INFO lead_lag_classic signal #841: SAHARAUSDT | spread=181.44bps | dir=SHORT_LAGGER | bid_ask=-198.14bps ask_bid=181.44bps | leader=binance_futures lagger=gate_futures direction=SHORT_LAGGER bid_ask=-198.14 ask_bid=181.44
2026-02-27T16:19:38.962452Z  INFO lead_lag_classic signal #842: ESPUSDT | spread=37.05bps | dir=SHORT_LAGGER | bid_ask=-43.81bps ask_bid=37.05bps | leader=binance_futures lagger=gate_futures direction=SHORT_LAGGER bid_ask=-43.81 ask_bid=37.05
2026-02-27T16:19:38.962584Z  INFO lead_lag_classic signal #843: SAHARAUSDT | spread=169.00bps | dir=SHORT_LAGGER | bid_ask=-182.19bps ask_bid=169.00bps | leader=binance_futures lagger=gate_futures direction=SHORT_LAGGER bid_ask=-182.19 ask_bid=169.00
2026-02-27T16:19:39.120018Z  INFO lead_lag_classic signal #844: POWERUSDT | spread=135.89bps | dir=SHORT_LAGGER | bid_ask=-145.02bps ask_bid=135.89bps | leader=binance_futures lagger=gate_futures direction=SHORT_LAGGER bid_ask=-145.02 ask_bid=135.89
2026-02-27T16:19:39.120104Z  INFO lead_lag_classic signal #845: SAHARAUSDT | spread=169.00bps | dir=SHORT_LAGGER | bid_ask=-186.23bps ask_bid=169.00bps | leader=binance_futures lagger=gate_futures direction=SHORT_LAGGER bid_ask=-186.23 ask_bid=169.00
2026-02-27T16:19:39.671457Z  INFO lead_lag_classic signal #846: ATHUSDT | spread=46.96bps | dir=SHORT_LAGGER | bid_ask=-65.00bps ask_bid=46.96bps | leader=binance_futures lagger=gate_futures direction=SHORT_LAGGER bid_ask=-65.00 ask_bid=46.96
2026-02-27T16:19:39.671575Z  INFO lead_lag_classic signal #847: ESPUSDT | spread=35.51bps | dir=SHORT_LAGGER | bid_ask=-42.28bps ask_bid=35.51bps | leader=binance_futures lagger=gate_futures direction=SHORT_LAGGER bid_ask=-42.28 ask_bid=35.51
2026-02-27T16:19:39.903205Z  INFO lead_lag_classic signal #848: ATHUSDT | spread=50.34bps | dir=SHORT_LAGGER | bid_ask=-71.67bps ask_bid=50.34bps | leader=binance_futures lagger=gate_futures direction=SHORT_LAGGER bid_ask=-71.67 ask_bid=50.34
2026-02-27T16:19:39.903490Z  INFO lead_lag_classic signal #849: ESPUSDT | spread=35.51bps | dir=SHORT_LAGGER | bid_ask=-42.28bps ask_bid=35.51bps | leader=binance_futures lagger=gate_futures direction=SHORT_LAGGER bid_ask=-42.28 ask_bid=35.51
2026-02-27T16:19:39.903584Z  INFO lead_lag_classic signal #850: POWERUSDT | spread=140.04bps | dir=SHORT_LAGGER | bid_ask=-143.19bps ask_bid=140.04bps | leader=binance_futures lagger=gate_futures direction=SHORT_LAGGER bid_ask=-143.19 ask_bid=140.04
2026-02-27T16:19:39.903642Z  INFO lead_lag_classic signal #851: SAHARAUSDT | spread=148.15bps | dir=SHORT_LAGGER | bid_ask=-162.01bps ask_bid=148.15bps | leader=binance_futures lagger=gate_futures direction=SHORT_LAGGER bid_ask=-162.01 ask_bid=148.15
2026-02-27T16:19:40.447042Z  INFO lead_lag_classic signal #852: ATHUSDT | spread=48.65bps | dir=SHORT_LAGGER | bid_ask=-68.33bps ask_bid=48.65bps | leader=binance_futures lagger=gate_futures direction=SHORT_LAGGER bid_ask=-68.33 ask_bid=48.65
2026-02-27T16:19:40.447154Z  INFO lead_lag_classic signal #853: ENSOUSDT | spread=76.33bps | dir=SHORT_LAGGER | bid_ask=-90.22bps ask_bid=76.33bps | leader=binance_futures lagger=gate_futures direction=SHORT_LAGGER bid_ask=-90.22 ask_bid=76.33
2026-02-27T16:19:40.447249Z  INFO lead_lag_classic signal #854: POWERUSDT | spread=140.14bps | dir=SHORT_LAGGER | bid_ask=-141.40bps ask_bid=140.14bps | leader=binance_futures lagger=gate_futures direction=SHORT_LAGGER bid_ask=-141.40 ask_bid=140.14
2026-02-27T16:19:40.447310Z  INFO lead_lag_classic signal #855: SAHARAUSDT | spread=173.05bps | dir=SHORT_LAGGER | bid_ask=-186.08bps ask_bid=173.05bps | leader=binance_futures lagger=gate_futures direction=SHORT_LAGGER bid_ask=-186.08 ask_bid=173.05
2026-02-27T16:19:41.035396Z  INFO lead_lag_classic signal #856: ATHUSDT | spread=48.65bps | dir=SHORT_LAGGER | bid_ask=-68.33bps ask_bid=48.65bps | leader=binance_futures lagger=gate_futures direction=SHORT_LAGGER bid_ask=-68.33 ask_bid=48.65
2026-02-27T16:19:41.035484Z  INFO lead_lag_classic signal #857: BULLAUSDT | spread=38.46bps | dir=LONG_LAGGER | bid_ask=38.46bps ask_bid=-108.49bps | leader=binance_futures lagger=gate_futures direction=LONG_LAGGER bid_ask=38.46 ask_bid=-108.49
2026-02-27T16:19:41.035539Z  INFO lead_lag_classic signal #858: ENSOUSDT | spread=76.33bps | dir=SHORT_LAGGER | bid_ask=-90.22bps ask_bid=76.33bps | leader=binance_futures lagger=gate_futures direction=SHORT_LAGGER bid_ask=-90.22 ask_bid=76.33
2026-02-27T16:19:41.035665Z  INFO lead_lag_classic signal #859: POWERUSDT | spread=140.07bps | dir=SHORT_LAGGER | bid_ask=-142.17bps ask_bid=140.07bps | leader=binance_futures lagger=gate_futures direction=SHORT_LAGGER bid_ask=-142.17 ask_bid=140.07
2026-02-27T16:19:41.035729Z  INFO lead_lag_classic signal #860: SAHARAUSDT | spread=181.37bps | dir=SHORT_LAGGER | bid_ask=-194.17bps ask_bid=181.37bps | leader=binance_futures lagger=gate_futures direction=SHORT_LAGGER bid_ask=-194.17 ask_bid=181.37
2026-02-27T16:19:41.075494Z  INFO lead_lag_classic signal #861: SAHARAUSDT | spread=185.57bps | dir=SHORT_LAGGER | bid_ask=-194.17bps ask_bid=185.57bps | leader=binance_futures lagger=gate_futures direction=SHORT_LAGGER bid_ask=-194.17 ask_bid=185.57
2026-02-27T16:19:42.037318Z  INFO lead_lag_classic signal #862: BULLAUSDT | spread=38.46bps | dir=LONG_LAGGER | bid_ask=38.46bps ask_bid=-108.49bps | leader=binance_futures lagger=gate_futures direction=LONG_LAGGER bid_ask=38.46 ask_bid=-108.49
2026-02-27T16:19:42.037404Z  INFO lead_lag_classic signal #863: ENSOUSDT | spread=76.31bps | dir=SHORT_LAGGER | bid_ask=-90.20bps ask_bid=76.31bps | leader=binance_futures lagger=gate_futures direction=SHORT_LAGGER bid_ask=-90.20 ask_bid=76.31
2026-02-27T16:19:42.037449Z  INFO lead_lag_classic signal #864: ESPUSDT | spread=35.51bps | dir=SHORT_LAGGER | bid_ask=-42.28bps ask_bid=35.51bps | leader=binance_futures lagger=gate_futures direction=SHORT_LAGGER bid_ask=-42.28 ask_bid=35.51
2026-02-27T16:19:42.037535Z  INFO lead_lag_classic signal #865: POWERUSDT | spread=137.87bps | dir=SHORT_LAGGER | bid_ask=-136.69bps ask_bid=137.87bps | leader=binance_futures lagger=gate_futures direction=SHORT_LAGGER bid_ask=-136.69 ask_bid=137.87
2026-02-27T16:19:42.037603Z  INFO lead_lag_classic signal #866: SAHARAUSDT | spread=177.47bps | dir=SHORT_LAGGER | bid_ask=-194.33bps ask_bid=177.47bps | leader=binance_futures lagger=gate_futures direction=SHORT_LAGGER bid_ask=-194.33 ask_bid=177.47
2026-02-27T16:19:42.038284Z  INFO Status: tickers=24761 (+1365/5s) signals=866 drift=[n=1365 avg=102ms p50=74ms p95=304ms p99=505ms max=750ms]
2026-02-27T16:19:42.313301Z  INFO lead_lag_classic signal #867: ESPUSDT | spread=37.05bps | dir=SHORT_LAGGER | bid_ask=-43.05bps ask_bid=37.05bps | leader=binance_futures lagger=gate_futures direction=SHORT_LAGGER bid_ask=-43.05 ask_bid=37.05
2026-02-27T16:19:42.419881Z  INFO lead_lag_classic signal #868: ATHUSDT | spread=48.65bps | dir=SHORT_LAGGER | bid_ask=-68.33bps ask_bid=48.65bps | leader=binance_futures lagger=gate_futures direction=SHORT_LAGGER bid_ask=-68.33 ask_bid=48.65
2026-02-27T16:19:42.419966Z  INFO lead_lag_classic signal #869: BULLAUSDT | spread=38.46bps | dir=LONG_LAGGER | bid_ask=38.46bps ask_bid=-108.49bps | leader=binance_futures lagger=gate_futures direction=LONG_LAGGER bid_ask=38.46 ask_bid=-108.49
2026-02-27T16:19:42.420059Z  INFO lead_lag_classic signal #870: POWERUSDT | spread=138.53bps | dir=SHORT_LAGGER | bid_ask=-147.07bps ask_bid=138.53bps | leader=binance_futures lagger=gate_futures direction=SHORT_LAGGER bid_ask=-147.07 ask_bid=138.53
2026-02-27T16:19:42.420109Z  INFO lead_lag_classic signal #871: SAHARAUSDT | spread=169.07bps | dir=SHORT_LAGGER | bid_ask=-182.26bps ask_bid=169.07bps | leader=binance_futures lagger=gate_futures direction=SHORT_LAGGER bid_ask=-182.26 ask_bid=169.07
2026-02-27T16:19:42.520720Z  INFO lead_lag_classic signal #872: ATHUSDT | spread=48.65bps | dir=SHORT_LAGGER | bid_ask=-70.00bps ask_bid=48.65bps | leader=binance_futures lagger=gate_futures direction=SHORT_LAGGER bid_ask=-70.00 ask_bid=48.65
2026-02-27T16:19:42.520826Z  INFO lead_lag_classic signal #873: PIPPINUSDT | spread=32.36bps | dir=LONG_LAGGER | bid_ask=32.36bps ask_bid=-39.34bps | leader=binance_futures lagger=gate_futures direction=LONG_LAGGER bid_ask=32.36 ask_bid=-39.34
2026-02-27T16:19:42.520864Z  INFO lead_lag_classic signal #874: POWERUSDT | spread=138.53bps | dir=SHORT_LAGGER | bid_ask=-146.37bps ask_bid=138.53bps | leader=binance_futures lagger=gate_futures direction=SHORT_LAGGER bid_ask=-146.37 ask_bid=138.53
2026-02-27T16:19:42.520905Z  INFO lead_lag_classic signal #875: SAHARAUSDT | spread=169.07bps | dir=SHORT_LAGGER | bid_ask=-182.26bps ask_bid=169.07bps | leader=binance_futures lagger=gate_futures direction=SHORT_LAGGER bid_ask=-182.26 ask_bid=169.07
2026-02-27T16:19:43.159711Z  INFO lead_lag_classic signal #876: ATHUSDT | spread=48.65bps | dir=SHORT_LAGGER | bid_ask=-66.67bps ask_bid=48.65bps | leader=binance_futures lagger=gate_futures direction=SHORT_LAGGER bid_ask=-66.67 ask_bid=48.65
2026-02-27T16:19:43.159899Z  INFO lead_lag_classic signal #877: POWERUSDT | spread=139.87bps | dir=SHORT_LAGGER | bid_ask=-144.91bps ask_bid=139.87bps | leader=binance_futures lagger=gate_futures direction=SHORT_LAGGER bid_ask=-144.91 ask_bid=139.87
2026-02-27T16:19:43.159961Z  INFO lead_lag_classic signal #878: SAHARAUSDT | spread=169.00bps | dir=SHORT_LAGGER | bid_ask=-182.19bps ask_bid=169.00bps | leader=binance_futures lagger=gate_futures direction=SHORT_LAGGER bid_ask=-182.19 ask_bid=169.00
2026-02-27T16:19:43.389033Z  INFO lead_lag_classic signal #879: ATHUSDT | spread=48.65bps | dir=SHORT_LAGGER | bid_ask=-66.67bps ask_bid=48.65bps | leader=binance_futures lagger=gate_futures direction=SHORT_LAGGER bid_ask=-66.67 ask_bid=48.65
2026-02-27T16:19:43.389178Z  INFO lead_lag_classic signal #880: POWERUSDT | spread=142.70bps | dir=SHORT_LAGGER | bid_ask=-144.47bps ask_bid=142.70bps | leader=binance_futures lagger=gate_futures direction=SHORT_LAGGER bid_ask=-144.47 ask_bid=142.70
2026-02-27T16:19:43.389244Z  INFO lead_lag_classic signal #881: SAHARAUSDT | spread=169.00bps | dir=SHORT_LAGGER | bid_ask=-182.19bps ask_bid=169.00bps | leader=binance_futures lagger=gate_futures direction=SHORT_LAGGER bid_ask=-182.19 ask_bid=169.00
2026-02-27T16:19:43.759890Z  INFO lead_lag_classic signal #882: ENSOUSDT | spread=74.90bps | dir=SHORT_LAGGER | bid_ask=-88.12bps ask_bid=74.90bps | leader=binance_futures lagger=gate_futures direction=SHORT_LAGGER bid_ask=-88.12 ask_bid=74.90
2026-02-27T16:19:43.760016Z  INFO lead_lag_classic signal #883: POWERUSDT | spread=140.74bps | dir=SHORT_LAGGER | bid_ask=-144.02bps ask_bid=140.74bps | leader=binance_futures lagger=gate_futures direction=SHORT_LAGGER bid_ask=-144.02 ask_bid=140.74
2026-02-27T16:19:43.760069Z  INFO lead_lag_classic signal #884: SAHARAUSDT | spread=172.98bps | dir=SHORT_LAGGER | bid_ask=-189.98bps ask_bid=172.98bps | leader=binance_futures lagger=gate_futures direction=SHORT_LAGGER bid_ask=-189.98 ask_bid=172.98
2026-02-27T16:19:44.417682Z  INFO lead_lag_classic signal #885: ATHUSDT | spread=50.34bps | dir=SHORT_LAGGER | bid_ask=-70.00bps ask_bid=50.34bps | leader=binance_futures lagger=gate_futures direction=SHORT_LAGGER bid_ask=-70.00 ask_bid=50.34
2026-02-27T16:19:44.417783Z  INFO lead_lag_classic signal #886: ENSOUSDT | spread=73.49bps | dir=SHORT_LAGGER | bid_ask=-86.73bps ask_bid=73.49bps | leader=binance_futures lagger=gate_futures direction=SHORT_LAGGER bid_ask=-86.73 ask_bid=73.49
2026-02-27T16:19:44.417885Z  INFO lead_lag_classic signal #887: POWERUSDT | spread=141.88bps | dir=SHORT_LAGGER | bid_ask=-142.75bps ask_bid=141.88bps | leader=binance_futures lagger=gate_futures direction=SHORT_LAGGER bid_ask=-142.75 ask_bid=141.88
2026-02-27T16:19:44.417960Z  INFO lead_lag_classic signal #888: SAHARAUSDT | spread=159.97bps | dir=SHORT_LAGGER | bid_ask=-177.35bps ask_bid=159.97bps | leader=binance_futures lagger=gate_futures direction=SHORT_LAGGER bid_ask=-177.35 ask_bid=159.97
2026-02-27T16:19:45.213850Z  INFO lead_lag_classic signal #889: ENSOUSDT | spread=69.26bps | dir=SHORT_LAGGER | bid_ask=-83.95bps ask_bid=69.26bps | leader=binance_futures lagger=gate_futures direction=SHORT_LAGGER bid_ask=-83.95 ask_bid=69.26
2026-02-27T16:19:45.214063Z  INFO lead_lag_classic signal #890: POWERUSDT | spread=142.82bps | dir=SHORT_LAGGER | bid_ask=-146.60bps ask_bid=142.82bps | leader=binance_futures lagger=gate_futures direction=SHORT_LAGGER bid_ask=-146.60 ask_bid=142.82
2026-02-27T16:19:45.214159Z  INFO lead_lag_classic signal #891: SAHARAUSDT | spread=180.77bps | dir=SHORT_LAGGER | bid_ask=-193.47bps ask_bid=180.77bps | leader=binance_futures lagger=gate_futures direction=SHORT_LAGGER bid_ask=-193.47 ask_bid=180.77
2026-02-27T16:19:45.600253Z  INFO lead_lag_classic signal #892: ENSOUSDT | spread=72.76bps | dir=SHORT_LAGGER | bid_ask=-83.95bps ask_bid=72.76bps | leader=binance_futures lagger=gate_futures direction=SHORT_LAGGER bid_ask=-83.95 ask_bid=72.76
2026-02-27T16:19:45.600329Z  INFO lead_lag_classic signal #893: ESPUSDT | spread=37.05bps | dir=SHORT_LAGGER | bid_ask=-45.34bps ask_bid=37.05bps | leader=binance_futures lagger=gate_futures direction=SHORT_LAGGER bid_ask=-45.34 ask_bid=37.05
2026-02-27T16:19:45.600411Z  INFO lead_lag_classic signal #894: POWERUSDT | spread=140.08bps | dir=SHORT_LAGGER | bid_ask=-147.57bps ask_bid=140.08bps | leader=binance_futures lagger=gate_futures direction=SHORT_LAGGER bid_ask=-147.57 ask_bid=140.08
2026-02-27T16:19:45.600473Z  INFO lead_lag_classic signal #895: SAHARAUSDT | spread=168.38bps | dir=SHORT_LAGGER | bid_ask=-181.52bps ask_bid=168.38bps | leader=binance_futures lagger=gate_futures direction=SHORT_LAGGER bid_ask=-181.52 ask_bid=168.38
2026-02-27T16:19:45.977778Z  INFO lead_lag_classic signal #896: ENSOUSDT | spread=72.76bps | dir=SHORT_LAGGER | bid_ask=-83.95bps ask_bid=72.76bps | leader=binance_futures lagger=gate_futures direction=SHORT_LAGGER bid_ask=-83.95 ask_bid=72.76
2026-02-27T16:19:45.977859Z  INFO lead_lag_classic signal #897: ESPUSDT | spread=37.05bps | dir=SHORT_LAGGER | bid_ask=-45.34bps ask_bid=37.05bps | leader=binance_futures lagger=gate_futures direction=SHORT_LAGGER bid_ask=-45.34 ask_bid=37.05
2026-02-27T16:19:45.977951Z  INFO lead_lag_classic signal #898: POWERUSDT | spread=142.70bps | dir=SHORT_LAGGER | bid_ask=-148.91bps ask_bid=142.70bps | leader=binance_futures lagger=gate_futures direction=SHORT_LAGGER bid_ask=-148.91 ask_bid=142.70
2026-02-27T16:19:45.978025Z  INFO lead_lag_classic signal #899: SAHARAUSDT | spread=164.20bps | dir=SHORT_LAGGER | bid_ask=-177.49bps ask_bid=164.20bps | leader=binance_futures lagger=gate_futures direction=SHORT_LAGGER bid_ask=-177.49 ask_bid=164.20
2026-02-27T16:19:46.259210Z  INFO lead_lag_classic signal #900: ENSOUSDT | spread=72.76bps | dir=SHORT_LAGGER | bid_ask=-83.95bps ask_bid=72.76bps | leader=binance_futures lagger=gate_futures direction=SHORT_LAGGER bid_ask=-83.95 ask_bid=72.76
2026-02-27T16:19:46.259292Z  INFO lead_lag_classic signal #901: ESPUSDT | spread=37.83bps | dir=SHORT_LAGGER | bid_ask=-43.81bps ask_bid=37.83bps | leader=binance_futures lagger=gate_futures direction=SHORT_LAGGER bid_ask=-43.81 ask_bid=37.83
2026-02-27T16:19:46.259380Z  INFO lead_lag_classic signal #902: POWERUSDT | spread=141.41bps | dir=SHORT_LAGGER | bid_ask=-142.01bps ask_bid=141.41bps | leader=binance_futures lagger=gate_futures direction=SHORT_LAGGER bid_ask=-142.01 ask_bid=141.41
2026-02-27T16:19:46.259443Z  INFO lead_lag_classic signal #903: SAHARAUSDT | spread=176.66bps | dir=SHORT_LAGGER | bid_ask=-185.56bps ask_bid=176.66bps | leader=binance_futures lagger=gate_futures direction=SHORT_LAGGER bid_ask=-185.56 ask_bid=176.66
2026-02-27T16:19:47.344342Z  INFO lead_lag_classic signal #904: ENSOUSDT | spread=72.05bps | dir=SHORT_LAGGER | bid_ask=-83.25bps ask_bid=72.05bps | leader=binance_futures lagger=gate_futures direction=SHORT_LAGGER bid_ask=-83.25 ask_bid=72.05
2026-02-27T16:19:47.344425Z  INFO lead_lag_classic signal #905: ESPUSDT | spread=35.51bps | dir=SHORT_LAGGER | bid_ask=-41.52bps ask_bid=35.51bps | leader=binance_futures lagger=gate_futures direction=SHORT_LAGGER bid_ask=-41.52 ask_bid=35.51
2026-02-27T16:19:47.344517Z  INFO lead_lag_classic signal #906: POWERUSDT | spread=139.77bps | dir=SHORT_LAGGER | bid_ask=-139.30bps ask_bid=139.77bps | leader=binance_futures lagger=gate_futures direction=SHORT_LAGGER bid_ask=-139.30 ask_bid=139.77
2026-02-27T16:19:47.344577Z  INFO lead_lag_classic signal #907: SAHARAUSDT | spread=168.31bps | dir=SHORT_LAGGER | bid_ask=-181.45bps ask_bid=168.31bps | leader=binance_futures lagger=gate_futures direction=SHORT_LAGGER bid_ask=-181.45 ask_bid=168.31
2026-02-27T16:19:47.345199Z  INFO Status: tickers=26005 (+1244/5s) signals=907 drift=[n=1244 avg=123ms p50=94ms p95=318ms p99=552ms max=1193ms]
2026-02-27T16:19:47.552918Z  INFO lead_lag_classic signal #908: POWERUSDT | spread=139.57bps | dir=SHORT_LAGGER | bid_ask=-138.60bps ask_bid=139.57bps | leader=binance_futures lagger=gate_futures direction=SHORT_LAGGER bid_ask=-138.60 ask_bid=139.57
2026-02-27T16:19:47.553015Z  INFO lead_lag_classic signal #909: SAHARAUSDT | spread=164.14bps | dir=SHORT_LAGGER | bid_ask=-177.42bps ask_bid=164.14bps | leader=binance_futures lagger=gate_futures direction=SHORT_LAGGER bid_ask=-177.42 ask_bid=164.14
2026-02-27T16:19:48.118994Z  INFO lead_lag_classic signal #910: BULLAUSDT | spread=32.05bps | dir=LONG_LAGGER | bid_ask=32.05bps ask_bid=-102.17bps | leader=binance_futures lagger=gate_futures direction=LONG_LAGGER bid_ask=32.05 ask_bid=-102.17
2026-02-27T16:19:48.119088Z  INFO lead_lag_classic signal #911: ENSOUSDT | spread=75.59bps | dir=SHORT_LAGGER | bid_ask=-88.11bps ask_bid=75.59bps | leader=binance_futures lagger=gate_futures direction=SHORT_LAGGER bid_ask=-88.11 ask_bid=75.59
2026-02-27T16:19:48.458747Z  INFO lead_lag_classic signal #912: ENSOUSDT | spread=75.59bps | dir=SHORT_LAGGER | bid_ask=-87.42bps ask_bid=75.59bps | leader=binance_futures lagger=gate_futures direction=SHORT_LAGGER bid_ask=-87.42 ask_bid=75.59
2026-02-27T16:19:48.458880Z  INFO lead_lag_classic signal #913: POWERUSDT | spread=143.03bps | dir=SHORT_LAGGER | bid_ask=-144.99bps ask_bid=143.03bps | leader=binance_futures lagger=gate_futures direction=SHORT_LAGGER bid_ask=-144.99 ask_bid=143.03
2026-02-27T16:19:48.458946Z  INFO lead_lag_classic signal #914: SAHARAUSDT | spread=172.56bps | dir=SHORT_LAGGER | bid_ask=-185.56bps ask_bid=172.56bps | leader=binance_futures lagger=gate_futures direction=SHORT_LAGGER bid_ask=-185.56 ask_bid=172.56
2026-02-27T16:19:48.672443Z  INFO lead_lag_classic signal #915: ENSOUSDT | spread=75.59bps | dir=SHORT_LAGGER | bid_ask=-87.42bps ask_bid=75.59bps | leader=binance_futures lagger=gate_futures direction=SHORT_LAGGER bid_ask=-87.42 ask_bid=75.59
2026-02-27T16:19:48.672532Z  INFO lead_lag_classic signal #916: ESPUSDT | spread=35.51bps | dir=SHORT_LAGGER | bid_ask=-41.52bps ask_bid=35.51bps | leader=binance_futures lagger=gate_futures direction=SHORT_LAGGER bid_ask=-41.52 ask_bid=35.51
2026-02-27T16:19:48.672612Z  INFO lead_lag_classic signal #917: POWERUSDT | spread=144.14bps | dir=SHORT_LAGGER | bid_ask=-144.80bps ask_bid=144.14bps | leader=binance_futures lagger=gate_futures direction=SHORT_LAGGER bid_ask=-144.80 ask_bid=144.14
2026-02-27T16:19:48.672666Z  INFO lead_lag_classic signal #918: SAHARAUSDT | spread=172.56bps | dir=SHORT_LAGGER | bid_ask=-185.56bps ask_bid=172.56bps | leader=binance_futures lagger=gate_futures direction=SHORT_LAGGER bid_ask=-185.56 ask_bid=172.56
2026-02-27T16:19:48.763168Z  INFO lead_lag_classic signal #919: POWERUSDT | spread=145.45bps | dir=SHORT_LAGGER | bid_ask=-147.03bps ask_bid=145.45bps | leader=binance_futures lagger=gate_futures direction=SHORT_LAGGER bid_ask=-147.03 ask_bid=145.45
2026-02-27T16:19:48.763256Z  INFO lead_lag_classic signal #920: SAHARAUSDT | spread=172.56bps | dir=SHORT_LAGGER | bid_ask=-185.56bps ask_bid=172.56bps | leader=binance_futures lagger=gate_futures direction=SHORT_LAGGER bid_ask=-185.56 ask_bid=172.56
2026-02-27T16:19:49.208030Z  INFO lead_lag_classic signal #921: ENSOUSDT | spread=79.12bps | dir=SHORT_LAGGER | bid_ask=-90.89bps ask_bid=79.12bps | leader=binance_futures lagger=gate_futures direction=SHORT_LAGGER bid_ask=-90.89 ask_bid=79.12
2026-02-27T16:19:49.208176Z  INFO lead_lag_classic signal #922: POWERUSDT | spread=142.16bps | dir=SHORT_LAGGER | bid_ask=-143.99bps ask_bid=142.16bps | leader=binance_futures lagger=gate_futures direction=SHORT_LAGGER bid_ask=-143.99 ask_bid=142.16
2026-02-27T16:19:49.208239Z  INFO lead_lag_classic signal #923: SAHARAUSDT | spread=172.63bps | dir=SHORT_LAGGER | bid_ask=-185.63bps ask_bid=172.63bps | leader=binance_futures lagger=gate_futures direction=SHORT_LAGGER bid_ask=-185.63 ask_bid=172.63
2026-02-27T16:19:49.590305Z  INFO flushed 65 trades to db
2026-02-27T16:19:49.940416Z  INFO lead_lag_classic signal #924: ENSOUSDT | spread=74.20bps | dir=SHORT_LAGGER | bid_ask=-88.12bps ask_bid=74.20bps | leader=binance_futures lagger=gate_futures direction=SHORT_LAGGER bid_ask=-88.12 ask_bid=74.20
2026-02-27T16:19:49.940541Z  INFO lead_lag_classic signal #925: POWERUSDT | spread=142.37bps | dir=SHORT_LAGGER | bid_ask=-148.91bps ask_bid=142.37bps | leader=binance_futures lagger=gate_futures direction=SHORT_LAGGER bid_ask=-148.91 ask_bid=142.37
2026-02-27T16:19:49.940598Z  INFO lead_lag_classic signal #926: SAHARAUSDT | spread=172.70bps | dir=SHORT_LAGGER | bid_ask=-181.74bps ask_bid=172.70bps | leader=binance_futures lagger=gate_futures direction=SHORT_LAGGER bid_ask=-181.74 ask_bid=172.70
2026-02-27T16:19:50.045829Z  INFO lead_lag_classic signal #927: ENSOUSDT | spread=73.49bps | dir=SHORT_LAGGER | bid_ask=-87.43bps ask_bid=73.49bps | leader=binance_futures lagger=gate_futures direction=SHORT_LAGGER bid_ask=-87.43 ask_bid=73.49
2026-02-27T16:19:50.045956Z  INFO lead_lag_classic signal #928: SAHARAUSDT | spread=176.88bps | dir=SHORT_LAGGER | bid_ask=-185.78bps ask_bid=176.88bps | leader=binance_futures lagger=gate_futures direction=SHORT_LAGGER bid_ask=-185.78 ask_bid=176.88
2026-02-27T16:19:51.226707Z  INFO lead_lag_classic signal #929: ENSOUSDT | spread=72.80bps | dir=SHORT_LAGGER | bid_ask=-86.75bps ask_bid=72.80bps | leader=binance_futures lagger=gate_futures direction=SHORT_LAGGER bid_ask=-86.75 ask_bid=72.80
2026-02-27T16:19:51.226783Z  INFO lead_lag_classic signal #930: ESPUSDT | spread=37.83bps | dir=SHORT_LAGGER | bid_ask=-41.52bps ask_bid=37.83bps | leader=binance_futures lagger=gate_futures direction=SHORT_LAGGER bid_ask=-41.52 ask_bid=37.83
2026-02-27T16:19:51.226898Z  INFO lead_lag_classic signal #931: POWERUSDT | spread=140.19bps | dir=SHORT_LAGGER | bid_ask=-143.21bps ask_bid=140.19bps | leader=binance_futures lagger=gate_futures direction=SHORT_LAGGER bid_ask=-143.21 ask_bid=140.19
2026-02-27T16:19:51.226967Z  INFO lead_lag_classic signal #932: SAHARAUSDT | spread=172.63bps | dir=SHORT_LAGGER | bid_ask=-185.63bps ask_bid=172.63bps | leader=binance_futures lagger=gate_futures direction=SHORT_LAGGER bid_ask=-185.63 ask_bid=172.63
2026-02-27T16:19:51.609990Z  INFO lead_lag_classic signal #933: ENSOUSDT | spread=71.39bps | dir=SHORT_LAGGER | bid_ask=-83.98bps ask_bid=71.39bps | leader=binance_futures lagger=gate_futures direction=SHORT_LAGGER bid_ask=-83.98 ask_bid=71.39
2026-02-27T16:19:51.899159Z  INFO lead_lag_classic signal #934: ENSOUSDT | spread=71.39bps | dir=SHORT_LAGGER | bid_ask=-83.98bps ask_bid=71.39bps | leader=binance_futures lagger=gate_futures direction=SHORT_LAGGER bid_ask=-83.98 ask_bid=71.39
2026-02-27T16:19:51.993352Z  INFO lead_lag_classic signal #935: ENSOUSDT | spread=71.39bps | dir=SHORT_LAGGER | bid_ask=-83.98bps ask_bid=71.39bps | leader=binance_futures lagger=gate_futures direction=SHORT_LAGGER bid_ask=-83.98 ask_bid=71.39
2026-02-27T16:19:51.993468Z  INFO lead_lag_classic signal #936: POWERUSDT | spread=140.23bps | dir=SHORT_LAGGER | bid_ask=-145.89bps ask_bid=140.23bps | leader=binance_futures lagger=gate_futures direction=SHORT_LAGGER bid_ask=-145.89 ask_bid=140.23
2026-02-27T16:19:51.993518Z  INFO lead_lag_classic signal #937: SAHARAUSDT | spread=168.38bps | dir=SHORT_LAGGER | bid_ask=-181.52bps ask_bid=168.38bps | leader=binance_futures lagger=gate_futures direction=SHORT_LAGGER bid_ask=-181.52 ask_bid=168.38
2026-02-27T16:19:52.332356Z  INFO lead_lag_classic signal #938: ENSOUSDT | spread=70.68bps | dir=SHORT_LAGGER | bid_ask=-83.29bps ask_bid=70.68bps | leader=binance_futures lagger=gate_futures direction=SHORT_LAGGER bid_ask=-83.29 ask_bid=70.68
2026-02-27T16:19:52.332483Z  INFO lead_lag_classic signal #939: POWERUSDT | spread=143.38bps | dir=SHORT_LAGGER | bid_ask=-145.37bps ask_bid=143.38bps | leader=binance_futures lagger=gate_futures direction=SHORT_LAGGER bid_ask=-145.37 ask_bid=143.38
2026-02-27T16:19:52.368149Z  INFO Status: tickers=27038 (+1033/5s) signals=939 drift=[n=1033 avg=124ms p50=98ms p95=332ms p99=520ms max=842ms]
2026-02-27T16:19:52.740357Z  INFO lead_lag_classic signal #940: ENSOUSDT | spread=74.90bps | dir=SHORT_LAGGER | bid_ask=-86.06bps ask_bid=74.90bps | leader=binance_futures lagger=gate_futures direction=SHORT_LAGGER bid_ask=-86.06 ask_bid=74.90
2026-02-27T16:19:52.740431Z  INFO lead_lag_classic signal #941: ESPUSDT | spread=40.14bps | dir=SHORT_LAGGER | bid_ask=-41.52bps ask_bid=40.14bps | leader=binance_futures lagger=gate_futures direction=SHORT_LAGGER bid_ask=-41.52 ask_bid=40.14
2026-02-27T16:19:52.740509Z  INFO lead_lag_classic signal #942: POWERUSDT | spread=148.12bps | dir=SHORT_LAGGER | bid_ask=-146.64bps ask_bid=148.12bps | leader=binance_futures lagger=gate_futures direction=SHORT_LAGGER bid_ask=-146.64 ask_bid=148.12
2026-02-27T16:19:52.740563Z  INFO lead_lag_classic signal #943: SAHARAUSDT | spread=168.52bps | dir=SHORT_LAGGER | bid_ask=-181.67bps ask_bid=168.52bps | leader=binance_futures lagger=gate_futures direction=SHORT_LAGGER bid_ask=-181.67 ask_bid=168.52
2026-02-27T16:19:52.913174Z  INFO lead_lag_classic signal #944: ENSOUSDT | spread=74.20bps | dir=SHORT_LAGGER | bid_ask=-85.37bps ask_bid=74.20bps | leader=binance_futures lagger=gate_futures direction=SHORT_LAGGER bid_ask=-85.37 ask_bid=74.20
2026-02-27T16:19:52.913272Z  INFO lead_lag_classic signal #945: ESPUSDT | spread=40.14bps | dir=SHORT_LAGGER | bid_ask=-41.52bps ask_bid=40.14bps | leader=binance_futures lagger=gate_futures direction=SHORT_LAGGER bid_ask=-41.52 ask_bid=40.14
2026-02-27T16:19:52.913355Z  INFO lead_lag_classic signal #946: POWERUSDT | spread=148.51bps | dir=SHORT_LAGGER | bid_ask=-147.03bps ask_bid=148.51bps | leader=binance_futures lagger=gate_futures direction=SHORT_LAGGER bid_ask=-147.03 ask_bid=148.51
2026-02-27T16:19:52.913409Z  INFO lead_lag_classic signal #947: SAHARAUSDT | spread=168.52bps | dir=SHORT_LAGGER | bid_ask=-181.67bps ask_bid=168.52bps | leader=binance_futures lagger=gate_futures direction=SHORT_LAGGER bid_ask=-181.67 ask_bid=168.52
2026-02-27T16:19:53.686357Z  INFO lead_lag_classic signal #948: ESPUSDT | spread=37.05bps | dir=SHORT_LAGGER | bid_ask=-44.58bps ask_bid=37.05bps | leader=binance_futures lagger=gate_futures direction=SHORT_LAGGER bid_ask=-44.58 ask_bid=37.05
2026-02-27T16:19:53.686490Z  INFO lead_lag_classic signal #949: POWERUSDT | spread=142.27bps | dir=SHORT_LAGGER | bid_ask=-146.37bps ask_bid=142.27bps | leader=binance_futures lagger=gate_futures direction=SHORT_LAGGER bid_ask=-146.37 ask_bid=142.27
2026-02-27T16:19:53.686543Z  INFO lead_lag_classic signal #950: SAHARAUSDT | spread=168.52bps | dir=SHORT_LAGGER | bid_ask=-181.67bps ask_bid=168.52bps | leader=binance_futures lagger=gate_futures direction=SHORT_LAGGER bid_ask=-181.67 ask_bid=168.52
2026-02-27T16:19:53.741184Z  INFO lead_lag_classic signal #951: POWERUSDT | spread=141.88bps | dir=SHORT_LAGGER | bid_ask=-144.97bps ask_bid=141.88bps | leader=binance_futures lagger=gate_futures direction=SHORT_LAGGER bid_ask=-144.97 ask_bid=141.88
2026-02-27T16:19:53.741268Z  INFO lead_lag_classic signal #952: SAHARAUSDT | spread=168.52bps | dir=SHORT_LAGGER | bid_ask=-181.67bps ask_bid=168.52bps | leader=binance_futures lagger=gate_futures direction=SHORT_LAGGER bid_ask=-181.67 ask_bid=168.52
2026-02-27T16:19:53.845313Z  INFO lead_lag_classic signal #953: POWERUSDT | spread=139.92bps | dir=SHORT_LAGGER | bid_ask=-143.57bps ask_bid=139.92bps | leader=binance_futures lagger=gate_futures direction=SHORT_LAGGER bid_ask=-143.57 ask_bid=139.92
2026-02-27T16:19:53.845398Z  INFO lead_lag_classic signal #954: SAHARAUSDT | spread=168.52bps | dir=SHORT_LAGGER | bid_ask=-181.67bps ask_bid=168.52bps | leader=binance_futures lagger=gate_futures direction=SHORT_LAGGER bid_ask=-181.67 ask_bid=168.52
2026-02-27T16:19:53.961714Z  INFO lead_lag_classic signal #955: POWERUSDT | spread=138.15bps | dir=SHORT_LAGGER | bid_ask=-142.37bps ask_bid=138.15bps | leader=binance_futures lagger=gate_futures direction=SHORT_LAGGER bid_ask=-142.37 ask_bid=138.15
2026-02-27T16:19:53.961798Z  INFO lead_lag_classic signal #956: SAHARAUSDT | spread=168.52bps | dir=SHORT_LAGGER | bid_ask=-181.67bps ask_bid=168.52bps | leader=binance_futures lagger=gate_futures direction=SHORT_LAGGER bid_ask=-181.67 ask_bid=168.52
2026-02-27T16:19:54.164367Z  INFO lead_lag_classic signal #957: SAHARAUSDT | spread=168.52bps | dir=SHORT_LAGGER | bid_ask=-181.67bps ask_bid=168.52bps | leader=binance_futures lagger=gate_futures direction=SHORT_LAGGER bid_ask=-181.67 ask_bid=168.52
2026-02-27T16:19:54.582505Z  INFO flushed 15 trades to db
2026-02-27T16:19:54.792357Z  INFO Gate NATR refresh: fetched=12 missing=0 batch=12 symbols=43
2026-02-27T16:19:54.845769Z  INFO lead_lag_classic signal #958: ATHUSDT | spread=48.65bps | dir=SHORT_LAGGER | bid_ask=-66.67bps ask_bid=48.65bps | leader=binance_futures lagger=gate_futures direction=SHORT_LAGGER bid_ask=-66.67 ask_bid=48.65
2026-02-27T16:19:54.845856Z  INFO lead_lag_classic signal #959: BULLAUSDT | spread=32.05bps | dir=LONG_LAGGER | bid_ask=32.05bps ask_bid=-102.17bps | leader=binance_futures lagger=gate_futures direction=LONG_LAGGER bid_ask=32.05 ask_bid=-102.17
2026-02-27T16:19:54.845903Z  INFO lead_lag_classic signal #960: ENSOUSDT | spread=72.80bps | dir=SHORT_LAGGER | bid_ask=-85.37bps ask_bid=72.80bps | leader=binance_futures lagger=gate_futures direction=SHORT_LAGGER bid_ask=-85.37 ask_bid=72.80
2026-02-27T16:19:54.846014Z  INFO lead_lag_classic signal #961: POWERUSDT | spread=147.46bps | dir=SHORT_LAGGER | bid_ask=-150.38bps ask_bid=147.46bps | leader=binance_futures lagger=gate_futures direction=SHORT_LAGGER bid_ask=-150.38 ask_bid=147.46
2026-02-27T16:19:54.846097Z  INFO lead_lag_classic signal #962: SAHARAUSDT | spread=176.66bps | dir=SHORT_LAGGER | bid_ask=-189.52bps ask_bid=176.66bps | leader=binance_futures lagger=gate_futures direction=SHORT_LAGGER bid_ask=-189.52 ask_bid=176.66
2026-02-27T16:19:55.547776Z  INFO lead_lag_classic signal #963: ATHUSDT | spread=48.65bps | dir=SHORT_LAGGER | bid_ask=-66.67bps ask_bid=48.65bps | leader=binance_futures lagger=gate_futures direction=SHORT_LAGGER bid_ask=-66.67 ask_bid=48.65
2026-02-27T16:19:55.547937Z  INFO lead_lag_classic signal #964: ESPUSDT | spread=36.26bps | dir=SHORT_LAGGER | bid_ask=-43.78bps ask_bid=36.26bps | leader=binance_futures lagger=gate_futures direction=SHORT_LAGGER bid_ask=-43.78 ask_bid=36.26
2026-02-27T16:19:55.548042Z  INFO lead_lag_classic signal #965: POWERUSDT | spread=138.11bps | dir=SHORT_LAGGER | bid_ask=-141.93bps ask_bid=138.11bps | leader=binance_futures lagger=gate_futures direction=SHORT_LAGGER bid_ask=-141.93 ask_bid=138.11
2026-02-27T16:19:55.548130Z  INFO lead_lag_classic signal #966: SAHARAUSDT | spread=172.41bps | dir=SHORT_LAGGER | bid_ask=-189.36bps ask_bid=172.41bps | leader=binance_futures lagger=gate_futures direction=SHORT_LAGGER bid_ask=-189.36 ask_bid=172.41
2026-02-27T16:19:55.648674Z  INFO lead_lag_classic signal #967: POWERUSDT | spread=139.94bps | dir=SHORT_LAGGER | bid_ask=-144.60bps ask_bid=139.94bps | leader=binance_futures lagger=gate_futures direction=SHORT_LAGGER bid_ask=-144.60 ask_bid=139.94
2026-02-27T16:19:55.648758Z  INFO lead_lag_classic signal #968: SAHARAUSDT | spread=176.59bps | dir=SHORT_LAGGER | bid_ask=-193.39bps ask_bid=176.59bps | leader=binance_futures lagger=gate_futures direction=SHORT_LAGGER bid_ask=-193.39 ask_bid=176.59
2026-02-27T16:19:55.779063Z  INFO lead_lag_classic signal #969: POWERUSDT | spread=141.38bps | dir=SHORT_LAGGER | bid_ask=-143.86bps ask_bid=141.38bps | leader=binance_futures lagger=gate_futures direction=SHORT_LAGGER bid_ask=-143.86 ask_bid=141.38
2026-02-27T16:19:55.779143Z  INFO lead_lag_classic signal #970: SAHARAUSDT | spread=168.24bps | dir=SHORT_LAGGER | bid_ask=-185.41bps ask_bid=168.24bps | leader=binance_futures lagger=gate_futures direction=SHORT_LAGGER bid_ask=-185.41 ask_bid=168.24
2026-02-27T16:19:55.846805Z  INFO lead_lag_classic signal #971: ESPUSDT | spread=36.26bps | dir=SHORT_LAGGER | bid_ask=-43.02bps ask_bid=36.26bps | leader=binance_futures lagger=gate_futures direction=SHORT_LAGGER bid_ask=-43.02 ask_bid=36.26
2026-02-27T16:19:55.846897Z  INFO lead_lag_classic signal #972: POWERUSDT | spread=144.71bps | dir=SHORT_LAGGER | bid_ask=-149.00bps ask_bid=144.71bps | leader=binance_futures lagger=gate_futures direction=SHORT_LAGGER bid_ask=-149.00 ask_bid=144.71
2026-02-27T16:19:55.846940Z  INFO lead_lag_classic signal #973: SAHARAUSDT | spread=168.24bps | dir=SHORT_LAGGER | bid_ask=-185.41bps ask_bid=168.24bps | leader=binance_futures lagger=gate_futures direction=SHORT_LAGGER bid_ask=-185.41 ask_bid=168.24
2026-02-27T16:19:56.005716Z  INFO lead_lag_classic signal #974: ESPUSDT | spread=37.03bps | dir=SHORT_LAGGER | bid_ask=-43.78bps ask_bid=37.03bps | leader=binance_futures lagger=gate_futures direction=SHORT_LAGGER bid_ask=-43.78 ask_bid=37.03
2026-02-27T16:19:56.005826Z  INFO lead_lag_classic signal #975: POWERUSDT | spread=135.81bps | dir=SHORT_LAGGER | bid_ask=-140.33bps ask_bid=135.81bps | leader=binance_futures lagger=gate_futures direction=SHORT_LAGGER bid_ask=-140.33 ask_bid=135.81
2026-02-27T16:19:56.005889Z  INFO lead_lag_classic signal #976: SAHARAUSDT | spread=168.38bps | dir=SHORT_LAGGER | bid_ask=-185.48bps ask_bid=168.38bps | leader=binance_futures lagger=gate_futures direction=SHORT_LAGGER bid_ask=-185.48 ask_bid=168.38
2026-02-27T16:19:56.045907Z  INFO lead_lag_classic signal #977: POWERUSDT | spread=135.81bps | dir=SHORT_LAGGER | bid_ask=-140.33bps ask_bid=135.81bps | leader=binance_futures lagger=gate_futures direction=SHORT_LAGGER bid_ask=-140.33 ask_bid=135.81
2026-02-27T16:19:56.045978Z  INFO lead_lag_classic signal #978: SAHARAUSDT | spread=168.38bps | dir=SHORT_LAGGER | bid_ask=-185.48bps ask_bid=168.38bps | leader=binance_futures lagger=gate_futures direction=SHORT_LAGGER bid_ask=-185.48 ask_bid=168.38
2026-02-27T16:19:56.831760Z  INFO lead_lag_classic signal #979: ESPUSDT | spread=34.72bps | dir=SHORT_LAGGER | bid_ask=-43.79bps ask_bid=34.72bps | leader=binance_futures lagger=gate_futures direction=SHORT_LAGGER bid_ask=-43.79 ask_bid=34.72
2026-02-27T16:19:56.831885Z  INFO lead_lag_classic signal #980: POWERUSDT | spread=133.33bps | dir=SHORT_LAGGER | bid_ask=-138.17bps ask_bid=133.33bps | leader=binance_futures lagger=gate_futures direction=SHORT_LAGGER bid_ask=-138.17 ask_bid=133.33
2026-02-27T16:19:56.831946Z  INFO lead_lag_classic signal #981: SAHARAUSDT | spread=172.48bps | dir=SHORT_LAGGER | bid_ask=-189.52bps ask_bid=172.48bps | leader=binance_futures lagger=gate_futures direction=SHORT_LAGGER bid_ask=-189.52 ask_bid=172.48
2026-02-27T16:19:56.986283Z  INFO lead_lag_classic signal #982: ESPUSDT | spread=34.72bps | dir=SHORT_LAGGER | bid_ask=-43.79bps ask_bid=34.72bps | leader=binance_futures lagger=gate_futures direction=SHORT_LAGGER bid_ask=-43.79 ask_bid=34.72
2026-02-27T16:19:56.986399Z  INFO lead_lag_classic signal #983: POWERUSDT | spread=133.33bps | dir=SHORT_LAGGER | bid_ask=-138.17bps ask_bid=133.33bps | leader=binance_futures lagger=gate_futures direction=SHORT_LAGGER bid_ask=-138.17 ask_bid=133.33
2026-02-27T16:19:56.986441Z  INFO lead_lag_classic signal #984: SAHARAUSDT | spread=172.48bps | dir=SHORT_LAGGER | bid_ask=-185.48bps ask_bid=172.48bps | leader=binance_futures lagger=gate_futures direction=SHORT_LAGGER bid_ask=-185.48 ask_bid=172.48
2026-02-27T16:19:57.064805Z  INFO lead_lag_classic signal #985: POWERUSDT | spread=133.33bps | dir=SHORT_LAGGER | bid_ask=-138.17bps ask_bid=133.33bps | leader=binance_futures lagger=gate_futures direction=SHORT_LAGGER bid_ask=-138.17 ask_bid=133.33
2026-02-27T16:19:57.064886Z  INFO lead_lag_classic signal #986: SAHARAUSDT | spread=172.48bps | dir=SHORT_LAGGER | bid_ask=-185.48bps ask_bid=172.48bps | leader=binance_futures lagger=gate_futures direction=SHORT_LAGGER bid_ask=-185.48 ask_bid=172.48
2026-02-27T16:19:57.391258Z  INFO lead_lag_classic signal #987: POWERUSDT | spread=132.42bps | dir=SHORT_LAGGER | bid_ask=-137.03bps ask_bid=132.42bps | leader=binance_futures lagger=gate_futures direction=SHORT_LAGGER bid_ask=-137.03 ask_bid=132.42
2026-02-27T16:19:57.391353Z  INFO lead_lag_classic signal #988: SAHARAUSDT | spread=172.48bps | dir=SHORT_LAGGER | bid_ask=-181.52bps ask_bid=172.48bps | leader=binance_futures lagger=gate_futures direction=SHORT_LAGGER bid_ask=-181.52 ask_bid=172.48
2026-02-27T16:19:57.391920Z  INFO Status: tickers=28199 (+1161/5s) signals=988 drift=[n=1161 avg=94ms p50=65ms p95=243ms p99=671ms max=1216ms]
2026-02-27T16:19:57.680929Z  INFO lead_lag_classic signal #989: SAHARAUSDT | spread=168.31bps | dir=SHORT_LAGGER | bid_ask=-177.49bps ask_bid=168.31bps | leader=binance_futures lagger=gate_futures direction=SHORT_LAGGER bid_ask=-177.49 ask_bid=168.31
2026-02-27T16:19:57.944335Z  INFO lead_lag_classic signal #990: ATHUSDT | spread=33.50bps | dir=SHORT_LAGGER | bid_ask=-56.67bps ask_bid=33.50bps | leader=binance_futures lagger=gate_futures direction=SHORT_LAGGER bid_ask=-56.67 ask_bid=33.50
2026-02-27T16:19:57.944443Z  INFO lead_lag_classic signal #991: ESPUSDT | spread=38.59bps | dir=SHORT_LAGGER | bid_ask=-45.33bps ask_bid=38.59bps | leader=binance_futures lagger=gate_futures direction=SHORT_LAGGER bid_ask=-45.33 ask_bid=38.59
2026-02-27T16:19:57.944544Z  INFO lead_lag_classic signal #992: POWERUSDT | spread=129.54bps | dir=SHORT_LAGGER | bid_ask=-134.23bps ask_bid=129.54bps | leader=binance_futures lagger=gate_futures direction=SHORT_LAGGER bid_ask=-134.23 ask_bid=129.54
2026-02-27T16:19:57.944595Z  INFO lead_lag_classic signal #993: SAHARAUSDT | spread=172.48bps | dir=SHORT_LAGGER | bid_ask=-181.52bps ask_bid=172.48bps | leader=binance_futures lagger=gate_futures direction=SHORT_LAGGER bid_ask=-181.52 ask_bid=172.48
2026-02-27T16:19:58.790685Z  INFO lead_lag_classic signal #994: ATHUSDT | spread=45.28bps | dir=SHORT_LAGGER | bid_ask=-65.00bps ask_bid=45.28bps | leader=binance_futures lagger=gate_futures direction=SHORT_LAGGER bid_ask=-65.00 ask_bid=45.28
2026-02-27T16:19:58.790808Z  INFO lead_lag_classic signal #995: ENSOUSDT | spread=70.68bps | dir=SHORT_LAGGER | bid_ask=-84.66bps ask_bid=70.68bps | leader=binance_futures lagger=gate_futures direction=SHORT_LAGGER bid_ask=-84.66 ask_bid=70.68
2026-02-27T16:19:58.790851Z  INFO lead_lag_classic signal #996: ESPUSDT | spread=36.27bps | dir=SHORT_LAGGER | bid_ask=-43.04bps ask_bid=36.27bps | leader=binance_futures lagger=gate_futures direction=SHORT_LAGGER bid_ask=-43.04 ask_bid=36.27
2026-02-27T16:19:58.790956Z  INFO lead_lag_classic signal #997: POWERUSDT | spread=136.95bps | dir=SHORT_LAGGER | bid_ask=-144.10bps ask_bid=136.95bps | leader=binance_futures lagger=gate_futures direction=SHORT_LAGGER bid_ask=-144.10 ask_bid=136.95
2026-02-27T16:19:58.791011Z  INFO lead_lag_classic signal #998: SAHARAUSDT | spread=168.38bps | dir=SHORT_LAGGER | bid_ask=-185.56bps ask_bid=168.38bps | leader=binance_futures lagger=gate_futures direction=SHORT_LAGGER bid_ask=-185.56 ask_bid=168.38
2026-02-27T16:19:58.970473Z  INFO lead_lag_classic signal #999: ENSOUSDT | spread=72.08bps | dir=SHORT_LAGGER | bid_ask=-86.04bps ask_bid=72.08bps | leader=binance_futures lagger=gate_futures direction=SHORT_LAGGER bid_ask=-86.04 ask_bid=72.08
2026-02-27T16:19:59.485400Z  INFO lead_lag_classic signal #1000: ENSOUSDT | spread=72.08bps | dir=SHORT_LAGGER | bid_ask=-86.04bps ask_bid=72.08bps | leader=binance_futures lagger=gate_futures direction=SHORT_LAGGER bid_ask=-86.04 ask_bid=72.08
2026-02-27T16:19:59.485475Z  INFO lead_lag_classic signal #1001: ESPUSDT | spread=37.05bps | dir=SHORT_LAGGER | bid_ask=-43.04bps ask_bid=37.05bps | leader=binance_futures lagger=gate_futures direction=SHORT_LAGGER bid_ask=-43.04 ask_bid=37.05
2026-02-27T16:19:59.485561Z  INFO lead_lag_classic signal #1002: POWERUSDT | spread=132.39bps | dir=SHORT_LAGGER | bid_ask=-137.00bps ask_bid=132.39bps | leader=binance_futures lagger=gate_futures direction=SHORT_LAGGER bid_ask=-137.00 ask_bid=132.39
2026-02-27T16:19:59.485619Z  INFO lead_lag_classic signal #1003: SAHARAUSDT | spread=172.56bps | dir=SHORT_LAGGER | bid_ask=-185.56bps ask_bid=172.56bps | leader=binance_futures lagger=gate_futures direction=SHORT_LAGGER bid_ask=-185.56 ask_bid=172.56
2026-02-27T16:19:59.922221Z  INFO lead_lag_classic signal #1004: ATHUSDT | spread=50.34bps | dir=SHORT_LAGGER | bid_ask=-68.33bps ask_bid=50.34bps | leader=binance_futures lagger=gate_futures direction=SHORT_LAGGER bid_ask=-68.33 ask_bid=50.34
2026-02-27T16:19:59.922331Z  INFO lead_lag_classic signal #1005: ESPUSDT | spread=37.05bps | dir=SHORT_LAGGER | bid_ask=-43.04bps ask_bid=37.05bps | leader=binance_futures lagger=gate_futures direction=SHORT_LAGGER bid_ask=-43.04 ask_bid=37.05
2026-02-27T16:19:59.922417Z  INFO lead_lag_classic signal #1006: POWERUSDT | spread=131.91bps | dir=SHORT_LAGGER | bid_ask=-139.24bps ask_bid=131.91bps | leader=binance_futures lagger=gate_futures direction=SHORT_LAGGER bid_ask=-139.24 ask_bid=131.91
2026-02-27T16:19:59.922478Z  INFO lead_lag_classic signal #1007: SAHARAUSDT | spread=172.56bps | dir=SHORT_LAGGER | bid_ask=-185.56bps ask_bid=172.56bps | leader=binance_futures lagger=gate_futures direction=SHORT_LAGGER bid_ask=-185.56 ask_bid=172.56
2026-02-27T16:20:01.284696Z  INFO lead_lag_classic signal #1008: ATHUSDT | spread=45.20bps | dir=SHORT_LAGGER | bid_ask=-66.56bps ask_bid=45.20bps | leader=binance_futures lagger=gate_futures direction=SHORT_LAGGER bid_ask=-66.56 ask_bid=45.20
2026-02-27T16:20:01.284802Z  INFO lead_lag_classic signal #1009: ENSOUSDT | spread=79.88bps | dir=SHORT_LAGGER | bid_ask=-86.83bps ask_bid=79.88bps | leader=binance_futures lagger=gate_futures direction=SHORT_LAGGER bid_ask=-86.83 ask_bid=79.88
2026-02-27T16:20:02.158107Z  INFO lead_lag_classic signal #1010: ATHUSDT | spread=38.55bps | dir=SHORT_LAGGER | bid_ask=-60.00bps ask_bid=38.55bps | leader=binance_futures lagger=gate_futures direction=SHORT_LAGGER bid_ask=-60.00 ask_bid=38.55
2026-02-27T16:20:02.158204Z  INFO lead_lag_classic signal #1011: BULLAUSDT | spread=32.05bps | dir=LONG_LAGGER | bid_ask=32.05bps ask_bid=-102.17bps | leader=binance_futures lagger=gate_futures direction=LONG_LAGGER bid_ask=32.05 ask_bid=-102.17
2026-02-27T16:20:02.158286Z  INFO lead_lag_classic signal #1012: ENSOUSDT | spread=72.19bps | dir=SHORT_LAGGER | bid_ask=-82.03bps ask_bid=72.19bps | leader=binance_futures lagger=gate_futures direction=SHORT_LAGGER bid_ask=-82.03 ask_bid=72.19
2026-02-27T16:20:02.158329Z  INFO lead_lag_classic signal #1013: ESPUSDT | spread=34.78bps | dir=SHORT_LAGGER | bid_ask=-43.10bps ask_bid=34.78bps | leader=binance_futures lagger=gate_futures direction=SHORT_LAGGER bid_ask=-43.10 ask_bid=34.78
2026-02-27T16:20:02.158427Z  INFO lead_lag_classic signal #1014: POWERUSDT | spread=131.83bps | dir=SHORT_LAGGER | bid_ask=-136.80bps ask_bid=131.83bps | leader=binance_futures lagger=gate_futures direction=SHORT_LAGGER bid_ask=-136.80 ask_bid=131.83
2026-02-27T16:20:02.158508Z  INFO lead_lag_classic signal #1015: SAHARAUSDT | spread=168.38bps | dir=SHORT_LAGGER | bid_ask=-185.48bps ask_bid=168.38bps | leader=binance_futures lagger=gate_futures direction=SHORT_LAGGER bid_ask=-185.48 ask_bid=168.38
2026-02-27T16:20:02.580646Z  INFO lead_lag_classic signal #1016: BULLAUSDT | spread=32.05bps | dir=LONG_LAGGER | bid_ask=32.05bps ask_bid=-102.17bps | leader=binance_futures lagger=gate_futures direction=LONG_LAGGER bid_ask=32.05 ask_bid=-102.17
2026-02-27T16:20:02.580736Z  INFO lead_lag_classic signal #1017: ENSOUSDT | spread=70.11bps | dir=SHORT_LAGGER | bid_ask=-84.82bps ask_bid=70.11bps | leader=binance_futures lagger=gate_futures direction=SHORT_LAGGER bid_ask=-84.82 ask_bid=70.11
2026-02-27T16:20:02.581463Z  INFO Status: tickers=29446 (+1247/5s) signals=1017 drift=[n=1247 avg=122ms p50=97ms p95=327ms p99=531ms max=725ms]
2026-02-27T16:20:03.648685Z  INFO lead_lag_classic signal #1018: ATHUSDT | spread=36.86bps | dir=SHORT_LAGGER | bid_ask=-56.67bps ask_bid=36.86bps | leader=binance_futures lagger=gate_futures direction=SHORT_LAGGER bid_ask=-56.67 ask_bid=36.86
2026-02-27T16:20:03.648788Z  INFO lead_lag_classic signal #1019: ENSOUSDT | spread=69.41bps | dir=SHORT_LAGGER | bid_ask=-81.36bps ask_bid=69.41bps | leader=binance_futures lagger=gate_futures direction=SHORT_LAGGER bid_ask=-81.36 ask_bid=69.41
2026-02-27T16:20:04.250547Z  INFO lead_lag_classic signal #1020: ATHUSDT | spread=38.55bps | dir=SHORT_LAGGER | bid_ask=-58.33bps ask_bid=38.55bps | leader=binance_futures lagger=gate_futures direction=SHORT_LAGGER bid_ask=-58.33 ask_bid=38.55
2026-02-27T16:20:04.250657Z  INFO lead_lag_classic signal #1021: ENSOUSDT | spread=69.41bps | dir=SHORT_LAGGER | bid_ask=-81.36bps ask_bid=69.41bps | leader=binance_futures lagger=gate_futures direction=SHORT_LAGGER bid_ask=-81.36 ask_bid=69.41
2026-02-27T16:20:04.766753Z  INFO lead_lag_classic signal #1022: ATHUSDT | spread=38.55bps | dir=SHORT_LAGGER | bid_ask=-58.33bps ask_bid=38.55bps | leader=binance_futures lagger=gate_futures direction=SHORT_LAGGER bid_ask=-58.33 ask_bid=38.55
2026-02-27T16:20:04.766932Z  INFO lead_lag_classic signal #1023: ESPUSDT | spread=37.11bps | dir=SHORT_LAGGER | bid_ask=-43.11bps ask_bid=37.11bps | leader=binance_futures lagger=gate_futures direction=SHORT_LAGGER bid_ask=-43.11 ask_bid=37.11
2026-02-27T16:20:04.767058Z  INFO lead_lag_classic signal #1024: POWERUSDT | spread=125.87bps | dir=SHORT_LAGGER | bid_ask=-135.08bps ask_bid=125.87bps | leader=binance_futures lagger=gate_futures direction=SHORT_LAGGER bid_ask=-135.08 ask_bid=125.87
2026-02-27T16:20:04.767155Z  INFO lead_lag_classic signal #1025: SAHARAUSDT | spread=176.81bps | dir=SHORT_LAGGER | bid_ask=-189.67bps ask_bid=176.81bps | leader=binance_futures lagger=gate_futures direction=SHORT_LAGGER bid_ask=-189.67 ask_bid=176.81
2026-02-27T16:20:04.877292Z  INFO lead_lag_classic signal #1026: ESPUSDT | spread=37.11bps | dir=SHORT_LAGGER | bid_ask=-43.11bps ask_bid=37.11bps | leader=binance_futures lagger=gate_futures direction=SHORT_LAGGER bid_ask=-43.11 ask_bid=37.11
2026-02-27T16:20:05.577522Z  INFO lead_lag_classic signal #1027: ENSOUSDT | spread=68.72bps | dir=SHORT_LAGGER | bid_ask=-83.45bps ask_bid=68.72bps | leader=binance_futures lagger=gate_futures direction=SHORT_LAGGER bid_ask=-83.45 ask_bid=68.72
2026-02-27T16:20:05.577612Z  INFO lead_lag_classic signal #1028: ESPUSDT | spread=38.65bps | dir=SHORT_LAGGER | bid_ask=-43.88bps ask_bid=38.65bps | leader=binance_futures lagger=gate_futures direction=SHORT_LAGGER bid_ask=-43.88 ask_bid=38.65
2026-02-27T16:20:05.577706Z  INFO lead_lag_classic signal #1029: POWERUSDT | spread=125.19bps | dir=SHORT_LAGGER | bid_ask=-129.38bps ask_bid=125.19bps | leader=binance_futures lagger=gate_futures direction=SHORT_LAGGER bid_ask=-129.38 ask_bid=125.19
2026-02-27T16:20:05.577759Z  INFO lead_lag_classic signal #1030: SAHARAUSDT | spread=173.05bps | dir=SHORT_LAGGER | bid_ask=-186.08bps ask_bid=173.05bps | leader=binance_futures lagger=gate_futures direction=SHORT_LAGGER bid_ask=-186.08 ask_bid=173.05
2026-02-27T16:20:05.829078Z  INFO lead_lag_classic signal #1031: ENSOUSDT | spread=68.72bps | dir=SHORT_LAGGER | bid_ask=-83.45bps ask_bid=68.72bps | leader=binance_futures lagger=gate_futures direction=SHORT_LAGGER bid_ask=-83.45 ask_bid=68.72
2026-02-27T16:20:05.829237Z  INFO lead_lag_classic signal #1032: POWERUSDT | spread=126.24bps | dir=SHORT_LAGGER | bid_ask=-131.23bps ask_bid=126.24bps | leader=binance_futures lagger=gate_futures direction=SHORT_LAGGER bid_ask=-131.23 ask_bid=126.24
2026-02-27T16:20:05.829300Z  INFO lead_lag_classic signal #1033: SAHARAUSDT | spread=185.64bps | dir=SHORT_LAGGER | bid_ask=-198.22bps ask_bid=185.64bps | leader=binance_futures lagger=gate_futures direction=SHORT_LAGGER bid_ask=-198.22 ask_bid=185.64
2026-02-27T16:20:06.832497Z  INFO lead_lag_classic signal #1034: ESPUSDT | spread=35.57bps | dir=SHORT_LAGGER | bid_ask=-43.88bps ask_bid=35.57bps | leader=binance_futures lagger=gate_futures direction=SHORT_LAGGER bid_ask=-43.88 ask_bid=35.57
2026-02-27T16:20:06.832624Z  INFO lead_lag_classic signal #1035: POWERUSDT | spread=135.05bps | dir=SHORT_LAGGER | bid_ask=-140.24bps ask_bid=135.05bps | leader=binance_futures lagger=gate_futures direction=SHORT_LAGGER bid_ask=-140.24 ask_bid=135.05
2026-02-27T16:20:06.832684Z  INFO lead_lag_classic signal #1036: SAHARAUSDT | spread=169.14bps | dir=SHORT_LAGGER | bid_ask=-182.33bps ask_bid=169.14bps | leader=binance_futures lagger=gate_futures direction=SHORT_LAGGER bid_ask=-182.33 ask_bid=169.14
2026-02-27T16:20:08.823897Z  INFO lead_lag_classic signal #1037: POWERUSDT | spread=130.59bps | dir=SHORT_LAGGER | bid_ask=-136.54bps ask_bid=130.59bps | leader=binance_futures lagger=gate_futures direction=SHORT_LAGGER bid_ask=-136.54 ask_bid=130.59
2026-02-27T16:20:08.823987Z  INFO lead_lag_classic signal #1038: SAHARAUSDT | spread=169.84bps | dir=SHORT_LAGGER | bid_ask=-179.08bps ask_bid=169.84bps | leader=binance_futures lagger=gate_futures direction=SHORT_LAGGER bid_ask=-179.08 ask_bid=169.84
2026-02-27T16:20:08.832780Z  INFO Status: tickers=30912 (+1466/5s) signals=1038 drift=[n=1466 avg=124ms p50=104ms p95=299ms p99=455ms max=882ms]
2026-02-27T16:20:10.273522Z  INFO lead_lag_classic signal #1039: ATHUSDT | spread=40.23bps | dir=SHORT_LAGGER | bid_ask=-58.33bps ask_bid=40.23bps | leader=binance_futures lagger=gate_futures direction=SHORT_LAGGER bid_ask=-58.33 ask_bid=40.23
2026-02-27T16:20:10.273628Z  INFO lead_lag_classic signal #1040: ESPUSDT | spread=34.02bps | dir=SHORT_LAGGER | bid_ask=-43.89bps ask_bid=34.02bps | leader=binance_futures lagger=gate_futures direction=SHORT_LAGGER bid_ask=-43.89 ask_bid=34.02
2026-02-27T16:20:10.506302Z  INFO lead_lag_classic signal #1041: ESPUSDT | spread=34.80bps | dir=SHORT_LAGGER | bid_ask=-44.66bps ask_bid=34.80bps | leader=binance_futures lagger=gate_futures direction=SHORT_LAGGER bid_ask=-44.66 ask_bid=34.80
2026-02-27T16:20:11.261578Z  INFO lead_lag_classic signal #1042: ATHUSDT | spread=40.23bps | dir=SHORT_LAGGER | bid_ask=-58.33bps ask_bid=40.23bps | leader=binance_futures lagger=gate_futures direction=SHORT_LAGGER bid_ask=-58.33 ask_bid=40.23
2026-02-27T16:20:11.261697Z  INFO lead_lag_classic signal #1043: ESPUSDT | spread=34.80bps | dir=SHORT_LAGGER | bid_ask=-44.66bps ask_bid=34.80bps | leader=binance_futures lagger=gate_futures direction=SHORT_LAGGER bid_ask=-44.66 ask_bid=34.80
2026-02-27T16:20:11.261809Z  INFO lead_lag_classic signal #1044: POWERUSDT | spread=127.46bps | dir=SHORT_LAGGER | bid_ask=-131.60bps ask_bid=127.46bps | leader=binance_futures lagger=gate_futures direction=SHORT_LAGGER bid_ask=-131.60 ask_bid=127.46
2026-02-27T16:20:11.261877Z  INFO lead_lag_classic signal #1045: SAHARAUSDT | spread=173.91bps | dir=SHORT_LAGGER | bid_ask=-195.04bps ask_bid=173.91bps | leader=binance_futures lagger=gate_futures direction=SHORT_LAGGER bid_ask=-195.04 ask_bid=173.91
2026-02-27T16:20:11.405159Z  INFO lead_lag_classic signal #1046: ESPUSDT | spread=34.80bps | dir=SHORT_LAGGER | bid_ask=-44.66bps ask_bid=34.80bps | leader=binance_futures lagger=gate_futures direction=SHORT_LAGGER bid_ask=-44.66 ask_bid=34.80
2026-02-27T16:20:11.405280Z  INFO lead_lag_classic signal #1047: POWERUSDT | spread=131.39bps | dir=SHORT_LAGGER | bid_ask=-136.51bps ask_bid=131.39bps | leader=binance_futures lagger=gate_futures direction=SHORT_LAGGER bid_ask=-136.51 ask_bid=131.39
2026-02-27T16:20:11.405330Z  INFO lead_lag_classic signal #1048: SAHARAUSDT | spread=173.91bps | dir=SHORT_LAGGER | bid_ask=-195.04bps ask_bid=173.91bps | leader=binance_futures lagger=gate_futures direction=SHORT_LAGGER bid_ask=-195.04 ask_bid=173.91
2026-02-27T16:20:12.327093Z  INFO lead_lag_classic signal #1049: ATHUSDT | spread=43.59bps | dir=SHORT_LAGGER | bid_ask=-65.00bps ask_bid=43.59bps | leader=binance_futures lagger=gate_futures direction=SHORT_LAGGER bid_ask=-65.00 ask_bid=43.59
2026-02-27T16:20:12.327201Z  INFO lead_lag_classic signal #1050: ESPUSDT | spread=33.24bps | dir=SHORT_LAGGER | bid_ask=-40.81bps ask_bid=33.24bps | leader=binance_futures lagger=gate_futures direction=SHORT_LAGGER bid_ask=-40.81 ask_bid=33.24
2026-02-27T16:20:12.327305Z  INFO lead_lag_classic signal #1051: POWERUSDT | spread=127.79bps | dir=SHORT_LAGGER | bid_ask=-140.12bps ask_bid=127.79bps | leader=binance_futures lagger=gate_futures direction=SHORT_LAGGER bid_ask=-140.12 ask_bid=127.79
2026-02-27T16:20:12.327356Z  INFO lead_lag_classic signal #1052: SAHARAUSDT | spread=173.99bps | dir=SHORT_LAGGER | bid_ask=-187.07bps ask_bid=173.99bps | leader=binance_futures lagger=gate_futures direction=SHORT_LAGGER bid_ask=-187.07 ask_bid=173.99
2026-02-27T16:20:12.409082Z  INFO lead_lag_classic signal #1053: ESPUSDT | spread=34.02bps | dir=SHORT_LAGGER | bid_ask=-41.58bps ask_bid=34.02bps | leader=binance_futures lagger=gate_futures direction=SHORT_LAGGER bid_ask=-41.58 ask_bid=34.02
2026-02-27T16:20:12.409174Z  INFO lead_lag_classic signal #1054: POWERUSDT | spread=126.41bps | dir=SHORT_LAGGER | bid_ask=-140.57bps ask_bid=126.41bps | leader=binance_futures lagger=gate_futures direction=SHORT_LAGGER bid_ask=-140.57 ask_bid=126.41
2026-02-27T16:20:12.409220Z  INFO lead_lag_classic signal #1055: SAHARAUSDT | spread=173.99bps | dir=SHORT_LAGGER | bid_ask=-187.07bps ask_bid=173.99bps | leader=binance_futures lagger=gate_futures direction=SHORT_LAGGER bid_ask=-187.07 ask_bid=173.99
2026-02-27T16:20:12.675485Z  INFO lead_lag_classic signal #1056: ATHUSDT | spread=43.59bps | dir=SHORT_LAGGER | bid_ask=-65.00bps ask_bid=43.59bps | leader=binance_futures lagger=gate_futures direction=SHORT_LAGGER bid_ask=-65.00 ask_bid=43.59
2026-02-27T16:20:12.675582Z  INFO lead_lag_classic signal #1057: ESPUSDT | spread=34.02bps | dir=SHORT_LAGGER | bid_ask=-41.58bps ask_bid=34.02bps | leader=binance_futures lagger=gate_futures direction=SHORT_LAGGER bid_ask=-41.58 ask_bid=34.02
2026-02-27T16:20:12.878268Z  INFO lead_lag_classic signal #1058: ESPUSDT | spread=34.02bps | dir=SHORT_LAGGER | bid_ask=-41.58bps ask_bid=34.02bps | leader=binance_futures lagger=gate_futures direction=SHORT_LAGGER bid_ask=-41.58 ask_bid=34.02
2026-02-27T16:20:12.878376Z  INFO lead_lag_classic signal #1059: POWERUSDT | spread=137.87bps | dir=SHORT_LAGGER | bid_ask=-142.36bps ask_bid=137.87bps | leader=binance_futures lagger=gate_futures direction=SHORT_LAGGER bid_ask=-142.36 ask_bid=137.87
2026-02-27T16:20:12.878446Z  INFO lead_lag_classic signal #1060: SAHARAUSDT | spread=169.77bps | dir=SHORT_LAGGER | bid_ask=-187.07bps ask_bid=169.77bps | leader=binance_futures lagger=gate_futures direction=SHORT_LAGGER bid_ask=-187.07 ask_bid=169.77
2026-02-27T16:20:13.225764Z  INFO lead_lag_classic signal #1061: ATHUSDT | spread=45.28bps | dir=SHORT_LAGGER | bid_ask=-65.00bps ask_bid=45.28bps | leader=binance_futures lagger=gate_futures direction=SHORT_LAGGER bid_ask=-65.00 ask_bid=45.28
2026-02-27T16:20:13.225883Z  INFO lead_lag_classic signal #1062: ESPUSDT | spread=34.02bps | dir=SHORT_LAGGER | bid_ask=-41.58bps ask_bid=34.02bps | leader=binance_futures lagger=gate_futures direction=SHORT_LAGGER bid_ask=-41.58 ask_bid=34.02
2026-02-27T16:20:13.225971Z  INFO lead_lag_classic signal #1063: POWERUSDT | spread=132.17bps | dir=SHORT_LAGGER | bid_ask=-140.63bps ask_bid=132.17bps | leader=binance_futures lagger=gate_futures direction=SHORT_LAGGER bid_ask=-140.63 ask_bid=132.17
2026-02-27T16:20:13.226033Z  INFO lead_lag_classic signal #1064: SAHARAUSDT | spread=165.56bps | dir=SHORT_LAGGER | bid_ask=-182.93bps ask_bid=165.56bps | leader=binance_futures lagger=gate_futures direction=SHORT_LAGGER bid_ask=-182.93 ask_bid=165.56
2026-02-27T16:20:13.532609Z  INFO lead_lag_classic signal #1065: ESPUSDT | spread=34.79bps | dir=SHORT_LAGGER | bid_ask=-42.35bps ask_bid=34.79bps | leader=binance_futures lagger=gate_futures direction=SHORT_LAGGER bid_ask=-42.35 ask_bid=34.79
2026-02-27T16:20:13.532729Z  INFO lead_lag_classic signal #1066: POWERUSDT | spread=144.60bps | dir=SHORT_LAGGER | bid_ask=-153.35bps ask_bid=144.60bps | leader=binance_futures lagger=gate_futures direction=SHORT_LAGGER bid_ask=-153.35 ask_bid=144.60
2026-02-27T16:20:13.532800Z  INFO lead_lag_classic signal #1067: SAHARAUSDT | spread=161.36bps | dir=SHORT_LAGGER | bid_ask=-182.93bps ask_bid=161.36bps | leader=binance_futures lagger=gate_futures direction=SHORT_LAGGER bid_ask=-182.93 ask_bid=161.36
2026-02-27T16:20:13.775111Z  INFO lead_lag_classic signal #1068: ESPUSDT | spread=35.57bps | dir=SHORT_LAGGER | bid_ask=-43.12bps ask_bid=35.57bps | leader=binance_futures lagger=gate_futures direction=SHORT_LAGGER bid_ask=-43.12 ask_bid=35.57
2026-02-27T16:20:13.775239Z  INFO lead_lag_classic signal #1069: POWERUSDT | spread=143.28bps | dir=SHORT_LAGGER | bid_ask=-150.92bps ask_bid=143.28bps | leader=binance_futures lagger=gate_futures direction=SHORT_LAGGER bid_ask=-150.92 ask_bid=143.28
2026-02-27T16:20:13.775288Z  INFO lead_lag_classic signal #1070: SAHARAUSDT | spread=169.77bps | dir=SHORT_LAGGER | bid_ask=-186.99bps ask_bid=169.77bps | leader=binance_futures lagger=gate_futures direction=SHORT_LAGGER bid_ask=-186.99 ask_bid=169.77
2026-02-27T16:20:13.867761Z  INFO lead_lag_classic signal #1071: POWERUSDT | spread=143.28bps | dir=SHORT_LAGGER | bid_ask=-151.62bps ask_bid=143.28bps | leader=binance_futures lagger=gate_futures direction=SHORT_LAGGER bid_ask=-151.62 ask_bid=143.28
2026-02-27T16:20:13.867884Z  INFO lead_lag_classic signal #1072: SAHARAUSDT | spread=165.56bps | dir=SHORT_LAGGER | bid_ask=-182.93bps ask_bid=165.56bps | leader=binance_futures lagger=gate_futures direction=SHORT_LAGGER bid_ask=-182.93 ask_bid=165.56
2026-02-27T16:20:13.868438Z  INFO Status: tickers=32030 (+1118/5s) signals=1072 drift=[n=1118 avg=115ms p50=92ms p95=291ms p99=457ms max=744ms]
2026-02-27T16:20:13.940593Z  INFO lead_lag_classic signal #1073: SAHARAUSDT | spread=173.99bps | dir=SHORT_LAGGER | bid_ask=-191.06bps ask_bid=173.99bps | leader=binance_futures lagger=gate_futures direction=SHORT_LAGGER bid_ask=-191.06 ask_bid=173.99
2026-02-27T16:20:15.725005Z  INFO lead_lag_classic signal #1074: ESPUSDT | spread=31.71bps | dir=SHORT_LAGGER | bid_ask=-41.59bps ask_bid=31.71bps | leader=binance_futures lagger=gate_futures direction=SHORT_LAGGER bid_ask=-41.59 ask_bid=31.71
2026-02-27T16:20:15.725137Z  INFO lead_lag_classic signal #1075: POWERUSDT | spread=134.18bps | dir=SHORT_LAGGER | bid_ask=-134.36bps ask_bid=134.18bps | leader=binance_futures lagger=gate_futures direction=SHORT_LAGGER bid_ask=-134.36 ask_bid=134.18
2026-02-27T16:20:15.725203Z  INFO lead_lag_classic signal #1076: SAHARAUSDT | spread=186.64bps | dir=SHORT_LAGGER | bid_ask=-203.25bps ask_bid=186.64bps | leader=binance_futures lagger=gate_futures direction=SHORT_LAGGER bid_ask=-203.25 ask_bid=186.64
2026-02-27T16:20:16.901981Z  INFO lead_lag_classic signal #1077: ATHUSDT | spread=43.52bps | dir=SHORT_LAGGER | bid_ask=-64.89bps ask_bid=43.52bps | leader=binance_futures lagger=gate_futures direction=SHORT_LAGGER bid_ask=-64.89 ask_bid=43.52
2026-02-27T16:20:16.902090Z  INFO lead_lag_classic signal #1078: ESPUSDT | spread=33.25bps | dir=SHORT_LAGGER | bid_ask=-41.59bps ask_bid=33.25bps | leader=binance_futures lagger=gate_futures direction=SHORT_LAGGER bid_ask=-41.59 ask_bid=33.25
2026-02-27T16:20:16.902186Z  INFO lead_lag_classic signal #1079: POWERUSDT | spread=130.84bps | dir=SHORT_LAGGER | bid_ask=-137.12bps ask_bid=130.84bps | leader=binance_futures lagger=gate_futures direction=SHORT_LAGGER bid_ask=-137.12 ask_bid=130.84
2026-02-27T16:20:16.902256Z  INFO lead_lag_classic signal #1080: SAHARAUSDT | spread=140.67bps | dir=SHORT_LAGGER | bid_ask=-150.84bps ask_bid=140.67bps | leader=binance_futures lagger=gate_futures direction=SHORT_LAGGER bid_ask=-150.84 ask_bid=140.67
2026-02-27T16:20:17.141770Z  INFO lead_lag_classic signal #1081: ATHUSDT | spread=43.52bps | dir=SHORT_LAGGER | bid_ask=-64.89bps ask_bid=43.52bps | leader=binance_futures lagger=gate_futures direction=SHORT_LAGGER bid_ask=-64.89 ask_bid=43.52
2026-02-27T16:20:17.141867Z  INFO lead_lag_classic signal #1082: ESPUSDT | spread=33.25bps | dir=SHORT_LAGGER | bid_ask=-41.59bps ask_bid=33.25bps | leader=binance_futures lagger=gate_futures direction=SHORT_LAGGER bid_ask=-41.59 ask_bid=33.25
2026-02-27T16:20:18.084225Z  INFO lead_lag_classic signal #1083: ESPUSDT | spread=33.25bps | dir=SHORT_LAGGER | bid_ask=-41.59bps ask_bid=33.25bps | leader=binance_futures lagger=gate_futures direction=SHORT_LAGGER bid_ask=-41.59 ask_bid=33.25
2026-02-27T16:20:18.084371Z  INFO lead_lag_classic signal #1084: POWERUSDT | spread=130.83bps | dir=SHORT_LAGGER | bid_ask=-137.41bps ask_bid=130.83bps | leader=binance_futures lagger=gate_futures direction=SHORT_LAGGER bid_ask=-137.41 ask_bid=130.83
2026-02-27T16:20:18.084427Z  INFO lead_lag_classic signal #1085: SAHARAUSDT | spread=165.36bps | dir=SHORT_LAGGER | bid_ask=-178.72bps ask_bid=165.36bps | leader=binance_futures lagger=gate_futures direction=SHORT_LAGGER bid_ask=-178.72 ask_bid=165.36
2026-02-27T16:20:18.294121Z  INFO lead_lag_classic signal #1086: ESPUSDT | spread=33.25bps | dir=SHORT_LAGGER | bid_ask=-41.59bps ask_bid=33.25bps | leader=binance_futures lagger=gate_futures direction=SHORT_LAGGER bid_ask=-41.59 ask_bid=33.25
2026-02-27T16:20:18.294249Z  INFO lead_lag_classic signal #1087: POWERUSDT | spread=130.83bps | dir=SHORT_LAGGER | bid_ask=-137.41bps ask_bid=130.83bps | leader=binance_futures lagger=gate_futures direction=SHORT_LAGGER bid_ask=-137.41 ask_bid=130.83
2026-02-27T16:20:18.294310Z  INFO lead_lag_classic signal #1088: SAHARAUSDT | spread=165.36bps | dir=SHORT_LAGGER | bid_ask=-178.72bps ask_bid=165.36bps | leader=binance_futures lagger=gate_futures direction=SHORT_LAGGER bid_ask=-178.72 ask_bid=165.36
2026-02-27T16:20:18.423817Z  INFO lead_lag_classic signal #1089: ESPUSDT | spread=33.25bps | dir=SHORT_LAGGER | bid_ask=-41.59bps ask_bid=33.25bps | leader=binance_futures lagger=gate_futures direction=SHORT_LAGGER bid_ask=-41.59 ask_bid=33.25
2026-02-27T16:20:18.423941Z  INFO lead_lag_classic signal #1090: POWERUSDT | spread=129.39bps | dir=SHORT_LAGGER | bid_ask=-137.28bps ask_bid=129.39bps | leader=binance_futures lagger=gate_futures direction=SHORT_LAGGER bid_ask=-137.28 ask_bid=129.39
2026-02-27T16:20:18.533013Z  INFO lead_lag_classic signal #1091: ESPUSDT | spread=33.25bps | dir=SHORT_LAGGER | bid_ask=-41.59bps ask_bid=33.25bps | leader=binance_futures lagger=gate_futures direction=SHORT_LAGGER bid_ask=-41.59 ask_bid=33.25
2026-02-27T16:20:18.533139Z  INFO lead_lag_classic signal #1092: POWERUSDT | spread=129.06bps | dir=SHORT_LAGGER | bid_ask=-137.28bps ask_bid=129.06bps | leader=binance_futures lagger=gate_futures direction=SHORT_LAGGER bid_ask=-137.28 ask_bid=129.06
2026-02-27T16:20:18.533199Z  INFO lead_lag_classic signal #1093: SAHARAUSDT | spread=165.36bps | dir=SHORT_LAGGER | bid_ask=-178.72bps ask_bid=165.36bps | leader=binance_futures lagger=gate_futures direction=SHORT_LAGGER bid_ask=-178.72 ask_bid=165.36
2026-02-27T16:20:19.615639Z  INFO lead_lag_classic signal #1094: ESPUSDT | spread=33.25bps | dir=SHORT_LAGGER | bid_ask=-43.12bps ask_bid=33.25bps | leader=binance_futures lagger=gate_futures direction=SHORT_LAGGER bid_ask=-43.12 ask_bid=33.25
2026-02-27T16:20:19.615761Z  INFO lead_lag_classic signal #1095: POWERUSDT | spread=129.31bps | dir=SHORT_LAGGER | bid_ask=-132.14bps ask_bid=129.31bps | leader=binance_futures lagger=gate_futures direction=SHORT_LAGGER bid_ask=-132.14 ask_bid=129.31
2026-02-27T16:20:19.615816Z  INFO lead_lag_classic signal #1096: SAHARAUSDT | spread=169.70bps | dir=SHORT_LAGGER | bid_ask=-183.00bps ask_bid=169.70bps | leader=binance_futures lagger=gate_futures direction=SHORT_LAGGER bid_ask=-183.00 ask_bid=169.70
2026-02-27T16:20:19.616500Z  INFO Status: tickers=33373 (+1343/5s) signals=1096 drift=[n=1343 avg=123ms p50=97ms p95=304ms p99=683ms max=1073ms]
2026-02-27T16:20:19.721218Z  INFO lead_lag_classic signal #1097: POWERUSDT | spread=120.92bps | dir=SHORT_LAGGER | bid_ask=-123.96bps ask_bid=120.92bps | leader=binance_futures lagger=gate_futures direction=SHORT_LAGGER bid_ask=-123.96 ask_bid=120.92
2026-02-27T16:20:19.721312Z  INFO lead_lag_classic signal #1098: SAHARAUSDT | spread=173.91bps | dir=SHORT_LAGGER | bid_ask=-183.00bps ask_bid=173.91bps | leader=binance_futures lagger=gate_futures direction=SHORT_LAGGER bid_ask=-183.00 ask_bid=173.91
2026-02-27T16:20:19.868657Z  INFO lead_lag_classic signal #1099: POWERUSDT | spread=120.07bps | dir=SHORT_LAGGER | bid_ask=-124.66bps ask_bid=120.07bps | leader=binance_futures lagger=gate_futures direction=SHORT_LAGGER bid_ask=-124.66 ask_bid=120.07
2026-02-27T16:20:19.868747Z  INFO lead_lag_classic signal #1100: SAHARAUSDT | spread=169.70bps | dir=SHORT_LAGGER | bid_ask=-178.93bps ask_bid=169.70bps | leader=binance_futures lagger=gate_futures direction=SHORT_LAGGER bid_ask=-178.93 ask_bid=169.70
2026-02-27T16:20:21.796386Z  INFO lead_lag_classic signal #1101: ATHUSDT | spread=43.45bps | dir=SHORT_LAGGER | bid_ask=-64.78bps ask_bid=43.45bps | leader=binance_futures lagger=gate_futures direction=SHORT_LAGGER bid_ask=-64.78 ask_bid=43.45
2026-02-27T16:20:21.796495Z  INFO lead_lag_classic signal #1102: ENSOUSDT | spread=67.31bps | dir=SHORT_LAGGER | bid_ask=-84.13bps ask_bid=67.31bps | leader=binance_futures lagger=gate_futures direction=SHORT_LAGGER bid_ask=-84.13 ask_bid=67.31
2026-02-27T16:20:21.796536Z  INFO lead_lag_classic signal #1103: ESPUSDT | spread=32.47bps | dir=SHORT_LAGGER | bid_ask=-40.81bps ask_bid=32.47bps | leader=binance_futures lagger=gate_futures direction=SHORT_LAGGER bid_ask=-40.81 ask_bid=32.47
2026-02-27T16:20:21.796625Z  INFO lead_lag_classic signal #1104: POWERUSDT | spread=138.09bps | dir=SHORT_LAGGER | bid_ask=-141.61bps ask_bid=138.09bps | leader=binance_futures lagger=gate_futures direction=SHORT_LAGGER bid_ask=-141.61 ask_bid=138.09
2026-02-27T16:20:21.796693Z  INFO lead_lag_classic signal #1105: SAHARAUSDT | spread=153.65bps | dir=SHORT_LAGGER | bid_ask=-159.44bps ask_bid=153.65bps | leader=binance_futures lagger=gate_futures direction=SHORT_LAGGER bid_ask=-159.44 ask_bid=153.65
2026-02-27T16:20:21.913917Z  INFO lead_lag_classic signal #1106: ATHUSDT | spread=43.45bps | dir=SHORT_LAGGER | bid_ask=-64.78bps ask_bid=43.45bps | leader=binance_futures lagger=gate_futures direction=SHORT_LAGGER bid_ask=-64.78 ask_bid=43.45
2026-02-27T16:20:22.143642Z  INFO lead_lag_classic signal #1107: ATHUSDT | spread=43.45bps | dir=SHORT_LAGGER | bid_ask=-63.12bps ask_bid=43.45bps | leader=binance_futures lagger=gate_futures direction=SHORT_LAGGER bid_ask=-63.12 ask_bid=43.45
2026-02-27T16:20:22.143754Z  INFO lead_lag_classic signal #1108: ENSOUSDT | spread=70.13bps | dir=SHORT_LAGGER | bid_ask=-84.84bps ask_bid=70.13bps | leader=binance_futures lagger=gate_futures direction=SHORT_LAGGER bid_ask=-84.84 ask_bid=70.13
2026-02-27T16:20:22.143842Z  INFO lead_lag_classic signal #1109: POWERUSDT | spread=133.95bps | dir=SHORT_LAGGER | bid_ask=-138.54bps ask_bid=133.95bps | leader=binance_futures lagger=gate_futures direction=SHORT_LAGGER bid_ask=-138.54 ask_bid=133.95
2026-02-27T16:20:22.143910Z  INFO lead_lag_classic signal #1110: SAHARAUSDT | spread=170.34bps | dir=SHORT_LAGGER | bid_ask=-183.60bps ask_bid=170.34bps | leader=binance_futures lagger=gate_futures direction=SHORT_LAGGER bid_ask=-183.60 ask_bid=170.34
2026-02-27T16:20:22.358438Z  INFO lead_lag_classic signal #1111: ENSOUSDT | spread=70.13bps | dir=SHORT_LAGGER | bid_ask=-86.91bps ask_bid=70.13bps | leader=binance_futures lagger=gate_futures direction=SHORT_LAGGER bid_ask=-86.91 ask_bid=70.13
2026-02-27T16:20:22.358573Z  INFO lead_lag_classic signal #1112: POWERUSDT | spread=134.01bps | dir=SHORT_LAGGER | bid_ask=-138.98bps ask_bid=134.01bps | leader=binance_futures lagger=gate_futures direction=SHORT_LAGGER bid_ask=-138.98 ask_bid=134.01
2026-02-27T16:20:22.861858Z  INFO lead_lag_classic signal #1113: ATHUSDT | spread=45.13bps | dir=SHORT_LAGGER | bid_ask=-64.78bps ask_bid=45.13bps | leader=binance_futures lagger=gate_futures direction=SHORT_LAGGER bid_ask=-64.78 ask_bid=45.13
2026-02-27T16:20:22.861966Z  INFO lead_lag_classic signal #1114: ENSOUSDT | spread=70.13bps | dir=SHORT_LAGGER | bid_ask=-86.91bps ask_bid=70.13bps | leader=binance_futures lagger=gate_futures direction=SHORT_LAGGER bid_ask=-86.91 ask_bid=70.13
2026-02-27T16:20:22.997561Z  INFO lead_lag_classic signal #1115: ESPUSDT | spread=34.79bps | dir=SHORT_LAGGER | bid_ask=-42.35bps ask_bid=34.79bps | leader=binance_futures lagger=gate_futures direction=SHORT_LAGGER bid_ask=-42.35 ask_bid=34.79
2026-02-27T16:20:22.997679Z  INFO lead_lag_classic signal #1116: POWERUSDT | spread=133.87bps | dir=SHORT_LAGGER | bid_ask=-138.46bps ask_bid=133.87bps | leader=binance_futures lagger=gate_futures direction=SHORT_LAGGER bid_ask=-138.46 ask_bid=133.87
2026-02-27T16:20:22.997735Z  INFO lead_lag_classic signal #1117: SAHARAUSDT | spread=157.87bps | dir=SHORT_LAGGER | bid_ask=-171.57bps ask_bid=157.87bps | leader=binance_futures lagger=gate_futures direction=SHORT_LAGGER bid_ask=-171.57 ask_bid=157.87
2026-02-27T16:20:23.143293Z  INFO lead_lag_classic signal #1118: POWERUSDT | spread=130.92bps | dir=SHORT_LAGGER | bid_ask=-135.59bps ask_bid=130.92bps | leader=binance_futures lagger=gate_futures direction=SHORT_LAGGER bid_ask=-135.59 ask_bid=130.92
2026-02-27T16:20:23.143385Z  INFO lead_lag_classic signal #1119: SAHARAUSDT | spread=153.65bps | dir=SHORT_LAGGER | bid_ask=-171.57bps ask_bid=153.65bps | leader=binance_futures lagger=gate_futures direction=SHORT_LAGGER bid_ask=-171.57 ask_bid=153.65
2026-02-27T16:20:23.604678Z  INFO lead_lag_classic signal #1120: POWERUSDT | spread=127.38bps | dir=SHORT_LAGGER | bid_ask=-132.14bps ask_bid=127.38bps | leader=binance_futures lagger=gate_futures direction=SHORT_LAGGER bid_ask=-132.14 ask_bid=127.38
2026-02-27T16:20:23.604770Z  INFO lead_lag_classic signal #1121: SAHARAUSDT | spread=162.09bps | dir=SHORT_LAGGER | bid_ask=-175.65bps ask_bid=162.09bps | leader=binance_futures lagger=gate_futures direction=SHORT_LAGGER bid_ask=-175.65 ask_bid=162.09
2026-02-27T16:20:23.934596Z  INFO lead_lag_classic signal #1122: ENSOUSDT | spread=70.13bps | dir=SHORT_LAGGER | bid_ask=-86.22bps ask_bid=70.13bps | leader=binance_futures lagger=gate_futures direction=SHORT_LAGGER bid_ask=-86.22 ask_bid=70.13
2026-02-27T16:20:25.009951Z  INFO lead_lag_classic signal #1123: POWERUSDT | spread=126.08bps | dir=SHORT_LAGGER | bid_ask=-135.42bps ask_bid=126.08bps | leader=binance_futures lagger=gate_futures direction=SHORT_LAGGER bid_ask=-135.42 ask_bid=126.08
2026-02-27T16:20:25.010042Z  INFO lead_lag_classic signal #1124: SAHARAUSDT | spread=157.87bps | dir=SHORT_LAGGER | bid_ask=-171.57bps ask_bid=157.87bps | leader=binance_futures lagger=gate_futures direction=SHORT_LAGGER bid_ask=-171.57 ask_bid=157.87
2026-02-27T16:20:25.010645Z  INFO Status: tickers=34552 (+1179/5s) signals=1124 drift=[n=1179 avg=132ms p50=110ms p95=318ms p99=572ms max=1071ms]
2026-02-27T16:20:25.476060Z  INFO lead_lag_classic signal #1125: ATHUSDT | spread=40.16bps | dir=SHORT_LAGGER | bid_ask=-74.75bps ask_bid=40.16bps | leader=binance_futures lagger=gate_futures direction=SHORT_LAGGER bid_ask=-74.75 ask_bid=40.16
2026-02-27T16:20:25.476259Z  INFO lead_lag_classic signal #1126: POWERUSDT | spread=136.44bps | dir=SHORT_LAGGER | bid_ask=-141.58bps ask_bid=136.44bps | leader=binance_futures lagger=gate_futures direction=SHORT_LAGGER bid_ask=-141.58 ask_bid=136.44
2026-02-27T16:20:25.476331Z  INFO lead_lag_classic signal #1127: SAHARAUSDT | spread=153.72bps | dir=SHORT_LAGGER | bid_ask=-167.55bps ask_bid=153.72bps | leader=binance_futures lagger=gate_futures direction=SHORT_LAGGER bid_ask=-167.55 ask_bid=153.72
2026-02-27T16:20:26.189482Z  INFO lead_lag_classic signal #1128: ATHUSDT | spread=51.85bps | dir=SHORT_LAGGER | bid_ask=-73.09bps ask_bid=51.85bps | leader=binance_futures lagger=gate_futures direction=SHORT_LAGGER bid_ask=-73.09 ask_bid=51.85
2026-02-27T16:20:26.189635Z  INFO lead_lag_classic signal #1129: POWERUSDT | spread=144.37bps | dir=SHORT_LAGGER | bid_ask=-152.58bps ask_bid=144.37bps | leader=binance_futures lagger=gate_futures direction=SHORT_LAGGER bid_ask=-152.58 ask_bid=144.37
2026-02-27T16:20:26.189706Z  INFO lead_lag_classic signal #1130: SAHARAUSDT | spread=162.03bps | dir=SHORT_LAGGER | bid_ask=-179.59bps ask_bid=162.03bps | leader=binance_futures lagger=gate_futures direction=SHORT_LAGGER bid_ask=-179.59 ask_bid=162.03
2026-02-27T16:20:26.578000Z  INFO lead_lag_classic signal #1131: ATHUSDT | spread=51.85bps | dir=SHORT_LAGGER | bid_ask=-73.09bps ask_bid=51.85bps | leader=binance_futures lagger=gate_futures direction=SHORT_LAGGER bid_ask=-73.09 ask_bid=51.85
2026-02-27T16:20:26.578172Z  INFO lead_lag_classic signal #1132: POWERUSDT | spread=139.78bps | dir=SHORT_LAGGER | bid_ask=-147.54bps ask_bid=139.78bps | leader=binance_futures lagger=gate_futures direction=SHORT_LAGGER bid_ask=-147.54 ask_bid=139.78
2026-02-27T16:20:26.578246Z  INFO lead_lag_classic signal #1133: SAHARAUSDT | spread=162.03bps | dir=SHORT_LAGGER | bid_ask=-179.59bps ask_bid=162.03bps | leader=binance_futures lagger=gate_futures direction=SHORT_LAGGER bid_ask=-179.59 ask_bid=162.03
2026-02-27T16:20:27.071994Z  INFO lead_lag_classic signal #1134: ENSOUSDT | spread=66.60bps | dir=SHORT_LAGGER | bid_ask=-82.05bps ask_bid=66.60bps | leader=binance_futures lagger=gate_futures direction=SHORT_LAGGER bid_ask=-82.05 ask_bid=66.60
2026-02-27T16:20:27.220531Z  INFO lead_lag_classic signal #1135: POWERUSDT | spread=136.91bps | dir=SHORT_LAGGER | bid_ask=-141.13bps ask_bid=136.91bps | leader=binance_futures lagger=gate_futures direction=SHORT_LAGGER bid_ask=-141.13 ask_bid=136.91
2026-02-27T16:20:27.220625Z  INFO lead_lag_classic signal #1136: SAHARAUSDT | spread=161.89bps | dir=SHORT_LAGGER | bid_ask=-175.44bps ask_bid=161.89bps | leader=binance_futures lagger=gate_futures direction=SHORT_LAGGER bid_ask=-175.44 ask_bid=161.89
2026-02-27T16:20:27.905734Z  INFO lead_lag_classic signal #1137: ATHUSDT | spread=50.17bps | dir=SHORT_LAGGER | bid_ask=-69.77bps ask_bid=50.17bps | leader=binance_futures lagger=gate_futures direction=SHORT_LAGGER bid_ask=-69.77 ask_bid=50.17
2026-02-27T16:20:27.905844Z  INFO lead_lag_classic signal #1138: ESPUSDT | spread=34.02bps | dir=SHORT_LAGGER | bid_ask=-41.58bps ask_bid=34.02bps | leader=binance_futures lagger=gate_futures direction=SHORT_LAGGER bid_ask=-41.58 ask_bid=34.02
2026-02-27T16:20:27.905932Z  INFO lead_lag_classic signal #1139: POWERUSDT | spread=134.29bps | dir=SHORT_LAGGER | bid_ask=-141.37bps ask_bid=134.29bps | leader=binance_futures lagger=gate_futures direction=SHORT_LAGGER bid_ask=-141.37 ask_bid=134.29
2026-02-27T16:20:28.736984Z  INFO lead_lag_classic signal #1140: ESPUSDT | spread=34.02bps | dir=SHORT_LAGGER | bid_ask=-41.58bps ask_bid=34.02bps | leader=binance_futures lagger=gate_futures direction=SHORT_LAGGER bid_ask=-41.58 ask_bid=34.02
2026-02-27T16:20:28.737125Z  INFO lead_lag_classic signal #1141: POWERUSDT | spread=136.16bps | dir=SHORT_LAGGER | bid_ask=-140.68bps ask_bid=136.16bps | leader=binance_futures lagger=gate_futures direction=SHORT_LAGGER bid_ask=-140.68 ask_bid=136.16
2026-02-27T16:20:28.737201Z  INFO lead_lag_classic signal #1142: SAHARAUSDT | spread=165.77bps | dir=SHORT_LAGGER | bid_ask=-175.15bps ask_bid=165.77bps | leader=binance_futures lagger=gate_futures direction=SHORT_LAGGER bid_ask=-175.15 ask_bid=165.77
2026-02-27T16:20:28.847791Z  INFO lead_lag_classic signal #1143: SAHARAUSDT | spread=157.35bps | dir=SHORT_LAGGER | bid_ask=-167.01bps ask_bid=157.35bps | leader=binance_futures lagger=gate_futures direction=SHORT_LAGGER bid_ask=-167.01 ask_bid=157.35
2026-02-27T16:20:28.949565Z  INFO lead_lag_classic signal #1144: POWERUSDT | spread=135.90bps | dir=SHORT_LAGGER | bid_ask=-140.68bps ask_bid=135.90bps | leader=binance_futures lagger=gate_futures direction=SHORT_LAGGER bid_ask=-140.68 ask_bid=135.90
2026-02-27T16:20:28.949657Z  INFO lead_lag_classic signal #1145: SAHARAUSDT | spread=161.56bps | dir=SHORT_LAGGER | bid_ask=-171.08bps ask_bid=161.56bps | leader=binance_futures lagger=gate_futures direction=SHORT_LAGGER bid_ask=-171.08 ask_bid=161.56
2026-02-27T16:20:29.047033Z  INFO lead_lag_classic signal #1146: POWERUSDT | spread=135.90bps | dir=SHORT_LAGGER | bid_ask=-139.79bps ask_bid=135.90bps | leader=binance_futures lagger=gate_futures direction=SHORT_LAGGER bid_ask=-139.79 ask_bid=135.90
2026-02-27T16:20:29.047118Z  INFO lead_lag_classic signal #1147: SAHARAUSDT | spread=161.56bps | dir=SHORT_LAGGER | bid_ask=-171.08bps ask_bid=161.56bps | leader=binance_futures lagger=gate_futures direction=SHORT_LAGGER bid_ask=-171.08 ask_bid=161.56
2026-02-27T16:20:29.289588Z  INFO lead_lag_classic signal #1148: POWERUSDT | spread=137.86bps | dir=SHORT_LAGGER | bid_ask=-143.03bps ask_bid=137.86bps | leader=binance_futures lagger=gate_futures direction=SHORT_LAGGER bid_ask=-143.03 ask_bid=137.86
2026-02-27T16:20:29.289672Z  INFO lead_lag_classic signal #1149: SAHARAUSDT | spread=169.91bps | dir=SHORT_LAGGER | bid_ask=-183.15bps ask_bid=169.91bps | leader=binance_futures lagger=gate_futures direction=SHORT_LAGGER bid_ask=-183.15 ask_bid=169.91
2026-02-27T16:20:30.601749Z  INFO Status: tickers=35779 (+1227/5s) signals=1149 drift=[n=1227 avg=118ms p50=95ms p95=288ms p99=508ms max=1206ms]
2026-02-27T16:20:31.048487Z  INFO lead_lag_classic signal #1150: BULLAUSDT | spread=32.05bps | dir=LONG_LAGGER | bid_ask=32.05bps ask_bid=-102.17bps | leader=binance_futures lagger=gate_futures direction=LONG_LAGGER bid_ask=32.05 ask_bid=-102.17
2026-02-27T16:20:31.645927Z  INFO lead_lag_classic signal #1151: ATHUSDT | spread=41.84bps | dir=SHORT_LAGGER | bid_ask=-64.89bps ask_bid=41.84bps | leader=binance_futures lagger=gate_futures direction=SHORT_LAGGER bid_ask=-64.89 ask_bid=41.84
2026-02-27T16:20:31.646031Z  INFO lead_lag_classic signal #1152: ESPUSDT | spread=34.02bps | dir=SHORT_LAGGER | bid_ask=-40.81bps ask_bid=34.02bps | leader=binance_futures lagger=gate_futures direction=SHORT_LAGGER bid_ask=-40.81 ask_bid=34.02
2026-02-27T16:20:31.646119Z  INFO lead_lag_classic signal #1153: POWERUSDT | spread=140.90bps | dir=SHORT_LAGGER | bid_ask=-146.72bps ask_bid=140.90bps | leader=binance_futures lagger=gate_futures direction=SHORT_LAGGER bid_ask=-146.72 ask_bid=140.90
2026-02-27T16:20:31.646181Z  INFO lead_lag_classic signal #1154: SAHARAUSDT | spread=170.05bps | dir=SHORT_LAGGER | bid_ask=-175.30bps ask_bid=170.05bps | leader=binance_futures lagger=gate_futures direction=SHORT_LAGGER bid_ask=-175.30 ask_bid=170.05
2026-02-27T16:20:31.869082Z  INFO lead_lag_classic signal #1155: POWERUSDT | spread=134.72bps | dir=SHORT_LAGGER | bid_ask=-142.34bps ask_bid=134.72bps | leader=binance_futures lagger=gate_futures direction=SHORT_LAGGER bid_ask=-142.34 ask_bid=134.72
2026-02-27T16:20:31.869175Z  INFO lead_lag_classic signal #1156: SAHARAUSDT | spread=165.91bps | dir=SHORT_LAGGER | bid_ask=-175.30bps ask_bid=165.91bps | leader=binance_futures lagger=gate_futures direction=SHORT_LAGGER bid_ask=-175.30 ask_bid=165.91
2026-02-27T16:20:32.474477Z  INFO lead_lag_classic signal #1157: ATHUSDT | spread=41.84bps | dir=SHORT_LAGGER | bid_ask=-64.89bps ask_bid=41.84bps | leader=binance_futures lagger=gate_futures direction=SHORT_LAGGER bid_ask=-64.89 ask_bid=41.84
2026-02-27T16:20:32.474583Z  INFO lead_lag_classic signal #1158: ESPUSDT | spread=34.02bps | dir=SHORT_LAGGER | bid_ask=-40.81bps ask_bid=34.02bps | leader=binance_futures lagger=gate_futures direction=SHORT_LAGGER bid_ask=-40.81 ask_bid=34.02
2026-02-27T16:20:32.474684Z  INFO lead_lag_classic signal #1159: POWERUSDT | spread=134.58bps | dir=SHORT_LAGGER | bid_ask=-142.35bps ask_bid=134.58bps | leader=binance_futures lagger=gate_futures direction=SHORT_LAGGER bid_ask=-142.35 ask_bid=134.58
2026-02-27T16:20:32.474745Z  INFO lead_lag_classic signal #1160: SAHARAUSDT | spread=174.35bps | dir=SHORT_LAGGER | bid_ask=-187.45bps ask_bid=174.35bps | leader=binance_futures lagger=gate_futures direction=SHORT_LAGGER bid_ask=-187.45 ask_bid=174.35
2026-02-27T16:20:33.811251Z  INFO lead_lag_classic signal #1161: ATHUSDT | spread=38.48bps | dir=SHORT_LAGGER | bid_ask=-76.41bps ask_bid=38.48bps | leader=binance_futures lagger=gate_futures direction=SHORT_LAGGER bid_ask=-76.41 ask_bid=38.48
2026-02-27T16:20:33.811365Z  INFO lead_lag_classic signal #1162: ESPUSDT | spread=31.69bps | dir=SHORT_LAGGER | bid_ask=-37.73bps ask_bid=31.69bps | leader=binance_futures lagger=gate_futures direction=SHORT_LAGGER bid_ask=-37.73 ask_bid=31.69
2026-02-27T16:20:33.811450Z  INFO lead_lag_classic signal #1163: POWERUSDT | spread=134.03bps | dir=SHORT_LAGGER | bid_ask=-141.82bps ask_bid=134.03bps | leader=binance_futures lagger=gate_futures direction=SHORT_LAGGER bid_ask=-141.82 ask_bid=134.03
2026-02-27T16:20:33.811514Z  INFO lead_lag_classic signal #1164: SAHARAUSDT | spread=182.80bps | dir=SHORT_LAGGER | bid_ask=-191.60bps ask_bid=182.80bps | leader=binance_futures lagger=gate_futures direction=SHORT_LAGGER bid_ask=-191.60 ask_bid=182.80
2026-02-27T16:20:33.967259Z  INFO lead_lag_classic signal #1165: ATHUSDT | spread=38.48bps | dir=SHORT_LAGGER | bid_ask=-76.41bps ask_bid=38.48bps | leader=binance_futures lagger=gate_futures direction=SHORT_LAGGER bid_ask=-76.41 ask_bid=38.48
2026-02-27T16:20:33.967361Z  INFO lead_lag_classic signal #1166: ESPUSDT | spread=31.69bps | dir=SHORT_LAGGER | bid_ask=-37.73bps ask_bid=31.69bps | leader=binance_futures lagger=gate_futures direction=SHORT_LAGGER bid_ask=-37.73 ask_bid=31.69
2026-02-27T16:20:33.967447Z  INFO lead_lag_classic signal #1167: SAHARAUSDT | spread=178.57bps | dir=SHORT_LAGGER | bid_ask=-187.53bps ask_bid=178.57bps | leader=binance_futures lagger=gate_futures direction=SHORT_LAGGER bid_ask=-187.53 ask_bid=178.57
2026-02-27T16:20:35.584651Z  INFO lead_lag_classic signal #1168: ESPUSDT | spread=34.79bps | dir=SHORT_LAGGER | bid_ask=-39.27bps ask_bid=34.79bps | leader=binance_futures lagger=gate_futures direction=SHORT_LAGGER bid_ask=-39.27 ask_bid=34.79
2026-02-27T16:20:35.584772Z  INFO lead_lag_classic signal #1169: POWERUSDT | spread=131.79bps | dir=SHORT_LAGGER | bid_ask=-141.44bps ask_bid=131.79bps | leader=binance_futures lagger=gate_futures direction=SHORT_LAGGER bid_ask=-141.44 ask_bid=131.79
2026-02-27T16:20:35.584832Z  INFO lead_lag_classic signal #1170: SAHARAUSDT | spread=170.34bps | dir=SHORT_LAGGER | bid_ask=-179.59bps ask_bid=170.34bps | leader=binance_futures lagger=gate_futures direction=SHORT_LAGGER bid_ask=-179.59 ask_bid=170.34
2026-02-27T16:20:35.888418Z  INFO lead_lag_classic signal #1171: POWERUSDT | spread=129.56bps | dir=SHORT_LAGGER | bid_ask=-137.49bps ask_bid=129.56bps | leader=binance_futures lagger=gate_futures direction=SHORT_LAGGER bid_ask=-137.49 ask_bid=129.56
2026-02-27T16:20:35.888507Z  INFO lead_lag_classic signal #1172: SAHARAUSDT | spread=178.79bps | dir=SHORT_LAGGER | bid_ask=-187.76bps ask_bid=178.79bps | leader=binance_futures lagger=gate_futures direction=SHORT_LAGGER bid_ask=-187.76 ask_bid=178.79
2026-02-27T16:20:35.889047Z  INFO Status: tickers=36872 (+1093/5s) signals=1172 drift=[n=1093 avg=140ms p50=110ms p95=340ms p99=798ms max=1805ms]
2026-02-27T16:20:37.236177Z  INFO lead_lag_classic signal #1173: ATHUSDT | spread=38.48bps | dir=SHORT_LAGGER | bid_ask=-59.90bps ask_bid=38.48bps | leader=binance_futures lagger=gate_futures direction=SHORT_LAGGER bid_ask=-59.90 ask_bid=38.48
2026-02-27T16:20:37.236315Z  INFO lead_lag_classic signal #1174: ESPUSDT | spread=31.69bps | dir=SHORT_LAGGER | bid_ask=-39.27bps ask_bid=31.69bps | leader=binance_futures lagger=gate_futures direction=SHORT_LAGGER bid_ask=-39.27 ask_bid=31.69
2026-02-27T16:20:37.236399Z  INFO lead_lag_classic signal #1175: POWERUSDT | spread=131.10bps | dir=SHORT_LAGGER | bid_ask=-137.47bps ask_bid=131.10bps | leader=binance_futures lagger=gate_futures direction=SHORT_LAGGER bid_ask=-137.47 ask_bid=131.10
2026-02-27T16:20:37.236456Z  INFO lead_lag_classic signal #1176: SAHARAUSDT | spread=174.78bps | dir=SHORT_LAGGER | bid_ask=-183.90bps ask_bid=174.78bps | leader=binance_futures lagger=gate_futures direction=SHORT_LAGGER bid_ask=-183.90 ask_bid=174.78
2026-02-27T16:20:37.806732Z  INFO lead_lag_classic signal #1177: ESPUSDT | spread=31.69bps | dir=SHORT_LAGGER | bid_ask=-39.27bps ask_bid=31.69bps | leader=binance_futures lagger=gate_futures direction=SHORT_LAGGER bid_ask=-39.27 ask_bid=31.69
2026-02-27T16:20:37.806855Z  INFO lead_lag_classic signal #1178: POWERUSDT | spread=127.30bps | dir=SHORT_LAGGER | bid_ask=-133.33bps ask_bid=127.30bps | leader=binance_futures lagger=gate_futures direction=SHORT_LAGGER bid_ask=-133.33 ask_bid=127.30
2026-02-27T16:20:37.806921Z  INFO lead_lag_classic signal #1179: SAHARAUSDT | spread=170.55bps | dir=SHORT_LAGGER | bid_ask=-179.81bps ask_bid=170.55bps | leader=binance_futures lagger=gate_futures direction=SHORT_LAGGER bid_ask=-179.81 ask_bid=170.55
2026-02-27T16:20:37.846997Z  INFO lead_lag_classic signal #1180: SAHARAUSDT | spread=170.55bps | dir=SHORT_LAGGER | bid_ask=-179.81bps ask_bid=170.55bps | leader=binance_futures lagger=gate_futures direction=SHORT_LAGGER bid_ask=-179.81 ask_bid=170.55
2026-02-27T16:20:38.678859Z  INFO lead_lag_classic signal #1181: SAHARAUSDT | spread=166.39bps | dir=SHORT_LAGGER | bid_ask=-175.80bps ask_bid=166.39bps | leader=binance_futures lagger=gate_futures direction=SHORT_LAGGER bid_ask=-175.80 ask_bid=166.39
2026-02-27T16:20:39.571169Z  INFO lead_lag_classic signal #1182: ATHUSDT | spread=45.20bps | dir=SHORT_LAGGER | bid_ask=-63.23bps ask_bid=45.20bps | leader=binance_futures lagger=gate_futures direction=SHORT_LAGGER bid_ask=-63.23 ask_bid=45.20
2026-02-27T16:20:39.571290Z  INFO lead_lag_classic signal #1183: ESPUSDT | spread=32.47bps | dir=SHORT_LAGGER | bid_ask=-40.81bps ask_bid=32.47bps | leader=binance_futures lagger=gate_futures direction=SHORT_LAGGER bid_ask=-40.81 ask_bid=32.47
2026-02-27T16:20:39.571381Z  INFO lead_lag_classic signal #1184: POWERUSDT | spread=139.28bps | dir=SHORT_LAGGER | bid_ask=-147.78bps ask_bid=139.28bps | leader=binance_futures lagger=gate_futures direction=SHORT_LAGGER bid_ask=-147.78 ask_bid=139.28
2026-02-27T16:20:39.571438Z  INFO lead_lag_classic signal #1185: SAHARAUSDT | spread=162.30bps | dir=SHORT_LAGGER | bid_ask=-175.87bps ask_bid=162.30bps | leader=binance_futures lagger=gate_futures direction=SHORT_LAGGER bid_ask=-175.87 ask_bid=162.30
2026-02-27T16:20:41.038208Z  INFO lead_lag_classic signal #1186: ENSOUSDT | spread=68.72bps | dir=SHORT_LAGGER | bid_ask=-83.45bps ask_bid=68.72bps | leader=binance_futures lagger=gate_futures direction=SHORT_LAGGER bid_ask=-83.45 ask_bid=68.72
2026-02-27T16:20:41.038300Z  INFO lead_lag_classic signal #1187: ESPUSDT | spread=31.69bps | dir=SHORT_LAGGER | bid_ask=-39.27bps ask_bid=31.69bps | leader=binance_futures lagger=gate_futures direction=SHORT_LAGGER bid_ask=-39.27 ask_bid=31.69
2026-02-27T16:20:41.038395Z  INFO lead_lag_classic signal #1188: POWERUSDT | spread=140.86bps | dir=SHORT_LAGGER | bid_ask=-145.82bps ask_bid=140.86bps | leader=binance_futures lagger=gate_futures direction=SHORT_LAGGER bid_ask=-145.82 ask_bid=140.86
2026-02-27T16:20:41.038466Z  INFO lead_lag_classic signal #1189: SAHARAUSDT | spread=170.62bps | dir=SHORT_LAGGER | bid_ask=-179.89bps ask_bid=170.62bps | leader=binance_futures lagger=gate_futures direction=SHORT_LAGGER bid_ask=-179.89 ask_bid=170.62
2026-02-27T16:20:41.038999Z  INFO Status: tickers=37944 (+1072/5s) signals=1189 drift=[n=1072 avg=143ms p50=98ms p95=400ms p99=805ms max=1717ms]
2026-02-27T16:20:43.594690Z  INFO lead_lag_classic signal #1190: ATHUSDT | spread=46.89bps | dir=SHORT_LAGGER | bid_ask=-64.89bps ask_bid=46.89bps | leader=binance_futures lagger=gate_futures direction=SHORT_LAGGER bid_ask=-64.89 ask_bid=46.89
2026-02-27T16:20:43.594812Z  INFO lead_lag_classic signal #1191: ESPUSDT | spread=30.14bps | dir=SHORT_LAGGER | bid_ask=-37.73bps ask_bid=30.14bps | leader=binance_futures lagger=gate_futures direction=SHORT_LAGGER bid_ask=-37.73 ask_bid=30.14
2026-02-27T16:20:43.594908Z  INFO lead_lag_classic signal #1192: POWERUSDT | spread=141.62bps | dir=SHORT_LAGGER | bid_ask=-143.04bps ask_bid=141.62bps | leader=binance_futures lagger=gate_futures direction=SHORT_LAGGER bid_ask=-143.04 ask_bid=141.62
2026-02-27T16:20:43.594967Z  INFO lead_lag_classic signal #1193: SAHARAUSDT | spread=166.32bps | dir=SHORT_LAGGER | bid_ask=-175.73bps ask_bid=166.32bps | leader=binance_futures lagger=gate_futures direction=SHORT_LAGGER bid_ask=-175.73 ask_bid=166.32
2026-02-27T16:20:43.907618Z  INFO lead_lag_classic signal #1194: POWERUSDT | spread=141.69bps | dir=SHORT_LAGGER | bid_ask=-142.91bps ask_bid=141.69bps | leader=binance_futures lagger=gate_futures direction=SHORT_LAGGER bid_ask=-142.91 ask_bid=141.69
2026-02-27T16:20:43.907714Z  INFO lead_lag_classic signal #1195: SAHARAUSDT | spread=170.55bps | dir=SHORT_LAGGER | bid_ask=-179.81bps ask_bid=170.55bps | leader=binance_futures lagger=gate_futures direction=SHORT_LAGGER bid_ask=-179.81 ask_bid=170.55
2026-02-27T16:20:44.626510Z  INFO lead_lag_classic signal #1196: POWERUSDT | spread=137.56bps | dir=SHORT_LAGGER | bid_ask=-143.93bps ask_bid=137.56bps | leader=binance_futures lagger=gate_futures direction=SHORT_LAGGER bid_ask=-143.93 ask_bid=137.56
2026-02-27T16:20:44.882386Z  INFO lead_lag_classic signal #1197: ATHUSDT | spread=40.16bps | dir=SHORT_LAGGER | bid_ask=-59.90bps ask_bid=40.16bps | leader=binance_futures lagger=gate_futures direction=SHORT_LAGGER bid_ask=-59.90 ask_bid=40.16
2026-02-27T16:20:44.882547Z  INFO lead_lag_classic signal #1198: POWERUSDT | spread=137.17bps | dir=SHORT_LAGGER | bid_ask=-142.91bps ask_bid=137.17bps | leader=binance_futures lagger=gate_futures direction=SHORT_LAGGER bid_ask=-142.91 ask_bid=137.17
2026-02-27T16:20:44.882612Z  INFO lead_lag_classic signal #1199: SAHARAUSDT | spread=166.39bps | dir=SHORT_LAGGER | bid_ask=-179.89bps ask_bid=166.39bps | leader=binance_futures lagger=gate_futures direction=SHORT_LAGGER bid_ask=-179.89 ask_bid=166.39
2026-02-27T16:20:45.027504Z  INFO lead_lag_classic signal #1200: ESPUSDT | spread=30.14bps | dir=SHORT_LAGGER | bid_ask=-36.19bps ask_bid=30.14bps | leader=binance_futures lagger=gate_futures direction=SHORT_LAGGER bid_ask=-36.19 ask_bid=30.14
2026-02-27T16:20:45.130582Z  INFO lead_lag_classic signal #1201: POWERUSDT | spread=136.95bps | dir=SHORT_LAGGER | bid_ask=-142.78bps ask_bid=136.95bps | leader=binance_futures lagger=gate_futures direction=SHORT_LAGGER bid_ask=-142.78 ask_bid=136.95
2026-02-27T16:20:45.130667Z  INFO lead_lag_classic signal #1202: SAHARAUSDT | spread=162.23bps | dir=SHORT_LAGGER | bid_ask=-179.89bps ask_bid=162.23bps | leader=binance_futures lagger=gate_futures direction=SHORT_LAGGER bid_ask=-179.89 ask_bid=162.23
2026-02-27T16:20:45.463959Z  INFO lead_lag_classic signal #1203: ESPUSDT | spread=31.69bps | dir=SHORT_LAGGER | bid_ask=-37.73bps ask_bid=31.69bps | leader=binance_futures lagger=gate_futures direction=SHORT_LAGGER bid_ask=-37.73 ask_bid=31.69
2026-02-27T16:20:45.464080Z  INFO lead_lag_classic signal #1204: POWERUSDT | spread=135.77bps | dir=SHORT_LAGGER | bid_ask=-141.01bps ask_bid=135.77bps | leader=binance_futures lagger=gate_futures direction=SHORT_LAGGER bid_ask=-141.01 ask_bid=135.77
2026-02-27T16:20:45.464145Z  INFO lead_lag_classic signal #1205: SAHARAUSDT | spread=170.55bps | dir=SHORT_LAGGER | bid_ask=-179.89bps ask_bid=170.55bps | leader=binance_futures lagger=gate_futures direction=SHORT_LAGGER bid_ask=-179.89 ask_bid=170.55
2026-02-27T16:20:45.646625Z  INFO lead_lag_classic signal #1206: ESPUSDT | spread=31.69bps | dir=SHORT_LAGGER | bid_ask=-37.73bps ask_bid=31.69bps | leader=binance_futures lagger=gate_futures direction=SHORT_LAGGER bid_ask=-37.73 ask_bid=31.69
2026-02-27T16:20:45.646752Z  INFO lead_lag_classic signal #1207: SAHARAUSDT | spread=170.55bps | dir=SHORT_LAGGER | bid_ask=-179.89bps ask_bid=170.55bps | leader=binance_futures lagger=gate_futures direction=SHORT_LAGGER bid_ask=-179.89 ask_bid=170.55
2026-02-27T16:20:45.995855Z  INFO lead_lag_classic signal #1208: ESPUSDT | spread=31.69bps | dir=SHORT_LAGGER | bid_ask=-37.73bps ask_bid=31.69bps | leader=binance_futures lagger=gate_futures direction=SHORT_LAGGER bid_ask=-37.73 ask_bid=31.69
2026-02-27T16:20:45.996003Z  INFO lead_lag_classic signal #1209: SAHARAUSDT | spread=170.55bps | dir=SHORT_LAGGER | bid_ask=-179.81bps ask_bid=170.55bps | leader=binance_futures lagger=gate_futures direction=SHORT_LAGGER bid_ask=-179.81 ask_bid=170.55
2026-02-27T16:20:46.313064Z  INFO lead_lag_classic signal #1210: ATHUSDT | spread=40.16bps | dir=SHORT_LAGGER | bid_ask=-58.24bps ask_bid=40.16bps | leader=binance_futures lagger=gate_futures direction=SHORT_LAGGER bid_ask=-58.24 ask_bid=40.16
2026-02-27T16:20:46.313348Z  INFO lead_lag_classic signal #1211: POWERUSDT | spread=140.82bps | dir=SHORT_LAGGER | bid_ask=-144.58bps ask_bid=140.82bps | leader=binance_futures lagger=gate_futures direction=SHORT_LAGGER bid_ask=-144.58 ask_bid=140.82
2026-02-27T16:20:46.313453Z  INFO lead_lag_classic signal #1212: SAHARAUSDT | spread=170.55bps | dir=SHORT_LAGGER | bid_ask=-179.81bps ask_bid=170.55bps | leader=binance_futures lagger=gate_futures direction=SHORT_LAGGER bid_ask=-179.81 ask_bid=170.55
2026-02-27T16:20:46.314404Z  INFO Status: tickers=38960 (+1016/5s) signals=1212 drift=[n=1016 avg=166ms p50=145ms p95=389ms p99=543ms max=754ms]
2026-02-27T16:20:47.954308Z  INFO lead_lag_classic signal #1213: BULLAUSDT | spread=44.87bps | dir=LONG_LAGGER | bid_ask=44.87bps ask_bid=-114.80bps | leader=binance_futures lagger=gate_futures direction=LONG_LAGGER bid_ask=44.87 ask_bid=-114.80
2026-02-27T16:20:47.954407Z  INFO lead_lag_classic signal #1214: ENSOUSDT | spread=63.04bps | dir=SHORT_LAGGER | bid_ask=-76.46bps ask_bid=63.04bps | leader=binance_futures lagger=gate_futures direction=SHORT_LAGGER bid_ask=-76.46 ask_bid=63.04
2026-02-27T16:20:47.954507Z  INFO lead_lag_classic signal #1215: POWERUSDT | spread=141.64bps | dir=SHORT_LAGGER | bid_ask=-144.27bps ask_bid=141.64bps | leader=binance_futures lagger=gate_futures direction=SHORT_LAGGER bid_ask=-144.27 ask_bid=141.64
2026-02-27T16:20:47.954571Z  INFO lead_lag_classic signal #1216: SAHARAUSDT | spread=174.93bps | dir=SHORT_LAGGER | bid_ask=-188.06bps ask_bid=174.93bps | leader=binance_futures lagger=gate_futures direction=SHORT_LAGGER bid_ask=-188.06 ask_bid=174.93
2026-02-27T16:20:48.042978Z  INFO lead_lag_classic signal #1217: POWERUSDT | spread=141.64bps | dir=SHORT_LAGGER | bid_ask=-145.22bps ask_bid=141.64bps | leader=binance_futures lagger=gate_futures direction=SHORT_LAGGER bid_ask=-145.22 ask_bid=141.64
2026-02-27T16:20:48.043065Z  INFO lead_lag_classic signal #1218: SAHARAUSDT | spread=170.69bps | dir=SHORT_LAGGER | bid_ask=-183.97bps ask_bid=170.69bps | leader=binance_futures lagger=gate_futures direction=SHORT_LAGGER bid_ask=-183.97 ask_bid=170.69
2026-02-27T16:20:48.320750Z  INFO lead_lag_classic signal #1219: ATHUSDT | spread=36.80bps | dir=SHORT_LAGGER | bid_ask=-59.90bps ask_bid=36.80bps | leader=binance_futures lagger=gate_futures direction=SHORT_LAGGER bid_ask=-59.90 ask_bid=36.80
2026-02-27T16:20:48.320854Z  INFO lead_lag_classic signal #1220: ESPUSDT | spread=31.69bps | dir=SHORT_LAGGER | bid_ask=-37.73bps ask_bid=31.69bps | leader=binance_futures lagger=gate_futures direction=SHORT_LAGGER bid_ask=-37.73 ask_bid=31.69
2026-02-27T16:20:48.320944Z  INFO lead_lag_classic signal #1221: POWERUSDT | spread=141.64bps | dir=SHORT_LAGGER | bid_ask=-145.10bps ask_bid=141.64bps | leader=binance_futures lagger=gate_futures direction=SHORT_LAGGER bid_ask=-145.10 ask_bid=141.64
2026-02-27T16:20:48.321013Z  INFO lead_lag_classic signal #1222: SAHARAUSDT | spread=166.53bps | dir=SHORT_LAGGER | bid_ask=-179.96bps ask_bid=166.53bps | leader=binance_futures lagger=gate_futures direction=SHORT_LAGGER bid_ask=-179.96 ask_bid=166.53
2026-02-27T16:20:48.809279Z  INFO lead_lag_classic signal #1223: POWERUSDT | spread=141.05bps | dir=SHORT_LAGGER | bid_ask=-142.48bps ask_bid=141.05bps | leader=binance_futures lagger=gate_futures direction=SHORT_LAGGER bid_ask=-142.48 ask_bid=141.05
2026-02-27T16:20:48.809371Z  INFO lead_lag_classic signal #1224: SAHARAUSDT | spread=158.07bps | dir=SHORT_LAGGER | bid_ask=-171.78bps ask_bid=158.07bps | leader=binance_futures lagger=gate_futures direction=SHORT_LAGGER bid_ask=-171.78 ask_bid=158.07
2026-02-27T16:20:48.956979Z  INFO lead_lag_classic signal #1225: SAHARAUSDT | spread=158.07bps | dir=SHORT_LAGGER | bid_ask=-171.78bps ask_bid=158.07bps | leader=binance_futures lagger=gate_futures direction=SHORT_LAGGER bid_ask=-171.78 ask_bid=158.07
2026-02-27T16:20:49.309457Z  INFO lead_lag_classic signal #1226: BULLAUSDT | spread=57.69bps | dir=LONG_LAGGER | bid_ask=57.69bps ask_bid=-133.67bps | leader=binance_futures lagger=gate_futures direction=LONG_LAGGER bid_ask=57.69 ask_bid=-133.67
2026-02-27T16:20:49.309549Z  INFO lead_lag_classic signal #1227: ENSOUSDT | spread=60.22bps | dir=SHORT_LAGGER | bid_ask=-73.68bps ask_bid=60.22bps | leader=binance_futures lagger=gate_futures direction=SHORT_LAGGER bid_ask=-73.68 ask_bid=60.22
2026-02-27T16:20:49.606443Z  INFO lead_lag_classic signal #1228: BULLAUSDT | spread=64.10bps | dir=LONG_LAGGER | bid_ask=64.10bps ask_bid=-133.67bps | leader=binance_futures lagger=gate_futures direction=LONG_LAGGER bid_ask=64.10 ask_bid=-133.67
2026-02-27T16:20:49.606532Z  INFO lead_lag_classic signal #1229: ENSOUSDT | spread=62.33bps | dir=SHORT_LAGGER | bid_ask=-75.77bps ask_bid=62.33bps | leader=binance_futures lagger=gate_futures direction=SHORT_LAGGER bid_ask=-75.77 ask_bid=62.33
2026-02-27T16:20:49.606621Z  INFO lead_lag_classic signal #1230: POWERUSDT | spread=140.85bps | dir=SHORT_LAGGER | bid_ask=-142.23bps ask_bid=140.85bps | leader=binance_futures lagger=gate_futures direction=SHORT_LAGGER bid_ask=-142.23 ask_bid=140.85
2026-02-27T16:20:49.606675Z  INFO lead_lag_classic signal #1231: SAHARAUSDT | spread=166.46bps | dir=SHORT_LAGGER | bid_ask=-175.87bps ask_bid=166.46bps | leader=binance_futures lagger=gate_futures direction=SHORT_LAGGER bid_ask=-175.87 ask_bid=166.46
2026-02-27T16:20:51.209431Z  INFO lead_lag_classic signal #1232: POWERUSDT | spread=142.43bps | dir=SHORT_LAGGER | bid_ask=-142.77bps ask_bid=142.43bps | leader=binance_futures lagger=gate_futures direction=SHORT_LAGGER bid_ask=-142.77 ask_bid=142.43
2026-02-27T16:20:51.418461Z  INFO lead_lag_classic signal #1233: ATHUSDT | spread=30.09bps | dir=SHORT_LAGGER | bid_ask=-66.45bps ask_bid=30.09bps | leader=binance_futures lagger=gate_futures direction=SHORT_LAGGER bid_ask=-66.45 ask_bid=30.09
2026-02-27T16:20:51.418562Z  INFO lead_lag_classic signal #1234: ESPUSDT | spread=30.14bps | dir=SHORT_LAGGER | bid_ask=-39.27bps ask_bid=30.14bps | leader=binance_futures lagger=gate_futures direction=SHORT_LAGGER bid_ask=-39.27 ask_bid=30.14
2026-02-27T16:20:51.418631Z  INFO lead_lag_classic signal #1235: POWERUSDT | spread=140.59bps | dir=SHORT_LAGGER | bid_ask=-141.56bps ask_bid=140.59bps | leader=binance_futures lagger=gate_futures direction=SHORT_LAGGER bid_ask=-141.56 ask_bid=140.59
2026-02-27T16:20:51.418701Z  INFO lead_lag_classic signal #1236: SAHARAUSDT | spread=166.60bps | dir=SHORT_LAGGER | bid_ask=-180.03bps ask_bid=166.60bps | leader=binance_futures lagger=gate_futures direction=SHORT_LAGGER bid_ask=-180.03 ask_bid=166.60
2026-02-27T16:20:51.419184Z  INFO Status: tickers=39944 (+984/5s) signals=1236 drift=[n=984 avg=165ms p50=137ms p95=411ms p99=675ms max=1111ms]
2026-02-27T16:20:51.642434Z  INFO lead_lag_classic signal #1237: ATHUSDT | spread=31.77bps | dir=SHORT_LAGGER | bid_ask=-69.77bps ask_bid=31.77bps | leader=binance_futures lagger=gate_futures direction=SHORT_LAGGER bid_ask=-69.77 ask_bid=31.77
2026-02-27T16:20:51.642538Z  INFO lead_lag_classic signal #1238: ESPUSDT | spread=30.14bps | dir=SHORT_LAGGER | bid_ask=-39.27bps ask_bid=30.14bps | leader=binance_futures lagger=gate_futures direction=SHORT_LAGGER bid_ask=-39.27 ask_bid=30.14
2026-02-27T16:20:51.642622Z  INFO lead_lag_classic signal #1239: SAHARAUSDT | spread=166.60bps | dir=SHORT_LAGGER | bid_ask=-180.03bps ask_bid=166.60bps | leader=binance_futures lagger=gate_futures direction=SHORT_LAGGER bid_ask=-180.03 ask_bid=166.60
2026-02-27T16:20:52.580012Z  INFO lead_lag_classic signal #1240: BULLAUSDT | spread=64.10bps | dir=LONG_LAGGER | bid_ask=64.10bps ask_bid=-133.67bps | leader=binance_futures lagger=gate_futures direction=LONG_LAGGER bid_ask=64.10 ask_bid=-133.67
2026-02-27T16:20:52.580101Z  INFO lead_lag_classic signal #1241: ENSOUSDT | spread=63.02bps | dir=SHORT_LAGGER | bid_ask=-81.27bps ask_bid=63.02bps | leader=binance_futures lagger=gate_futures direction=SHORT_LAGGER bid_ask=-81.27 ask_bid=63.02
2026-02-27T16:20:53.386636Z  INFO lead_lag_classic signal #1242: ATHUSDT | spread=35.12bps | dir=SHORT_LAGGER | bid_ask=-53.24bps ask_bid=35.12bps | leader=binance_futures lagger=gate_futures direction=SHORT_LAGGER bid_ask=-53.24 ask_bid=35.12
2026-02-27T16:20:53.386795Z  INFO lead_lag_classic signal #1243: POWERUSDT | spread=137.49bps | dir=SHORT_LAGGER | bid_ask=-146.52bps ask_bid=137.49bps | leader=binance_futures lagger=gate_futures direction=SHORT_LAGGER bid_ask=-146.52 ask_bid=137.49
2026-02-27T16:20:53.386858Z  INFO lead_lag_classic signal #1244: SAHARAUSDT | spread=175.29bps | dir=SHORT_LAGGER | bid_ask=-184.43bps ask_bid=175.29bps | leader=binance_futures lagger=gate_futures direction=SHORT_LAGGER bid_ask=-184.43 ask_bid=175.29
2026-02-27T16:20:54.614770Z  INFO lead_lag_classic signal #1245: ATHUSDT | spread=51.85bps | dir=SHORT_LAGGER | bid_ask=-71.43bps ask_bid=51.85bps | leader=binance_futures lagger=gate_futures direction=SHORT_LAGGER bid_ask=-71.43 ask_bid=51.85
2026-02-27T16:20:54.614881Z  INFO lead_lag_classic signal #1246: ENSOUSDT | spread=59.50bps | dir=SHORT_LAGGER | bid_ask=-79.86bps ask_bid=59.50bps | leader=binance_futures lagger=gate_futures direction=SHORT_LAGGER bid_ask=-79.86 ask_bid=59.50
2026-02-27T16:20:54.614973Z  INFO lead_lag_classic signal #1247: POWERUSDT | spread=137.78bps | dir=SHORT_LAGGER | bid_ask=-143.62bps ask_bid=137.78bps | leader=binance_futures lagger=gate_futures direction=SHORT_LAGGER bid_ask=-143.62 ask_bid=137.78
2026-02-27T16:20:54.615028Z  INFO lead_lag_classic signal #1248: SAHARAUSDT | spread=166.88bps | dir=SHORT_LAGGER | bid_ask=-180.33bps ask_bid=166.88bps | leader=binance_futures lagger=gate_futures direction=SHORT_LAGGER bid_ask=-180.33 ask_bid=166.88
2026-02-27T16:20:54.785124Z  INFO lead_lag_classic signal #1249: ATHUSDT | spread=51.85bps | dir=SHORT_LAGGER | bid_ask=-71.43bps ask_bid=51.85bps | leader=binance_futures lagger=gate_futures direction=SHORT_LAGGER bid_ask=-71.43 ask_bid=51.85
2026-02-27T16:20:54.785292Z  INFO lead_lag_classic signal #1250: POWERUSDT | spread=139.62bps | dir=SHORT_LAGGER | bid_ask=-142.79bps ask_bid=139.62bps | leader=binance_futures lagger=gate_futures direction=SHORT_LAGGER bid_ask=-142.79 ask_bid=139.62
2026-02-27T16:20:54.785344Z  INFO lead_lag_classic signal #1251: SAHARAUSDT | spread=166.88bps | dir=SHORT_LAGGER | bid_ask=-180.33bps ask_bid=166.88bps | leader=binance_futures lagger=gate_futures direction=SHORT_LAGGER bid_ask=-180.33 ask_bid=166.88
2026-02-27T16:20:54.929426Z  INFO Gate NATR refresh: fetched=12 missing=0 batch=12 symbols=43
2026-02-27T16:20:55.132280Z  INFO lead_lag_classic signal #1252: ATHUSDT | spread=46.81bps | dir=SHORT_LAGGER | bid_ask=-66.45bps ask_bid=46.81bps | leader=binance_futures lagger=gate_futures direction=SHORT_LAGGER bid_ask=-66.45 ask_bid=46.81
2026-02-27T16:20:55.132392Z  INFO lead_lag_classic signal #1253: ENSOUSDT | spread=59.50bps | dir=SHORT_LAGGER | bid_ask=-79.86bps ask_bid=59.50bps | leader=binance_futures lagger=gate_futures direction=SHORT_LAGGER bid_ask=-79.86 ask_bid=59.50
2026-02-27T16:20:55.132473Z  INFO lead_lag_classic signal #1254: POWERUSDT | spread=138.70bps | dir=SHORT_LAGGER | bid_ask=-140.33bps ask_bid=138.70bps | leader=binance_futures lagger=gate_futures direction=SHORT_LAGGER bid_ask=-140.33 ask_bid=138.70
2026-02-27T16:20:55.132541Z  INFO lead_lag_classic signal #1255: SAHARAUSDT | spread=167.22bps | dir=SHORT_LAGGER | bid_ask=-180.70bps ask_bid=167.22bps | leader=binance_futures lagger=gate_futures direction=SHORT_LAGGER bid_ask=-180.70 ask_bid=167.22
2026-02-27T16:20:56.178771Z  INFO lead_lag_classic signal #1256: ENSOUSDT | spread=57.32bps | dir=SHORT_LAGGER | bid_ask=-75.63bps ask_bid=57.32bps | leader=binance_futures lagger=gate_futures direction=SHORT_LAGGER bid_ask=-75.63 ask_bid=57.32
2026-02-27T16:20:58.071459Z  INFO lead_lag_classic signal #1257: ENSOUSDT | spread=64.98bps | dir=SHORT_LAGGER | bid_ask=-79.72bps ask_bid=64.98bps | leader=binance_futures lagger=gate_futures direction=SHORT_LAGGER bid_ask=-79.72 ask_bid=64.98
2026-02-27T16:20:58.071541Z  INFO lead_lag_classic signal #1258: ESPUSDT | spread=32.46bps | dir=SHORT_LAGGER | bid_ask=-42.33bps ask_bid=32.46bps | leader=binance_futures lagger=gate_futures direction=SHORT_LAGGER bid_ask=-42.33 ask_bid=32.46
2026-02-27T16:20:58.071634Z  INFO lead_lag_classic signal #1259: POWERUSDT | spread=138.88bps | dir=SHORT_LAGGER | bid_ask=-142.97bps ask_bid=138.88bps | leader=binance_futures lagger=gate_futures direction=SHORT_LAGGER bid_ask=-142.97 ask_bid=138.88
2026-02-27T16:20:58.071687Z  INFO lead_lag_classic signal #1260: SAHARAUSDT | spread=162.84bps | dir=SHORT_LAGGER | bid_ask=-176.45bps ask_bid=162.84bps | leader=binance_futures lagger=gate_futures direction=SHORT_LAGGER bid_ask=-176.45 ask_bid=162.84
2026-02-27T16:20:58.072421Z  INFO Status: tickers=41282 (+1338/5s) signals=1260 drift=[n=1338 avg=151ms p50=121ms p95=374ms p99=718ms max=1358ms]
2026-02-27T16:20:58.194851Z  INFO lead_lag_classic signal #1261: ENSOUSDT | spread=67.09bps | dir=SHORT_LAGGER | bid_ask=-81.80bps ask_bid=67.09bps | leader=binance_futures lagger=gate_futures direction=SHORT_LAGGER bid_ask=-81.80 ask_bid=67.09
2026-02-27T16:20:58.194969Z  INFO lead_lag_classic signal #1262: POWERUSDT | spread=138.95bps | dir=SHORT_LAGGER | bid_ask=-142.46bps ask_bid=138.95bps | leader=binance_futures lagger=gate_futures direction=SHORT_LAGGER bid_ask=-142.46 ask_bid=138.95
2026-02-27T16:20:58.195019Z  INFO lead_lag_classic signal #1263: SAHARAUSDT | spread=162.84bps | dir=SHORT_LAGGER | bid_ask=-176.45bps ask_bid=162.84bps | leader=binance_futures lagger=gate_futures direction=SHORT_LAGGER bid_ask=-176.45 ask_bid=162.84
2026-02-27T16:20:58.325535Z  INFO lead_lag_classic signal #1264: SAHARAUSDT | spread=158.60bps | dir=SHORT_LAGGER | bid_ask=-172.34bps ask_bid=158.60bps | leader=binance_futures lagger=gate_futures direction=SHORT_LAGGER bid_ask=-172.34 ask_bid=158.60
2026-02-27T16:20:58.369032Z  INFO lead_lag_classic signal #1265: SAHARAUSDT | spread=158.60bps | dir=SHORT_LAGGER | bid_ask=-172.34bps ask_bid=158.60bps | leader=binance_futures lagger=gate_futures direction=SHORT_LAGGER bid_ask=-172.34 ask_bid=158.60
2026-02-27T16:20:58.582396Z  INFO lead_lag_classic signal #1266: ATHUSDT | spread=45.13bps | dir=SHORT_LAGGER | bid_ask=-64.78bps ask_bid=45.13bps | leader=binance_futures lagger=gate_futures direction=SHORT_LAGGER bid_ask=-64.78 ask_bid=45.13
2026-02-27T16:20:58.582485Z  INFO lead_lag_classic signal #1267: ENSOUSDT | spread=68.50bps | dir=SHORT_LAGGER | bid_ask=-83.18bps ask_bid=68.50bps | leader=binance_futures lagger=gate_futures direction=SHORT_LAGGER bid_ask=-83.18 ask_bid=68.50
2026-02-27T16:20:58.582576Z  INFO lead_lag_classic signal #1268: POWERUSDT | spread=138.95bps | dir=SHORT_LAGGER | bid_ask=-142.27bps ask_bid=138.95bps | leader=binance_futures lagger=gate_futures direction=SHORT_LAGGER bid_ask=-142.27 ask_bid=138.95
2026-02-27T16:20:58.582646Z  INFO lead_lag_classic signal #1269: SAHARAUSDT | spread=162.84bps | dir=SHORT_LAGGER | bid_ask=-176.45bps ask_bid=162.84bps | leader=binance_futures lagger=gate_futures direction=SHORT_LAGGER bid_ask=-176.45 ask_bid=162.84
2026-02-27T16:20:59.887576Z  INFO lead_lag_classic signal #1270: ENSOUSDT | spread=63.57bps | dir=SHORT_LAGGER | bid_ask=-80.39bps ask_bid=63.57bps | leader=binance_futures lagger=gate_futures direction=SHORT_LAGGER bid_ask=-80.39 ask_bid=63.57
2026-02-27T16:20:59.887655Z  INFO lead_lag_classic signal #1271: ESPUSDT | spread=33.24bps | dir=SHORT_LAGGER | bid_ask=-42.33bps ask_bid=33.24bps | leader=binance_futures lagger=gate_futures direction=SHORT_LAGGER bid_ask=-42.33 ask_bid=33.24
2026-02-27T16:20:59.887750Z  INFO lead_lag_classic signal #1272: POWERUSDT | spread=139.73bps | dir=SHORT_LAGGER | bid_ask=-142.90bps ask_bid=139.73bps | leader=binance_futures lagger=gate_futures direction=SHORT_LAGGER bid_ask=-142.90 ask_bid=139.73
2026-02-27T16:20:59.887816Z  INFO lead_lag_classic signal #1273: SAHARAUSDT | spread=162.77bps | dir=SHORT_LAGGER | bid_ask=-180.48bps ask_bid=162.77bps | leader=binance_futures lagger=gate_futures direction=SHORT_LAGGER bid_ask=-180.48 ask_bid=162.77
2026-02-27T16:21:00.377194Z  INFO lead_lag_classic signal #1274: ENSOUSDT | spread=62.87bps | dir=SHORT_LAGGER | bid_ask=-79.70bps ask_bid=62.87bps | leader=binance_futures lagger=gate_futures direction=SHORT_LAGGER bid_ask=-79.70 ask_bid=62.87
2026-02-27T16:21:00.377279Z  INFO lead_lag_classic signal #1275: ESPUSDT | spread=33.24bps | dir=SHORT_LAGGER | bid_ask=-42.33bps ask_bid=33.24bps | leader=binance_futures lagger=gate_futures direction=SHORT_LAGGER bid_ask=-42.33 ask_bid=33.24
2026-02-27T16:21:00.377367Z  INFO lead_lag_classic signal #1276: POWERUSDT | spread=138.95bps | dir=SHORT_LAGGER | bid_ask=-142.14bps ask_bid=138.95bps | leader=binance_futures lagger=gate_futures direction=SHORT_LAGGER bid_ask=-142.14 ask_bid=138.95
2026-02-27T16:21:00.377430Z  INFO lead_lag_classic signal #1277: SAHARAUSDT | spread=175.51bps | dir=SHORT_LAGGER | bid_ask=-188.68bps ask_bid=175.51bps | leader=binance_futures lagger=gate_futures direction=SHORT_LAGGER bid_ask=-188.68 ask_bid=175.51
2026-02-27T16:21:00.601989Z  INFO lead_lag_classic signal #1278: ESPUSDT | spread=33.24bps | dir=SHORT_LAGGER | bid_ask=-42.33bps ask_bid=33.24bps | leader=binance_futures lagger=gate_futures direction=SHORT_LAGGER bid_ask=-42.33 ask_bid=33.24
2026-02-27T16:21:00.602118Z  INFO lead_lag_classic signal #1279: SAHARAUSDT | spread=175.51bps | dir=SHORT_LAGGER | bid_ask=-188.68bps ask_bid=175.51bps | leader=binance_futures lagger=gate_futures direction=SHORT_LAGGER bid_ask=-188.68 ask_bid=175.51
2026-02-27T16:21:00.730491Z  INFO lead_lag_classic signal #1280: ESPUSDT | spread=31.69bps | dir=SHORT_LAGGER | bid_ask=-40.79bps ask_bid=31.69bps | leader=binance_futures lagger=gate_futures direction=SHORT_LAGGER bid_ask=-40.79 ask_bid=31.69
2026-02-27T16:21:00.730764Z  INFO lead_lag_classic signal #1281: SAHARAUSDT | spread=179.77bps | dir=SHORT_LAGGER | bid_ask=-192.78bps ask_bid=179.77bps | leader=binance_futures lagger=gate_futures direction=SHORT_LAGGER bid_ask=-192.78 ask_bid=179.77
2026-02-27T16:21:01.221973Z  INFO lead_lag_classic signal #1282: ATHUSDT | spread=43.45bps | dir=SHORT_LAGGER | bid_ask=-61.46bps ask_bid=43.45bps | leader=binance_futures lagger=gate_futures direction=SHORT_LAGGER bid_ask=-61.46 ask_bid=43.45
2026-02-27T16:21:01.222069Z  INFO lead_lag_classic signal #1283: BULLAUSDT | spread=57.69bps | dir=LONG_LAGGER | bid_ask=57.69bps ask_bid=-127.38bps | leader=binance_futures lagger=gate_futures direction=LONG_LAGGER bid_ask=57.69 ask_bid=-127.38
2026-02-27T16:21:01.222180Z  INFO lead_lag_classic signal #1284: POWERUSDT | spread=136.77bps | dir=SHORT_LAGGER | bid_ask=-143.57bps ask_bid=136.77bps | leader=binance_futures lagger=gate_futures direction=SHORT_LAGGER bid_ask=-143.57 ask_bid=136.77
2026-02-27T16:21:01.401785Z  INFO lead_lag_classic signal #1285: ATHUSDT | spread=46.81bps | dir=SHORT_LAGGER | bid_ask=-68.11bps ask_bid=46.81bps | leader=binance_futures lagger=gate_futures direction=SHORT_LAGGER bid_ask=-68.11 ask_bid=46.81
2026-02-27T16:21:01.401883Z  INFO lead_lag_classic signal #1286: ENSOUSDT | spread=75.42bps | dir=SHORT_LAGGER | bid_ask=-86.55bps ask_bid=75.42bps | leader=binance_futures lagger=gate_futures direction=SHORT_LAGGER bid_ask=-86.55 ask_bid=75.42
2026-02-27T16:21:01.401926Z  INFO lead_lag_classic signal #1287: ESPUSDT | spread=38.68bps | dir=SHORT_LAGGER | bid_ask=-48.50bps ask_bid=38.68bps | leader=binance_futures lagger=gate_futures direction=SHORT_LAGGER bid_ask=-48.50 ask_bid=38.68
2026-02-27T16:21:01.402022Z  INFO lead_lag_classic signal #1288: POWERUSDT | spread=135.99bps | dir=SHORT_LAGGER | bid_ask=-143.38bps ask_bid=135.99bps | leader=binance_futures lagger=gate_futures direction=SHORT_LAGGER bid_ask=-143.38 ask_bid=135.99
2026-02-27T16:21:01.402084Z  INFO lead_lag_classic signal #1289: SAHARAUSDT | spread=167.36bps | dir=SHORT_LAGGER | bid_ask=-176.81bps ask_bid=167.36bps | leader=binance_futures lagger=gate_futures direction=SHORT_LAGGER bid_ask=-176.81 ask_bid=167.36
2026-02-27T16:21:02.867544Z  INFO lead_lag_classic signal #1290: ATHUSDT | spread=50.17bps | dir=SHORT_LAGGER | bid_ask=-71.43bps ask_bid=50.17bps | leader=binance_futures lagger=gate_futures direction=SHORT_LAGGER bid_ask=-71.43 ask_bid=50.17
2026-02-27T16:21:02.867660Z  INFO lead_lag_classic signal #1291: BULLAUSDT | spread=51.28bps | dir=LONG_LAGGER | bid_ask=51.28bps ask_bid=-121.10bps | leader=binance_futures lagger=gate_futures direction=LONG_LAGGER bid_ask=51.28 ask_bid=-121.10
2026-02-27T16:21:02.867712Z  INFO lead_lag_classic signal #1292: ENSOUSDT | spread=76.83bps | dir=SHORT_LAGGER | bid_ask=-87.25bps ask_bid=76.83bps | leader=binance_futures lagger=gate_futures direction=SHORT_LAGGER bid_ask=-87.25 ask_bid=76.83
2026-02-27T16:21:02.867751Z  INFO lead_lag_classic signal #1293: ESPUSDT | spread=30.93bps | dir=SHORT_LAGGER | bid_ask=-41.59bps ask_bid=30.93bps | leader=binance_futures lagger=gate_futures direction=SHORT_LAGGER bid_ask=-41.59 ask_bid=30.93
2026-02-27T16:21:02.867856Z  INFO lead_lag_classic signal #1294: POWERUSDT | spread=138.53bps | dir=SHORT_LAGGER | bid_ask=-142.95bps ask_bid=138.53bps | leader=binance_futures lagger=gate_futures direction=SHORT_LAGGER bid_ask=-142.95 ask_bid=138.53
2026-02-27T16:21:02.867921Z  INFO lead_lag_classic signal #1295: SAHARAUSDT | spread=171.55bps | dir=SHORT_LAGGER | bid_ask=-180.85bps ask_bid=171.55bps | leader=binance_futures lagger=gate_futures direction=SHORT_LAGGER bid_ask=-180.85 ask_bid=171.55
2026-02-27T16:21:03.715630Z  INFO lead_lag_classic signal #1296: ENSOUSDT | spread=76.13bps | dir=SHORT_LAGGER | bid_ask=-86.55bps ask_bid=76.13bps | leader=binance_futures lagger=gate_futures direction=SHORT_LAGGER bid_ask=-86.55 ask_bid=76.13
2026-02-27T16:21:03.715720Z  INFO lead_lag_classic signal #1297: ESPUSDT | spread=30.93bps | dir=SHORT_LAGGER | bid_ask=-40.82bps ask_bid=30.93bps | leader=binance_futures lagger=gate_futures direction=SHORT_LAGGER bid_ask=-40.82 ask_bid=30.93
2026-02-27T16:21:03.715839Z  INFO lead_lag_classic signal #1298: SAHARAUSDT | spread=163.18bps | dir=SHORT_LAGGER | bid_ask=-172.77bps ask_bid=163.18bps | leader=binance_futures lagger=gate_futures direction=SHORT_LAGGER bid_ask=-172.77 ask_bid=163.18
2026-02-27T16:21:03.716449Z  INFO Status: tickers=42476 (+1194/5s) signals=1298 drift=[n=1194 avg=142ms p50=111ms p95=339ms p99=754ms max=1487ms]
2026-02-27T16:21:05.279451Z  INFO lead_lag_classic signal #1299: ATHUSDT | spread=31.77bps | dir=SHORT_LAGGER | bid_ask=-66.45bps ask_bid=31.77bps | leader=binance_futures lagger=gate_futures direction=SHORT_LAGGER bid_ask=-66.45 ask_bid=31.77
2026-02-27T16:21:05.279567Z  INFO lead_lag_classic signal #1300: ENSOUSDT | spread=76.83bps | dir=SHORT_LAGGER | bid_ask=-87.25bps ask_bid=76.83bps | leader=binance_futures lagger=gate_futures direction=SHORT_LAGGER bid_ask=-87.25 ask_bid=76.83
2026-02-27T16:21:05.279681Z  INFO lead_lag_classic signal #1301: POWERUSDT | spread=139.33bps | dir=SHORT_LAGGER | bid_ask=-145.16bps ask_bid=139.33bps | leader=binance_futures lagger=gate_futures direction=SHORT_LAGGER bid_ask=-145.16 ask_bid=139.33
2026-02-27T16:21:05.398299Z  INFO lead_lag_classic signal #1302: ATHUSDT | spread=31.77bps | dir=SHORT_LAGGER | bid_ask=-66.45bps ask_bid=31.77bps | leader=binance_futures lagger=gate_futures direction=SHORT_LAGGER bid_ask=-66.45 ask_bid=31.77
2026-02-27T16:21:05.398454Z  INFO lead_lag_classic signal #1303: POWERUSDT | spread=137.49bps | dir=SHORT_LAGGER | bid_ask=-144.97bps ask_bid=137.49bps | leader=binance_futures lagger=gate_futures direction=SHORT_LAGGER bid_ask=-144.97 ask_bid=137.49
2026-02-27T16:21:05.733068Z  INFO lead_lag_classic signal #1304: ATHUSDT | spread=31.77bps | dir=SHORT_LAGGER | bid_ask=-66.45bps ask_bid=31.77bps | leader=binance_futures lagger=gate_futures direction=SHORT_LAGGER bid_ask=-66.45 ask_bid=31.77
2026-02-27T16:21:06.679887Z  INFO lead_lag_classic signal #1305: ESPUSDT | spread=31.71bps | dir=SHORT_LAGGER | bid_ask=-40.83bps ask_bid=31.71bps | leader=binance_futures lagger=gate_futures direction=SHORT_LAGGER bid_ask=-40.83 ask_bid=31.71
2026-02-27T16:21:06.680015Z  INFO lead_lag_classic signal #1306: POWERUSDT | spread=138.73bps | dir=SHORT_LAGGER | bid_ask=-141.93bps ask_bid=138.73bps | leader=binance_futures lagger=gate_futures direction=SHORT_LAGGER bid_ask=-141.93 ask_bid=138.73
2026-02-27T16:21:06.680081Z  INFO lead_lag_classic signal #1307: SAHARAUSDT | spread=154.68bps | dir=SHORT_LAGGER | bid_ask=-172.70bps ask_bid=154.68bps | leader=binance_futures lagger=gate_futures direction=SHORT_LAGGER bid_ask=-172.70 ask_bid=154.68
2026-02-27T16:21:06.863681Z  INFO lead_lag_classic signal #1308: ATHUSDT | spread=43.45bps | dir=SHORT_LAGGER | bid_ask=-63.12bps ask_bid=43.45bps | leader=binance_futures lagger=gate_futures direction=SHORT_LAGGER bid_ask=-63.12 ask_bid=43.45
2026-02-27T16:21:06.863838Z  INFO lead_lag_classic signal #1309: SAHARAUSDT | spread=163.04bps | dir=SHORT_LAGGER | bid_ask=-176.74bps ask_bid=163.04bps | leader=binance_futures lagger=gate_futures direction=SHORT_LAGGER bid_ask=-176.74 ask_bid=163.04
2026-02-27T16:21:08.575250Z  INFO lead_lag_classic signal #1310: ATHUSDT | spread=41.77bps | dir=SHORT_LAGGER | bid_ask=-66.45bps ask_bid=41.77bps | leader=binance_futures lagger=gate_futures direction=SHORT_LAGGER bid_ask=-66.45 ask_bid=41.77
2026-02-27T16:21:08.575366Z  INFO lead_lag_classic signal #1311: ENSOUSDT | spread=73.35bps | dir=SHORT_LAGGER | bid_ask=-85.20bps ask_bid=73.35bps | leader=binance_futures lagger=gate_futures direction=SHORT_LAGGER bid_ask=-85.20 ask_bid=73.35
2026-02-27T16:21:08.575406Z  INFO lead_lag_classic signal #1312: ESPUSDT | spread=30.94bps | dir=SHORT_LAGGER | bid_ask=-39.30bps ask_bid=30.94bps | leader=binance_futures lagger=gate_futures direction=SHORT_LAGGER bid_ask=-39.30 ask_bid=30.94
2026-02-27T16:21:08.575491Z  INFO lead_lag_classic signal #1313: POWERUSDT | spread=134.70bps | dir=SHORT_LAGGER | bid_ask=-139.79bps ask_bid=134.70bps | leader=binance_futures lagger=gate_futures direction=SHORT_LAGGER bid_ask=-139.79 ask_bid=134.70
2026-02-27T16:21:08.575560Z  INFO lead_lag_classic signal #1314: SAHARAUSDT | spread=171.40bps | dir=SHORT_LAGGER | bid_ask=-184.73bps ask_bid=171.40bps | leader=binance_futures lagger=gate_futures direction=SHORT_LAGGER bid_ask=-184.73 ask_bid=171.40
2026-02-27T16:21:09.258311Z  INFO lead_lag_classic signal #1315: ATHUSDT | spread=45.13bps | dir=SHORT_LAGGER | bid_ask=-64.78bps ask_bid=45.13bps | leader=binance_futures lagger=gate_futures direction=SHORT_LAGGER bid_ask=-64.78 ask_bid=45.13
2026-02-27T16:21:09.258411Z  INFO lead_lag_classic signal #1316: ENSOUSDT | spread=75.47bps | dir=SHORT_LAGGER | bid_ask=-87.28bps ask_bid=75.47bps | leader=binance_futures lagger=gate_futures direction=SHORT_LAGGER bid_ask=-87.28 ask_bid=75.47
2026-02-27T16:21:09.258452Z  INFO lead_lag_classic signal #1317: ESPUSDT | spread=31.72bps | dir=SHORT_LAGGER | bid_ask=-40.07bps ask_bid=31.72bps | leader=binance_futures lagger=gate_futures direction=SHORT_LAGGER bid_ask=-40.07 ask_bid=31.72
2026-02-27T16:21:09.258556Z  INFO lead_lag_classic signal #1318: POWERUSDT | spread=131.02bps | dir=SHORT_LAGGER | bid_ask=-138.04bps ask_bid=131.02bps | leader=binance_futures lagger=gate_futures direction=SHORT_LAGGER bid_ask=-138.04 ask_bid=131.02
2026-02-27T16:21:09.258622Z  INFO lead_lag_classic signal #1319: SAHARAUSDT | spread=171.40bps | dir=SHORT_LAGGER | bid_ask=-180.70bps ask_bid=171.40bps | leader=binance_futures lagger=gate_futures direction=SHORT_LAGGER bid_ask=-180.70 ask_bid=171.40
2026-02-27T16:21:09.259142Z  INFO Status: tickers=43521 (+1045/5s) signals=1319 drift=[n=1045 avg=168ms p50=134ms p95=426ms p99=767ms max=1150ms]
2026-02-27T16:21:10.686572Z  INFO lead_lag_classic signal #1320: ENSOUSDT | spread=79.75bps | dir=SHORT_LAGGER | bid_ask=-90.82bps ask_bid=79.75bps | leader=binance_futures lagger=gate_futures direction=SHORT_LAGGER bid_ask=-90.82 ask_bid=79.75
2026-02-27T16:21:10.686708Z  INFO lead_lag_classic signal #1321: POWERUSDT | spread=135.73bps | dir=SHORT_LAGGER | bid_ask=-139.90bps ask_bid=135.73bps | leader=binance_futures lagger=gate_futures direction=SHORT_LAGGER bid_ask=-139.90 ask_bid=135.73
2026-02-27T16:21:10.686760Z  INFO lead_lag_classic signal #1322: SAHARAUSDT | spread=171.55bps | dir=SHORT_LAGGER | bid_ask=-184.88bps ask_bid=171.55bps | leader=binance_futures lagger=gate_futures direction=SHORT_LAGGER bid_ask=-184.88 ask_bid=171.55
2026-02-27T16:21:10.752598Z  INFO lead_lag_classic signal #1323: ENSOUSDT | spread=79.75bps | dir=SHORT_LAGGER | bid_ask=-90.82bps ask_bid=79.75bps | leader=binance_futures lagger=gate_futures direction=SHORT_LAGGER bid_ask=-90.82 ask_bid=79.75
2026-02-27T16:21:10.752690Z  INFO lead_lag_classic signal #1324: POWERUSDT | spread=135.73bps | dir=SHORT_LAGGER | bid_ask=-139.90bps ask_bid=135.73bps | leader=binance_futures lagger=gate_futures direction=SHORT_LAGGER bid_ask=-139.90 ask_bid=135.73
2026-02-27T16:21:10.752737Z  INFO lead_lag_classic signal #1325: SAHARAUSDT | spread=171.55bps | dir=SHORT_LAGGER | bid_ask=-184.88bps ask_bid=171.55bps | leader=binance_futures lagger=gate_futures direction=SHORT_LAGGER bid_ask=-184.88 ask_bid=171.55
2026-02-27T16:21:10.838621Z  INFO lead_lag_classic signal #1326: ENSOUSDT | spread=77.64bps | dir=SHORT_LAGGER | bid_ask=-88.74bps ask_bid=77.64bps | leader=binance_futures lagger=gate_futures direction=SHORT_LAGGER bid_ask=-88.74 ask_bid=77.64
2026-02-27T16:21:10.838748Z  INFO lead_lag_classic signal #1327: POWERUSDT | spread=135.73bps | dir=SHORT_LAGGER | bid_ask=-139.97bps ask_bid=135.73bps | leader=binance_futures lagger=gate_futures direction=SHORT_LAGGER bid_ask=-139.97 ask_bid=135.73
2026-02-27T16:21:10.838809Z  INFO lead_lag_classic signal #1328: SAHARAUSDT | spread=171.55bps | dir=SHORT_LAGGER | bid_ask=-184.88bps ask_bid=171.55bps | leader=binance_futures lagger=gate_futures direction=SHORT_LAGGER bid_ask=-184.88 ask_bid=171.55
2026-02-27T16:21:11.578497Z  INFO lead_lag_classic signal #1329: ATHUSDT | spread=33.44bps | dir=SHORT_LAGGER | bid_ask=-53.24bps ask_bid=33.44bps | leader=binance_futures lagger=gate_futures direction=SHORT_LAGGER bid_ask=-53.24 ask_bid=33.44
2026-02-27T16:21:11.578614Z  INFO lead_lag_classic signal #1330: ENSOUSDT | spread=71.32bps | dir=SHORT_LAGGER | bid_ask=-83.22bps ask_bid=71.32bps | leader=binance_futures lagger=gate_futures direction=SHORT_LAGGER bid_ask=-83.22 ask_bid=71.32
2026-02-27T16:21:11.578705Z  INFO lead_lag_classic signal #1331: POWERUSDT | spread=135.26bps | dir=SHORT_LAGGER | bid_ask=-137.92bps ask_bid=135.26bps | leader=binance_futures lagger=gate_futures direction=SHORT_LAGGER bid_ask=-137.92 ask_bid=135.26
2026-02-27T16:21:11.578765Z  INFO lead_lag_classic signal #1332: SAHARAUSDT | spread=159.00bps | dir=SHORT_LAGGER | bid_ask=-172.77bps ask_bid=159.00bps | leader=binance_futures lagger=gate_futures direction=SHORT_LAGGER bid_ask=-172.77 ask_bid=159.00
2026-02-27T16:21:11.853640Z  INFO lead_lag_classic signal #1333: ESPUSDT | spread=30.16bps | dir=SHORT_LAGGER | bid_ask=-40.05bps ask_bid=30.16bps | leader=binance_futures lagger=gate_futures direction=SHORT_LAGGER bid_ask=-40.05 ask_bid=30.16
2026-02-27T16:21:11.853768Z  INFO lead_lag_classic signal #1334: POWERUSDT | spread=129.47bps | dir=SHORT_LAGGER | bid_ask=-135.44bps ask_bid=129.47bps | leader=binance_futures lagger=gate_futures direction=SHORT_LAGGER bid_ask=-135.44 ask_bid=129.47
2026-02-27T16:21:11.853825Z  INFO lead_lag_classic signal #1335: SAHARAUSDT | spread=167.36bps | dir=SHORT_LAGGER | bid_ask=-180.85bps ask_bid=167.36bps | leader=binance_futures lagger=gate_futures direction=SHORT_LAGGER bid_ask=-180.85 ask_bid=167.36
2026-02-27T16:21:12.870534Z  INFO lead_lag_classic signal #1336: ATHUSDT | spread=36.80bps | dir=SHORT_LAGGER | bid_ask=-54.91bps ask_bid=36.80bps | leader=binance_futures lagger=gate_futures direction=SHORT_LAGGER bid_ask=-54.91 ask_bid=36.80
2026-02-27T16:21:12.870625Z  INFO lead_lag_classic signal #1337: BULLAUSDT | spread=70.51bps | dir=LONG_LAGGER | bid_ask=70.51bps ask_bid=-139.95bps | leader=binance_futures lagger=gate_futures direction=LONG_LAGGER bid_ask=70.51 ask_bid=-139.95
2026-02-27T16:21:12.870677Z  INFO lead_lag_classic signal #1338: ENSOUSDT | spread=69.21bps | dir=SHORT_LAGGER | bid_ask=-80.45bps ask_bid=69.21bps | leader=binance_futures lagger=gate_futures direction=SHORT_LAGGER bid_ask=-80.45 ask_bid=69.21
2026-02-27T16:21:12.870814Z  INFO lead_lag_classic signal #1339: SAHARAUSDT | spread=167.29bps | dir=SHORT_LAGGER | bid_ask=-176.74bps ask_bid=167.29bps | leader=binance_futures lagger=gate_futures direction=SHORT_LAGGER bid_ask=-176.74 ask_bid=167.29
2026-02-27T16:21:13.095700Z  INFO lead_lag_classic signal #1340: BULLAUSDT | spread=70.51bps | dir=LONG_LAGGER | bid_ask=70.51bps ask_bid=-139.95bps | leader=binance_futures lagger=gate_futures direction=LONG_LAGGER bid_ask=70.51 ask_bid=-139.95
2026-02-27T16:21:13.095825Z  INFO lead_lag_classic signal #1341: POWERUSDT | spread=134.76bps | dir=SHORT_LAGGER | bid_ask=-139.95bps ask_bid=134.76bps | leader=binance_futures lagger=gate_futures direction=SHORT_LAGGER bid_ask=-139.95 ask_bid=134.76
2026-02-27T16:21:13.095881Z  INFO lead_lag_classic signal #1342: SAHARAUSDT | spread=167.29bps | dir=SHORT_LAGGER | bid_ask=-176.74bps ask_bid=167.29bps | leader=binance_futures lagger=gate_futures direction=SHORT_LAGGER bid_ask=-176.74 ask_bid=167.29
2026-02-27T16:21:13.246073Z  INFO lead_lag_classic signal #1343: BULLAUSDT | spread=64.10bps | dir=LONG_LAGGER | bid_ask=64.10bps ask_bid=-139.95bps | leader=binance_futures lagger=gate_futures direction=LONG_LAGGER bid_ask=64.10 ask_bid=-139.95
2026-02-27T16:21:13.246163Z  INFO lead_lag_classic signal #1344: ESPUSDT | spread=30.16bps | dir=SHORT_LAGGER | bid_ask=-40.05bps ask_bid=30.16bps | leader=binance_futures lagger=gate_futures direction=SHORT_LAGGER bid_ask=-40.05 ask_bid=30.16
2026-02-27T16:21:13.246252Z  INFO lead_lag_classic signal #1345: POWERUSDT | spread=134.76bps | dir=SHORT_LAGGER | bid_ask=-139.95bps ask_bid=134.76bps | leader=binance_futures lagger=gate_futures direction=SHORT_LAGGER bid_ask=-139.95 ask_bid=134.76
2026-02-27T16:21:13.246305Z  INFO lead_lag_classic signal #1346: SAHARAUSDT | spread=163.04bps | dir=SHORT_LAGGER | bid_ask=-172.63bps ask_bid=163.04bps | leader=binance_futures lagger=gate_futures direction=SHORT_LAGGER bid_ask=-172.63 ask_bid=163.04
2026-02-27T16:21:13.825855Z  INFO lead_lag_classic signal #1347: ATHUSDT | spread=33.44bps | dir=SHORT_LAGGER | bid_ask=-53.24bps ask_bid=33.44bps | leader=binance_futures lagger=gate_futures direction=SHORT_LAGGER bid_ask=-53.24 ask_bid=33.44
2026-02-27T16:21:13.825948Z  INFO lead_lag_classic signal #1348: BULLAUSDT | spread=70.51bps | dir=LONG_LAGGER | bid_ask=70.51bps ask_bid=-139.95bps | leader=binance_futures lagger=gate_futures direction=LONG_LAGGER bid_ask=70.51 ask_bid=-139.95
2026-02-27T16:21:13.826001Z  INFO lead_lag_classic signal #1349: ESPUSDT | spread=30.16bps | dir=SHORT_LAGGER | bid_ask=-40.05bps ask_bid=30.16bps | leader=binance_futures lagger=gate_futures direction=SHORT_LAGGER bid_ask=-40.05 ask_bid=30.16
2026-02-27T16:21:13.826093Z  INFO lead_lag_classic signal #1350: POWERUSDT | spread=130.48bps | dir=SHORT_LAGGER | bid_ask=-135.15bps ask_bid=130.48bps | leader=binance_futures lagger=gate_futures direction=SHORT_LAGGER bid_ask=-135.15 ask_bid=130.48
2026-02-27T16:21:13.826174Z  INFO lead_lag_classic signal #1351: SAHARAUSDT | spread=188.60bps | dir=SHORT_LAGGER | bid_ask=-201.31bps ask_bid=188.60bps | leader=binance_futures lagger=gate_futures direction=SHORT_LAGGER bid_ask=-201.31 ask_bid=188.60
2026-02-27T16:21:14.557699Z  INFO lead_lag_classic signal #1352: ESPUSDT | spread=30.16bps | dir=SHORT_LAGGER | bid_ask=-40.05bps ask_bid=30.16bps | leader=binance_futures lagger=gate_futures direction=SHORT_LAGGER bid_ask=-40.05 ask_bid=30.16
2026-02-27T16:21:14.558342Z  INFO Status: tickers=44597 (+1076/5s) signals=1352 drift=[n=1076 avg=138ms p50=115ms p95=344ms p99=634ms max=879ms]
2026-02-27T16:21:15.254744Z  INFO lead_lag_classic signal #1353: ESPUSDT | spread=30.16bps | dir=SHORT_LAGGER | bid_ask=-40.05bps ask_bid=30.16bps | leader=binance_futures lagger=gate_futures direction=SHORT_LAGGER bid_ask=-40.05 ask_bid=30.16
2026-02-27T16:21:15.254869Z  INFO lead_lag_classic signal #1354: POWERUSDT | spread=141.95bps | dir=SHORT_LAGGER | bid_ask=-145.12bps ask_bid=141.95bps | leader=binance_futures lagger=gate_futures direction=SHORT_LAGGER bid_ask=-145.12 ask_bid=141.95
2026-02-27T16:21:15.254925Z  INFO lead_lag_classic signal #1355: SAHARAUSDT | spread=180.44bps | dir=SHORT_LAGGER | bid_ask=-189.46bps ask_bid=180.44bps | leader=binance_futures lagger=gate_futures direction=SHORT_LAGGER bid_ask=-189.46 ask_bid=180.44
2026-02-27T16:21:16.697695Z  INFO lead_lag_classic signal #1356: ATHUSDT | spread=46.81bps | dir=SHORT_LAGGER | bid_ask=-64.78bps ask_bid=46.81bps | leader=binance_futures lagger=gate_futures direction=SHORT_LAGGER bid_ask=-64.78 ask_bid=46.81
2026-02-27T16:21:16.697857Z  INFO lead_lag_classic signal #1357: POWERUSDT | spread=135.24bps | dir=SHORT_LAGGER | bid_ask=-142.91bps ask_bid=135.24bps | leader=binance_futures lagger=gate_futures direction=SHORT_LAGGER bid_ask=-142.91 ask_bid=135.24
2026-02-27T16:21:16.697918Z  INFO lead_lag_classic signal #1358: SAHARAUSDT | spread=163.52bps | dir=SHORT_LAGGER | bid_ask=-177.17bps ask_bid=163.52bps | leader=binance_futures lagger=gate_futures direction=SHORT_LAGGER bid_ask=-177.17 ask_bid=163.52
2026-02-27T16:21:17.379582Z  INFO lead_lag_classic signal #1359: ENSOUSDT | spread=67.80bps | dir=SHORT_LAGGER | bid_ask=-78.37bps ask_bid=67.80bps | leader=binance_futures lagger=gate_futures direction=SHORT_LAGGER bid_ask=-78.37 ask_bid=67.80
2026-02-27T16:21:17.379708Z  INFO lead_lag_classic signal #1360: POWERUSDT | spread=135.46bps | dir=SHORT_LAGGER | bid_ask=-139.36bps ask_bid=135.46bps | leader=binance_futures lagger=gate_futures direction=SHORT_LAGGER bid_ask=-139.36 ask_bid=135.46
2026-02-27T16:21:17.379764Z  INFO lead_lag_classic signal #1361: SAHARAUSDT | spread=163.66bps | dir=SHORT_LAGGER | bid_ask=-173.27bps ask_bid=163.66bps | leader=binance_futures lagger=gate_futures direction=SHORT_LAGGER bid_ask=-173.27 ask_bid=163.66
2026-02-27T16:21:18.033661Z  INFO lead_lag_classic signal #1362: ENSOUSDT | spread=67.80bps | dir=SHORT_LAGGER | bid_ask=-78.37bps ask_bid=67.80bps | leader=binance_futures lagger=gate_futures direction=SHORT_LAGGER bid_ask=-78.37 ask_bid=67.80
2026-02-27T16:21:18.033792Z  INFO lead_lag_classic signal #1363: POWERUSDT | spread=132.78bps | dir=SHORT_LAGGER | bid_ask=-140.29bps ask_bid=132.78bps | leader=binance_futures lagger=gate_futures direction=SHORT_LAGGER bid_ask=-140.29 ask_bid=132.78
2026-02-27T16:21:18.033849Z  INFO lead_lag_classic signal #1364: SAHARAUSDT | spread=163.52bps | dir=SHORT_LAGGER | bid_ask=-173.12bps ask_bid=163.52bps | leader=binance_futures lagger=gate_futures direction=SHORT_LAGGER bid_ask=-173.12 ask_bid=163.52
2026-02-27T16:21:18.121020Z  INFO lead_lag_classic signal #1365: POWERUSDT | spread=131.86bps | dir=SHORT_LAGGER | bid_ask=-138.63bps ask_bid=131.86bps | leader=binance_futures lagger=gate_futures direction=SHORT_LAGGER bid_ask=-138.63 ask_bid=131.86
2026-02-27T16:21:18.121114Z  INFO lead_lag_classic signal #1366: SAHARAUSDT | spread=167.79bps | dir=SHORT_LAGGER | bid_ask=-177.25bps ask_bid=167.79bps | leader=binance_futures lagger=gate_futures direction=SHORT_LAGGER bid_ask=-177.25 ask_bid=167.79
2026-02-27T16:21:18.444135Z  INFO lead_lag_classic signal #1367: ESPUSDT | spread=30.93bps | dir=SHORT_LAGGER | bid_ask=-40.05bps ask_bid=30.93bps | leader=binance_futures lagger=gate_futures direction=SHORT_LAGGER bid_ask=-40.05 ask_bid=30.93
2026-02-27T16:21:18.444283Z  INFO lead_lag_classic signal #1368: POWERUSDT | spread=124.23bps | dir=SHORT_LAGGER | bid_ask=-130.87bps ask_bid=124.23bps | leader=binance_futures lagger=gate_futures direction=SHORT_LAGGER bid_ask=-130.87 ask_bid=124.23
2026-02-27T16:21:18.444336Z  INFO lead_lag_classic signal #1369: SAHARAUSDT | spread=163.52bps | dir=SHORT_LAGGER | bid_ask=-173.12bps ask_bid=163.52bps | leader=binance_futures lagger=gate_futures direction=SHORT_LAGGER bid_ask=-173.12 ask_bid=163.52
2026-02-27T16:21:19.391456Z  INFO lead_lag_classic signal #1370: BULLAUSDT | spread=64.10bps | dir=LONG_LAGGER | bid_ask=64.10bps ask_bid=-133.67bps | leader=binance_futures lagger=gate_futures direction=LONG_LAGGER bid_ask=64.10 ask_bid=-133.67
2026-02-27T16:21:19.391544Z  INFO lead_lag_classic signal #1371: ENSOUSDT | spread=69.20bps | dir=SHORT_LAGGER | bid_ask=-82.50bps ask_bid=69.20bps | leader=binance_futures lagger=gate_futures direction=SHORT_LAGGER bid_ask=-82.50 ask_bid=69.20
2026-02-27T16:21:19.391583Z  INFO lead_lag_classic signal #1372: ESPUSDT | spread=32.48bps | dir=SHORT_LAGGER | bid_ask=-40.06bps ask_bid=32.48bps | leader=binance_futures lagger=gate_futures direction=SHORT_LAGGER bid_ask=-40.06 ask_bid=32.48
2026-02-27T16:21:19.391672Z  INFO lead_lag_classic signal #1373: POWERUSDT | spread=137.16bps | dir=SHORT_LAGGER | bid_ask=-141.27bps ask_bid=137.16bps | leader=binance_futures lagger=gate_futures direction=SHORT_LAGGER bid_ask=-141.27 ask_bid=137.16
2026-02-27T16:21:19.391759Z  INFO lead_lag_classic signal #1374: SAHARAUSDT | spread=163.52bps | dir=SHORT_LAGGER | bid_ask=-177.17bps ask_bid=163.52bps | leader=binance_futures lagger=gate_futures direction=SHORT_LAGGER bid_ask=-177.17 ask_bid=163.52
2026-02-27T16:21:19.705697Z  INFO lead_lag_classic signal #1375: ENSOUSDT | spread=69.20bps | dir=SHORT_LAGGER | bid_ask=-82.50bps ask_bid=69.20bps | leader=binance_futures lagger=gate_futures direction=SHORT_LAGGER bid_ask=-82.50 ask_bid=69.20
2026-02-27T16:21:19.705836Z  INFO lead_lag_classic signal #1376: ESPUSDT | spread=30.16bps | dir=SHORT_LAGGER | bid_ask=-36.98bps ask_bid=30.16bps | leader=binance_futures lagger=gate_futures direction=SHORT_LAGGER bid_ask=-36.98 ask_bid=30.16
2026-02-27T16:21:19.706000Z  INFO lead_lag_classic signal #1377: POWERUSDT | spread=129.83bps | dir=SHORT_LAGGER | bid_ask=-136.35bps ask_bid=129.83bps | leader=binance_futures lagger=gate_futures direction=SHORT_LAGGER bid_ask=-136.35 ask_bid=129.83
2026-02-27T16:21:19.706105Z  INFO lead_lag_classic signal #1378: SAHARAUSDT | spread=163.52bps | dir=SHORT_LAGGER | bid_ask=-177.17bps ask_bid=163.52bps | leader=binance_futures lagger=gate_futures direction=SHORT_LAGGER bid_ask=-177.17 ask_bid=163.52
2026-02-27T16:21:19.706880Z  INFO Status: tickers=45563 (+966/5s) signals=1378 drift=[n=966 avg=149ms p50=121ms p95=380ms p99=607ms max=811ms]
2026-02-27T16:21:20.266576Z  INFO lead_lag_classic signal #1379: ENSOUSDT | spread=69.20bps | dir=SHORT_LAGGER | bid_ask=-82.50bps ask_bid=69.20bps | leader=binance_futures lagger=gate_futures direction=SHORT_LAGGER bid_ask=-82.50 ask_bid=69.20
2026-02-27T16:21:20.266702Z  INFO lead_lag_classic signal #1380: POWERUSDT | spread=47.88bps | dir=LONG_LAGGER | bid_ask=47.88bps ask_bid=-57.41bps | leader=binance_futures lagger=gate_futures direction=LONG_LAGGER bid_ask=47.88 ask_bid=-57.41
2026-02-27T16:21:20.266758Z  INFO lead_lag_classic signal #1381: SAHARAUSDT | spread=163.52bps | dir=SHORT_LAGGER | bid_ask=-177.17bps ask_bid=163.52bps | leader=binance_futures lagger=gate_futures direction=SHORT_LAGGER bid_ask=-177.17 ask_bid=163.52
2026-02-27T16:21:20.423636Z  INFO lead_lag_classic signal #1382: ATHUSDT | spread=46.81bps | dir=SHORT_LAGGER | bid_ask=-69.77bps ask_bid=46.81bps | leader=binance_futures lagger=gate_futures direction=SHORT_LAGGER bid_ask=-69.77 ask_bid=46.81
2026-02-27T16:21:20.423733Z  INFO lead_lag_classic signal #1383: ESPUSDT | spread=30.93bps | dir=SHORT_LAGGER | bid_ask=-38.51bps ask_bid=30.93bps | leader=binance_futures lagger=gate_futures direction=SHORT_LAGGER bid_ask=-38.51 ask_bid=30.93
2026-02-27T16:21:20.423833Z  INFO lead_lag_classic signal #1384: SAHARAUSDT | spread=163.52bps | dir=SHORT_LAGGER | bid_ask=-177.17bps ask_bid=163.52bps | leader=binance_futures lagger=gate_futures direction=SHORT_LAGGER bid_ask=-177.17 ask_bid=163.52
2026-02-27T16:21:20.968478Z  INFO lead_lag_classic signal #1385: ATHUSDT | spread=46.81bps | dir=SHORT_LAGGER | bid_ask=-68.11bps ask_bid=46.81bps | leader=binance_futures lagger=gate_futures direction=SHORT_LAGGER bid_ask=-68.11 ask_bid=46.81
2026-02-27T16:21:20.968589Z  INFO lead_lag_classic signal #1386: ENSOUSDT | spread=68.50bps | dir=SHORT_LAGGER | bid_ask=-81.81bps ask_bid=68.50bps | leader=binance_futures lagger=gate_futures direction=SHORT_LAGGER bid_ask=-81.81 ask_bid=68.50
2026-02-27T16:21:21.384061Z  INFO lead_lag_classic signal #1387: ATHUSDT | spread=48.49bps | dir=SHORT_LAGGER | bid_ask=-68.11bps ask_bid=48.49bps | leader=binance_futures lagger=gate_futures direction=SHORT_LAGGER bid_ask=-68.11 ask_bid=48.49
2026-02-27T16:21:21.384179Z  INFO lead_lag_classic signal #1388: ENSOUSDT | spread=68.50bps | dir=SHORT_LAGGER | bid_ask=-81.81bps ask_bid=68.50bps | leader=binance_futures lagger=gate_futures direction=SHORT_LAGGER bid_ask=-81.81 ask_bid=68.50
2026-02-27T16:21:21.384298Z  INFO lead_lag_classic signal #1389: POWERUSDT | spread=149.39bps | dir=SHORT_LAGGER | bid_ask=-161.39bps ask_bid=149.39bps | leader=binance_futures lagger=gate_futures direction=SHORT_LAGGER bid_ask=-161.39 ask_bid=149.39
2026-02-27T16:21:21.384364Z  INFO lead_lag_classic signal #1390: SAHARAUSDT | spread=159.33bps | dir=SHORT_LAGGER | bid_ask=-173.12bps ask_bid=159.33bps | leader=binance_futures lagger=gate_futures direction=SHORT_LAGGER bid_ask=-173.12 ask_bid=159.33
2026-02-27T16:21:23.268633Z  INFO lead_lag_classic signal #1391: BULLAUSDT | spread=64.10bps | dir=LONG_LAGGER | bid_ask=64.10bps ask_bid=-133.67bps | leader=binance_futures lagger=gate_futures direction=LONG_LAGGER bid_ask=64.10 ask_bid=-133.67
2026-02-27T16:21:23.268725Z  INFO lead_lag_classic signal #1392: ENSOUSDT | spread=70.60bps | dir=SHORT_LAGGER | bid_ask=-86.63bps ask_bid=70.60bps | leader=binance_futures lagger=gate_futures direction=SHORT_LAGGER bid_ask=-86.63 ask_bid=70.60
2026-02-27T16:21:23.268767Z  INFO lead_lag_classic signal #1393: ESPUSDT | spread=30.91bps | dir=SHORT_LAGGER | bid_ask=-40.79bps ask_bid=30.91bps | leader=binance_futures lagger=gate_futures direction=SHORT_LAGGER bid_ask=-40.79 ask_bid=30.91
2026-02-27T16:21:23.268855Z  INFO lead_lag_classic signal #1394: POWERUSDT | spread=161.61bps | dir=SHORT_LAGGER | bid_ask=-174.62bps ask_bid=161.61bps | leader=binance_futures lagger=gate_futures direction=SHORT_LAGGER bid_ask=-174.62 ask_bid=161.61
2026-02-27T16:21:23.268927Z  INFO lead_lag_classic signal #1395: SAHARAUSDT | spread=155.27bps | dir=SHORT_LAGGER | bid_ask=-165.15bps ask_bid=155.27bps | leader=binance_futures lagger=gate_futures direction=SHORT_LAGGER bid_ask=-165.15 ask_bid=155.27
2026-02-27T16:21:23.463467Z  INFO lead_lag_classic signal #1396: POWERUSDT | spread=165.63bps | dir=SHORT_LAGGER | bid_ask=-174.87bps ask_bid=165.63bps | leader=binance_futures lagger=gate_futures direction=SHORT_LAGGER bid_ask=-174.87 ask_bid=165.63
2026-02-27T16:21:23.463563Z  INFO lead_lag_classic signal #1397: SAHARAUSDT | spread=159.53bps | dir=SHORT_LAGGER | bid_ask=-169.28bps ask_bid=159.53bps | leader=binance_futures lagger=gate_futures direction=SHORT_LAGGER bid_ask=-169.28 ask_bid=159.53
2026-02-27T16:21:23.675156Z  INFO lead_lag_classic signal #1398: POWERUSDT | spread=182.40bps | dir=SHORT_LAGGER | bid_ask=-192.31bps ask_bid=182.40bps | leader=binance_futures lagger=gate_futures direction=SHORT_LAGGER bid_ask=-192.31 ask_bid=182.40
2026-02-27T16:21:23.675260Z  INFO lead_lag_classic signal #1399: SAHARAUSDT | spread=159.53bps | dir=SHORT_LAGGER | bid_ask=-169.28bps ask_bid=159.53bps | leader=binance_futures lagger=gate_futures direction=SHORT_LAGGER bid_ask=-169.28 ask_bid=159.53
2026-02-27T16:21:24.670720Z  INFO lead_lag_classic signal #1400: ATHUSDT | spread=38.48bps | dir=SHORT_LAGGER | bid_ask=-56.57bps ask_bid=38.48bps | leader=binance_futures lagger=gate_futures direction=SHORT_LAGGER bid_ask=-56.57 ask_bid=38.48
2026-02-27T16:21:24.670831Z  INFO lead_lag_classic signal #1401: ENSOUSDT | spread=72.70bps | dir=SHORT_LAGGER | bid_ask=-83.19bps ask_bid=72.70bps | leader=binance_futures lagger=gate_futures direction=SHORT_LAGGER bid_ask=-83.19 ask_bid=72.70
2026-02-27T16:21:25.314330Z  INFO lead_lag_classic signal #1402: ATHUSDT | spread=38.48bps | dir=SHORT_LAGGER | bid_ask=-56.57bps ask_bid=38.48bps | leader=binance_futures lagger=gate_futures direction=SHORT_LAGGER bid_ask=-56.57 ask_bid=38.48
2026-02-27T16:21:25.314439Z  INFO lead_lag_classic signal #1403: ENSOUSDT | spread=72.70bps | dir=SHORT_LAGGER | bid_ask=-83.19bps ask_bid=72.70bps | leader=binance_futures lagger=gate_futures direction=SHORT_LAGGER bid_ask=-83.19 ask_bid=72.70
2026-02-27T16:21:25.314569Z  INFO lead_lag_classic signal #1404: SAHARAUSDT | spread=159.53bps | dir=SHORT_LAGGER | bid_ask=-173.34bps ask_bid=159.53bps | leader=binance_futures lagger=gate_futures direction=SHORT_LAGGER bid_ask=-173.34 ask_bid=159.53
2026-02-27T16:21:25.315142Z  INFO Status: tickers=46681 (+1118/5s) signals=1404 drift=[n=1118 avg=149ms p50=121ms p95=393ms p99=601ms max=861ms]
2026-02-27T16:21:25.501164Z  INFO lead_lag_classic signal #1405: ENSOUSDT | spread=72.70bps | dir=SHORT_LAGGER | bid_ask=-83.19bps ask_bid=72.70bps | leader=binance_futures lagger=gate_futures direction=SHORT_LAGGER bid_ask=-83.19 ask_bid=72.70
2026-02-27T16:21:25.501242Z  INFO lead_lag_classic signal #1406: ESPUSDT | spread=30.16bps | dir=SHORT_LAGGER | bid_ask=-39.29bps ask_bid=30.16bps | leader=binance_futures lagger=gate_futures direction=SHORT_LAGGER bid_ask=-39.29 ask_bid=30.16
2026-02-27T16:21:25.501331Z  INFO lead_lag_classic signal #1407: POWERUSDT | spread=129.55bps | dir=SHORT_LAGGER | bid_ask=-139.98bps ask_bid=129.55bps | leader=binance_futures lagger=gate_futures direction=SHORT_LAGGER bid_ask=-139.98 ask_bid=129.55
2026-02-27T16:21:25.501387Z  INFO lead_lag_classic signal #1408: SAHARAUSDT | spread=159.53bps | dir=SHORT_LAGGER | bid_ask=-173.34bps ask_bid=159.53bps | leader=binance_futures lagger=gate_futures direction=SHORT_LAGGER bid_ask=-173.34 ask_bid=159.53
2026-02-27T16:21:26.229743Z  INFO lead_lag_classic signal #1409: ENSOUSDT | spread=70.59bps | dir=SHORT_LAGGER | bid_ask=-82.49bps ask_bid=70.59bps | leader=binance_futures lagger=gate_futures direction=SHORT_LAGGER bid_ask=-82.49 ask_bid=70.59
2026-02-27T16:21:26.229819Z  INFO lead_lag_classic signal #1410: ESPUSDT | spread=30.16bps | dir=SHORT_LAGGER | bid_ask=-39.29bps ask_bid=30.16bps | leader=binance_futures lagger=gate_futures direction=SHORT_LAGGER bid_ask=-39.29 ask_bid=30.16
2026-02-27T16:21:26.229903Z  INFO lead_lag_classic signal #1411: POWERUSDT | spread=139.38bps | dir=SHORT_LAGGER | bid_ask=-146.45bps ask_bid=139.38bps | leader=binance_futures lagger=gate_futures direction=SHORT_LAGGER bid_ask=-146.45 ask_bid=139.38
2026-02-27T16:21:26.229966Z  INFO lead_lag_classic signal #1412: SAHARAUSDT | spread=168.00bps | dir=SHORT_LAGGER | bid_ask=-181.52bps ask_bid=168.00bps | leader=binance_futures lagger=gate_futures direction=SHORT_LAGGER bid_ask=-181.52 ask_bid=168.00
2026-02-27T16:21:27.958514Z  INFO lead_lag_classic signal #1413: ATHUSDT | spread=43.52bps | dir=SHORT_LAGGER | bid_ask=-63.23bps ask_bid=43.52bps | leader=binance_futures lagger=gate_futures direction=SHORT_LAGGER bid_ask=-63.23 ask_bid=43.52
2026-02-27T16:21:27.958647Z  INFO lead_lag_classic signal #1414: ENSOUSDT | spread=67.79bps | dir=SHORT_LAGGER | bid_ask=-82.49bps ask_bid=67.79bps | leader=binance_futures lagger=gate_futures direction=SHORT_LAGGER bid_ask=-82.49 ask_bid=67.79
2026-02-27T16:21:29.291843Z  INFO lead_lag_classic signal #1415: ESPUSDT | spread=30.94bps | dir=SHORT_LAGGER | bid_ask=-38.52bps ask_bid=30.94bps | leader=binance_futures lagger=gate_futures direction=SHORT_LAGGER bid_ask=-38.52 ask_bid=30.94
2026-02-27T16:21:29.291982Z  INFO lead_lag_classic signal #1416: POWERUSDT | spread=148.23bps | dir=SHORT_LAGGER | bid_ask=-155.52bps ask_bid=148.23bps | leader=binance_futures lagger=gate_futures direction=SHORT_LAGGER bid_ask=-155.52 ask_bid=148.23
2026-02-27T16:21:29.292040Z  INFO lead_lag_classic signal #1417: SAHARAUSDT | spread=159.66bps | dir=SHORT_LAGGER | bid_ask=-173.48bps ask_bid=159.66bps | leader=binance_futures lagger=gate_futures direction=SHORT_LAGGER bid_ask=-173.48 ask_bid=159.66
2026-02-27T16:21:29.811362Z  INFO lead_lag_classic signal #1418: ATHUSDT | spread=40.30bps | dir=SHORT_LAGGER | bid_ask=-65.11bps ask_bid=40.30bps | leader=binance_futures lagger=gate_futures direction=SHORT_LAGGER bid_ask=-65.11 ask_bid=40.30
2026-02-27T16:21:29.811469Z  INFO lead_lag_classic signal #1419: ESPUSDT | spread=30.94bps | dir=SHORT_LAGGER | bid_ask=-38.52bps ask_bid=30.94bps | leader=binance_futures lagger=gate_futures direction=SHORT_LAGGER bid_ask=-38.52 ask_bid=30.94
2026-02-27T16:21:29.811553Z  INFO lead_lag_classic signal #1420: POWERUSDT | spread=144.31bps | dir=SHORT_LAGGER | bid_ask=-152.18bps ask_bid=144.31bps | leader=binance_futures lagger=gate_futures direction=SHORT_LAGGER bid_ask=-152.18 ask_bid=144.31
2026-02-27T16:21:29.811621Z  INFO lead_lag_classic signal #1421: SAHARAUSDT | spread=159.60bps | dir=SHORT_LAGGER | bid_ask=-173.41bps ask_bid=159.60bps | leader=binance_futures lagger=gate_futures direction=SHORT_LAGGER bid_ask=-173.41 ask_bid=159.60
2026-02-27T16:21:30.672787Z  INFO lead_lag_classic signal #1422: ATHUSDT | spread=43.67bps | dir=SHORT_LAGGER | bid_ask=-63.44bps ask_bid=43.67bps | leader=binance_futures lagger=gate_futures direction=SHORT_LAGGER bid_ask=-63.44 ask_bid=43.67
2026-02-27T16:21:30.673477Z  INFO Status: tickers=47749 (+1068/5s) signals=1422 drift=[n=1068 avg=162ms p50=131ms p95=410ms p99=555ms max=773ms]
2026-02-27T16:21:31.431224Z  INFO lead_lag_classic signal #1423: ESPUSDT | spread=30.16bps | dir=SHORT_LAGGER | bid_ask=-38.52bps ask_bid=30.16bps | leader=binance_futures lagger=gate_futures direction=SHORT_LAGGER bid_ask=-38.52 ask_bid=30.16
2026-02-27T16:21:31.431358Z  INFO lead_lag_classic signal #1424: POWERUSDT | spread=149.62bps | dir=SHORT_LAGGER | bid_ask=-159.14bps ask_bid=149.62bps | leader=binance_futures lagger=gate_futures direction=SHORT_LAGGER bid_ask=-159.14 ask_bid=149.62
2026-02-27T16:21:31.431424Z  INFO lead_lag_classic signal #1425: SAHARAUSDT | spread=168.21bps | dir=SHORT_LAGGER | bid_ask=-181.74bps ask_bid=168.21bps | leader=binance_futures lagger=gate_futures direction=SHORT_LAGGER bid_ask=-181.74 ask_bid=168.21
2026-02-27T16:21:32.134497Z  INFO lead_lag_classic signal #1426: ATHUSDT | spread=36.93bps | dir=SHORT_LAGGER | bid_ask=-60.10bps ask_bid=36.93bps | leader=binance_futures lagger=gate_futures direction=SHORT_LAGGER bid_ask=-60.10 ask_bid=36.93
2026-02-27T16:21:32.134608Z  INFO lead_lag_classic signal #1427: ESPUSDT | spread=30.16bps | dir=SHORT_LAGGER | bid_ask=-38.52bps ask_bid=30.16bps | leader=binance_futures lagger=gate_futures direction=SHORT_LAGGER bid_ask=-38.52 ask_bid=30.16
2026-02-27T16:21:32.134697Z  INFO lead_lag_classic signal #1428: POWERUSDT | spread=143.80bps | dir=SHORT_LAGGER | bid_ask=-151.24bps ask_bid=143.80bps | leader=binance_futures lagger=gate_futures direction=SHORT_LAGGER bid_ask=-151.24 ask_bid=143.80
2026-02-27T16:21:32.134755Z  INFO lead_lag_classic signal #1429: SAHARAUSDT | spread=155.53bps | dir=SHORT_LAGGER | bid_ask=-169.49bps ask_bid=155.53bps | leader=binance_futures lagger=gate_futures direction=SHORT_LAGGER bid_ask=-169.49 ask_bid=155.53
2026-02-27T16:21:32.570762Z  INFO lead_lag_classic signal #1430: ATHUSDT | spread=38.61bps | dir=SHORT_LAGGER | bid_ask=-60.10bps ask_bid=38.61bps | leader=binance_futures lagger=gate_futures direction=SHORT_LAGGER bid_ask=-60.10 ask_bid=38.61
2026-02-27T16:21:32.570944Z  INFO lead_lag_classic signal #1431: SAHARAUSDT | spread=164.07bps | dir=SHORT_LAGGER | bid_ask=-173.70bps ask_bid=164.07bps | leader=binance_futures lagger=gate_futures direction=SHORT_LAGGER bid_ask=-173.70 ask_bid=164.07
2026-02-27T16:21:32.753846Z  INFO lead_lag_classic signal #1432: ESPUSDT | spread=30.16bps | dir=SHORT_LAGGER | bid_ask=-38.52bps ask_bid=30.16bps | leader=binance_futures lagger=gate_futures direction=SHORT_LAGGER bid_ask=-38.52 ask_bid=30.16
2026-02-27T16:21:32.753974Z  INFO lead_lag_classic signal #1433: POWERUSDT | spread=146.78bps | dir=SHORT_LAGGER | bid_ask=-150.94bps ask_bid=146.78bps | leader=binance_futures lagger=gate_futures direction=SHORT_LAGGER bid_ask=-150.94 ask_bid=146.78
2026-02-27T16:21:32.754027Z  INFO lead_lag_classic signal #1434: SAHARAUSDT | spread=164.07bps | dir=SHORT_LAGGER | bid_ask=-173.70bps ask_bid=164.07bps | leader=binance_futures lagger=gate_futures direction=SHORT_LAGGER bid_ask=-173.70 ask_bid=164.07
2026-02-27T16:21:33.217523Z  INFO lead_lag_classic signal #1435: ENSOUSDT | spread=65.68bps | dir=SHORT_LAGGER | bid_ask=-83.16bps ask_bid=65.68bps | leader=binance_futures lagger=gate_futures direction=SHORT_LAGGER bid_ask=-83.16 ask_bid=65.68
2026-02-27T16:21:34.214755Z  INFO lead_lag_classic signal #1436: BULLAUSDT | spread=70.51bps | dir=LONG_LAGGER | bid_ask=70.51bps ask_bid=-139.95bps | leader=binance_futures lagger=gate_futures direction=LONG_LAGGER bid_ask=70.51 ask_bid=-139.95
2026-02-27T16:21:34.214903Z  INFO lead_lag_classic signal #1437: POWERUSDT | spread=145.98bps | dir=SHORT_LAGGER | bid_ask=-151.19bps ask_bid=145.98bps | leader=binance_futures lagger=gate_futures direction=SHORT_LAGGER bid_ask=-151.19 ask_bid=145.98
2026-02-27T16:21:34.214961Z  INFO lead_lag_classic signal #1438: SAHARAUSDT | spread=160.07bps | dir=SHORT_LAGGER | bid_ask=-173.91bps ask_bid=160.07bps | leader=binance_futures lagger=gate_futures direction=SHORT_LAGGER bid_ask=-173.91 ask_bid=160.07
2026-02-27T16:21:35.027122Z  INFO lead_lag_classic signal #1439: BULLAUSDT | spread=70.51bps | dir=LONG_LAGGER | bid_ask=70.51bps ask_bid=-139.95bps | leader=binance_futures lagger=gate_futures direction=LONG_LAGGER bid_ask=70.51 ask_bid=-139.95
2026-02-27T16:21:35.027230Z  INFO lead_lag_classic signal #1440: ESPUSDT | spread=30.17bps | dir=SHORT_LAGGER | bid_ask=-40.06bps ask_bid=30.17bps | leader=binance_futures lagger=gate_futures direction=SHORT_LAGGER bid_ask=-40.06 ask_bid=30.17
2026-02-27T16:21:35.810978Z  INFO lead_lag_classic signal #1441: ESPUSDT | spread=30.94bps | dir=SHORT_LAGGER | bid_ask=-38.53bps ask_bid=30.94bps | leader=binance_futures lagger=gate_futures direction=SHORT_LAGGER bid_ask=-38.53 ask_bid=30.94
2026-02-27T16:21:35.811108Z  INFO lead_lag_classic signal #1442: POWERUSDT | spread=144.08bps | dir=SHORT_LAGGER | bid_ask=-150.08bps ask_bid=144.08bps | leader=binance_futures lagger=gate_futures direction=SHORT_LAGGER bid_ask=-150.08 ask_bid=144.08
2026-02-27T16:21:35.811174Z  INFO lead_lag_classic signal #1443: SAHARAUSDT | spread=173.00bps | dir=SHORT_LAGGER | bid_ask=-186.41bps ask_bid=173.00bps | leader=binance_futures lagger=gate_futures direction=SHORT_LAGGER bid_ask=-186.41 ask_bid=173.00
2026-02-27T16:21:35.811700Z  INFO Status: tickers=48782 (+1033/5s) signals=1443 drift=[n=1033 avg=153ms p50=124ms p95=390ms p99=741ms max=1617ms]
2026-02-27T16:21:36.542637Z  INFO lead_lag_classic signal #1444: ESPUSDT | spread=30.94bps | dir=SHORT_LAGGER | bid_ask=-38.53bps ask_bid=30.94bps | leader=binance_futures lagger=gate_futures direction=SHORT_LAGGER bid_ask=-38.53 ask_bid=30.94
2026-02-27T16:21:36.848558Z  INFO lead_lag_classic signal #1445: ENSOUSDT | spread=64.96bps | dir=SHORT_LAGGER | bid_ask=-79.69bps ask_bid=64.96bps | leader=binance_futures lagger=gate_futures direction=SHORT_LAGGER bid_ask=-79.69 ask_bid=64.96
2026-02-27T16:21:36.848643Z  INFO lead_lag_classic signal #1446: ESPUSDT | spread=30.94bps | dir=SHORT_LAGGER | bid_ask=-38.53bps ask_bid=30.94bps | leader=binance_futures lagger=gate_futures direction=SHORT_LAGGER bid_ask=-38.53 ask_bid=30.94
2026-02-27T16:21:36.848761Z  INFO lead_lag_classic signal #1447: POWERUSDT | spread=147.79bps | dir=SHORT_LAGGER | bid_ask=-152.62bps ask_bid=147.79bps | leader=binance_futures lagger=gate_futures direction=SHORT_LAGGER bid_ask=-152.62 ask_bid=147.79
2026-02-27T16:21:36.848826Z  INFO lead_lag_classic signal #1448: SAHARAUSDT | spread=181.51bps | dir=SHORT_LAGGER | bid_ask=-194.62bps ask_bid=181.51bps | leader=binance_futures lagger=gate_futures direction=SHORT_LAGGER bid_ask=-194.62 ask_bid=181.51
2026-02-27T16:21:37.099913Z  INFO lead_lag_classic signal #1449: POWERUSDT | spread=147.92bps | dir=SHORT_LAGGER | bid_ask=-153.63bps ask_bid=147.92bps | leader=binance_futures lagger=gate_futures direction=SHORT_LAGGER bid_ask=-153.63 ask_bid=147.92
2026-02-27T16:21:37.100011Z  INFO lead_lag_classic signal #1450: SAHARAUSDT | spread=173.07bps | dir=SHORT_LAGGER | bid_ask=-182.42bps ask_bid=173.07bps | leader=binance_futures lagger=gate_futures direction=SHORT_LAGGER bid_ask=-182.42 ask_bid=173.07
2026-02-27T16:21:37.318572Z  INFO lead_lag_classic signal #1451: POWERUSDT | spread=145.95bps | dir=SHORT_LAGGER | bid_ask=-152.39bps ask_bid=145.95bps | leader=binance_futures lagger=gate_futures direction=SHORT_LAGGER bid_ask=-152.39 ask_bid=145.95
2026-02-27T16:21:37.567067Z  INFO lead_lag_classic signal #1452: POWERUSDT | spread=146.15bps | dir=SHORT_LAGGER | bid_ask=-151.95bps ask_bid=146.15bps | leader=binance_futures lagger=gate_futures direction=SHORT_LAGGER bid_ask=-151.95 ask_bid=146.15
2026-02-27T16:21:37.567156Z  INFO lead_lag_classic signal #1453: SAHARAUSDT | spread=164.56bps | dir=SHORT_LAGGER | bid_ask=-178.28bps ask_bid=164.56bps | leader=binance_futures lagger=gate_futures direction=SHORT_LAGGER bid_ask=-178.28 ask_bid=164.56
2026-02-27T16:21:38.175513Z  INFO lead_lag_classic signal #1454: SAHARAUSDT | spread=168.85bps | dir=SHORT_LAGGER | bid_ask=-182.42bps ask_bid=168.85bps | leader=binance_futures lagger=gate_futures direction=SHORT_LAGGER bid_ask=-182.42 ask_bid=168.85
2026-02-27T16:21:38.727041Z  INFO lead_lag_classic signal #1455: ATHUSDT | spread=35.30bps | dir=SHORT_LAGGER | bid_ask=-71.79bps ask_bid=35.30bps | leader=binance_futures lagger=gate_futures direction=SHORT_LAGGER bid_ask=-71.79 ask_bid=35.30
2026-02-27T16:21:38.727167Z  INFO lead_lag_classic signal #1456: ESPUSDT | spread=30.94bps | dir=SHORT_LAGGER | bid_ask=-37.76bps ask_bid=30.94bps | leader=binance_futures lagger=gate_futures direction=SHORT_LAGGER bid_ask=-37.76 ask_bid=30.94
2026-02-27T16:21:38.727262Z  INFO lead_lag_classic signal #1457: POWERUSDT | spread=142.71bps | dir=SHORT_LAGGER | bid_ask=-149.26bps ask_bid=142.71bps | leader=binance_futures lagger=gate_futures direction=SHORT_LAGGER bid_ask=-149.26 ask_bid=142.71
2026-02-27T16:21:38.727336Z  INFO lead_lag_classic signal #1458: SAHARAUSDT | spread=168.78bps | dir=SHORT_LAGGER | bid_ask=-182.42bps ask_bid=168.78bps | leader=binance_futures lagger=gate_futures direction=SHORT_LAGGER bid_ask=-182.42 ask_bid=168.78
2026-02-27T16:21:39.426790Z  INFO lead_lag_classic signal #1459: ATHUSDT | spread=35.30bps | dir=SHORT_LAGGER | bid_ask=-55.18bps ask_bid=35.30bps | leader=binance_futures lagger=gate_futures direction=SHORT_LAGGER bid_ask=-55.18 ask_bid=35.30
2026-02-27T16:21:39.426885Z  INFO lead_lag_classic signal #1460: BULLAUSDT | spread=70.51bps | dir=LONG_LAGGER | bid_ask=70.51bps ask_bid=-139.95bps | leader=binance_futures lagger=gate_futures direction=LONG_LAGGER bid_ask=70.51 ask_bid=-139.95
2026-02-27T16:21:39.426933Z  INFO lead_lag_classic signal #1461: ENSOUSDT | spread=61.44bps | dir=SHORT_LAGGER | bid_ask=-76.22bps ask_bid=61.44bps | leader=binance_futures lagger=gate_futures direction=SHORT_LAGGER bid_ask=-76.22 ask_bid=61.44
2026-02-27T16:21:39.427050Z  INFO lead_lag_classic signal #1462: POWERUSDT | spread=145.13bps | dir=SHORT_LAGGER | bid_ask=-152.03bps ask_bid=145.13bps | leader=binance_futures lagger=gate_futures direction=SHORT_LAGGER bid_ask=-152.03 ask_bid=145.13
2026-02-27T16:21:39.427128Z  INFO lead_lag_classic signal #1463: SAHARAUSDT | spread=173.07bps | dir=SHORT_LAGGER | bid_ask=-186.49bps ask_bid=173.07bps | leader=binance_futures lagger=gate_futures direction=SHORT_LAGGER bid_ask=-186.49 ask_bid=173.07
2026-02-27T16:21:39.530129Z  INFO lead_lag_classic signal #1464: ATHUSDT | spread=38.67bps | dir=SHORT_LAGGER | bid_ask=-58.53bps ask_bid=38.67bps | leader=binance_futures lagger=gate_futures direction=SHORT_LAGGER bid_ask=-58.53 ask_bid=38.67
2026-02-27T16:21:39.530211Z  INFO lead_lag_classic signal #1465: BULLAUSDT | spread=70.51bps | dir=LONG_LAGGER | bid_ask=70.51bps ask_bid=-139.95bps | leader=binance_futures lagger=gate_futures direction=LONG_LAGGER bid_ask=70.51 ask_bid=-139.95
2026-02-27T16:21:39.530285Z  INFO lead_lag_classic signal #1466: ENSOUSDT | spread=62.15bps | dir=SHORT_LAGGER | bid_ask=-76.92bps ask_bid=62.15bps | leader=binance_futures lagger=gate_futures direction=SHORT_LAGGER bid_ask=-76.92 ask_bid=62.15
2026-02-27T16:21:39.530357Z  INFO lead_lag_classic signal #1467: POWERUSDT | spread=146.62bps | dir=SHORT_LAGGER | bid_ask=-150.77bps ask_bid=146.62bps | leader=binance_futures lagger=gate_futures direction=SHORT_LAGGER bid_ask=-150.77 ask_bid=146.62
2026-02-27T16:21:39.530417Z  INFO lead_lag_classic signal #1468: SAHARAUSDT | spread=177.36bps | dir=SHORT_LAGGER | bid_ask=-190.63bps ask_bid=177.36bps | leader=binance_futures lagger=gate_futures direction=SHORT_LAGGER bid_ask=-190.63 ask_bid=177.36
2026-02-27T16:21:39.651037Z  INFO lead_lag_classic signal #1469: ATHUSDT | spread=40.36bps | dir=SHORT_LAGGER | bid_ask=-60.20bps ask_bid=40.36bps | leader=binance_futures lagger=gate_futures direction=SHORT_LAGGER bid_ask=-60.20 ask_bid=40.36
2026-02-27T16:21:39.651123Z  INFO lead_lag_classic signal #1470: BULLAUSDT | spread=70.51bps | dir=LONG_LAGGER | bid_ask=70.51bps ask_bid=-139.95bps | leader=binance_futures lagger=gate_futures direction=LONG_LAGGER bid_ask=70.51 ask_bid=-139.95
2026-02-27T16:21:39.651171Z  INFO lead_lag_classic signal #1471: ENSOUSDT | spread=62.15bps | dir=SHORT_LAGGER | bid_ask=-76.92bps ask_bid=62.15bps | leader=binance_futures lagger=gate_futures direction=SHORT_LAGGER bid_ask=-76.92 ask_bid=62.15
2026-02-27T16:21:39.651255Z  INFO lead_lag_classic signal #1472: POWERUSDT | spread=145.00bps | dir=SHORT_LAGGER | bid_ask=-150.14bps ask_bid=145.00bps | leader=binance_futures lagger=gate_futures direction=SHORT_LAGGER bid_ask=-150.14 ask_bid=145.00
2026-02-27T16:21:39.651311Z  INFO lead_lag_classic signal #1473: SAHARAUSDT | spread=168.78bps | dir=SHORT_LAGGER | bid_ask=-186.49bps ask_bid=168.78bps | leader=binance_futures lagger=gate_futures direction=SHORT_LAGGER bid_ask=-186.49 ask_bid=168.78
2026-02-27T16:21:39.761956Z  INFO lead_lag_classic signal #1474: ATHUSDT | spread=40.36bps | dir=SHORT_LAGGER | bid_ask=-61.87bps ask_bid=40.36bps | leader=binance_futures lagger=gate_futures direction=SHORT_LAGGER bid_ask=-61.87 ask_bid=40.36
2026-02-27T16:21:39.762057Z  INFO lead_lag_classic signal #1475: BULLAUSDT | spread=70.51bps | dir=LONG_LAGGER | bid_ask=70.51bps ask_bid=-139.95bps | leader=binance_futures lagger=gate_futures direction=LONG_LAGGER bid_ask=70.51 ask_bid=-139.95
2026-02-27T16:21:39.762112Z  INFO lead_lag_classic signal #1476: ENSOUSDT | spread=62.15bps | dir=SHORT_LAGGER | bid_ask=-76.92bps ask_bid=62.15bps | leader=binance_futures lagger=gate_futures direction=SHORT_LAGGER bid_ask=-76.92 ask_bid=62.15
2026-02-27T16:21:39.762180Z  INFO lead_lag_classic signal #1477: POWERUSDT | spread=145.20bps | dir=SHORT_LAGGER | bid_ask=-152.47bps ask_bid=145.20bps | leader=binance_futures lagger=gate_futures direction=SHORT_LAGGER bid_ask=-152.47 ask_bid=145.20
2026-02-27T16:21:39.762241Z  INFO lead_lag_classic signal #1478: SAHARAUSDT | spread=168.78bps | dir=SHORT_LAGGER | bid_ask=-186.49bps ask_bid=168.78bps | leader=binance_futures lagger=gate_futures direction=SHORT_LAGGER bid_ask=-186.49 ask_bid=168.78
2026-02-27T16:21:40.626962Z  INFO lead_lag_classic signal #1479: ATHUSDT | spread=42.05bps | dir=SHORT_LAGGER | bid_ask=-63.55bps ask_bid=42.05bps | leader=binance_futures lagger=gate_futures direction=SHORT_LAGGER bid_ask=-63.55 ask_bid=42.05
2026-02-27T16:21:40.627104Z  INFO lead_lag_classic signal #1480: BULLAUSDT | spread=51.28bps | dir=LONG_LAGGER | bid_ask=51.28bps ask_bid=-121.10bps | leader=binance_futures lagger=gate_futures direction=LONG_LAGGER bid_ask=51.28 ask_bid=-121.10
2026-02-27T16:21:40.627261Z  INFO lead_lag_classic signal #1481: POWERUSDT | spread=137.56bps | dir=SHORT_LAGGER | bid_ask=-144.43bps ask_bid=137.56bps | leader=binance_futures lagger=gate_futures direction=SHORT_LAGGER bid_ask=-144.43 ask_bid=137.56
2026-02-27T16:21:40.627319Z  INFO lead_lag_classic signal #1482: SAHARAUSDT | spread=164.56bps | dir=SHORT_LAGGER | bid_ask=-178.35bps ask_bid=164.56bps | leader=binance_futures lagger=gate_futures direction=SHORT_LAGGER bid_ask=-178.35 ask_bid=164.56
2026-02-27T16:21:40.740337Z  INFO lead_lag_classic signal #1483: BULLAUSDT | spread=57.69bps | dir=LONG_LAGGER | bid_ask=57.69bps ask_bid=-127.38bps | leader=binance_futures lagger=gate_futures direction=LONG_LAGGER bid_ask=57.69 ask_bid=-127.38
2026-02-27T16:21:40.740453Z  INFO lead_lag_classic signal #1484: POWERUSDT | spread=137.56bps | dir=SHORT_LAGGER | bid_ask=-144.43bps ask_bid=137.56bps | leader=binance_futures lagger=gate_futures direction=SHORT_LAGGER bid_ask=-144.43 ask_bid=137.56
2026-02-27T16:21:40.740504Z  INFO lead_lag_classic signal #1485: SAHARAUSDT | spread=168.85bps | dir=SHORT_LAGGER | bid_ask=-178.35bps ask_bid=168.85bps | leader=binance_futures lagger=gate_futures direction=SHORT_LAGGER bid_ask=-178.35 ask_bid=168.85
2026-02-27T16:21:41.332664Z  INFO lead_lag_classic signal #1486: ESPUSDT | spread=30.95bps | dir=SHORT_LAGGER | bid_ask=-37.77bps ask_bid=30.95bps | leader=binance_futures lagger=gate_futures direction=SHORT_LAGGER bid_ask=-37.77 ask_bid=30.95
2026-02-27T16:21:41.332793Z  INFO lead_lag_classic signal #1487: POWERUSDT | spread=132.20bps | dir=SHORT_LAGGER | bid_ask=-140.64bps ask_bid=132.20bps | leader=binance_futures lagger=gate_futures direction=SHORT_LAGGER bid_ask=-140.64 ask_bid=132.20
2026-02-27T16:21:41.332850Z  INFO lead_lag_classic signal #1488: SAHARAUSDT | spread=164.77bps | dir=SHORT_LAGGER | bid_ask=-178.50bps ask_bid=164.77bps | leader=binance_futures lagger=gate_futures direction=SHORT_LAGGER bid_ask=-178.50 ask_bid=164.77
2026-02-27T16:21:41.333332Z  INFO Status: tickers=49784 (+1002/5s) signals=1488 drift=[n=1002 avg=151ms p50=117ms p95=384ms p99=818ms max=987ms]
2026-02-27T16:21:41.723160Z  INFO lead_lag_classic signal #1489: ATHUSDT | spread=42.05bps | dir=SHORT_LAGGER | bid_ask=-61.87bps ask_bid=42.05bps | leader=binance_futures lagger=gate_futures direction=SHORT_LAGGER bid_ask=-61.87 ask_bid=42.05
2026-02-27T16:21:42.926490Z  INFO lead_lag_classic signal #1490: ATHUSDT | spread=45.43bps | dir=SHORT_LAGGER | bid_ask=-65.22bps ask_bid=45.43bps | leader=binance_futures lagger=gate_futures direction=SHORT_LAGGER bid_ask=-65.22 ask_bid=45.43
2026-02-27T16:21:42.926596Z  INFO lead_lag_classic signal #1491: ENSOUSDT | spread=64.22bps | dir=SHORT_LAGGER | bid_ask=-80.33bps ask_bid=64.22bps | leader=binance_futures lagger=gate_futures direction=SHORT_LAGGER bid_ask=-80.33 ask_bid=64.22
2026-02-27T16:21:42.926635Z  INFO lead_lag_classic signal #1492: ESPUSDT | spread=30.17bps | dir=SHORT_LAGGER | bid_ask=-37.00bps ask_bid=30.17bps | leader=binance_futures lagger=gate_futures direction=SHORT_LAGGER bid_ask=-37.00 ask_bid=30.17
2026-02-27T16:21:42.926717Z  INFO lead_lag_classic signal #1493: POWERUSDT | spread=140.79bps | dir=SHORT_LAGGER | bid_ask=-152.09bps ask_bid=140.79bps | leader=binance_futures lagger=gate_futures direction=SHORT_LAGGER bid_ask=-152.09 ask_bid=140.79
2026-02-27T16:21:42.926785Z  INFO lead_lag_classic signal #1494: SAHARAUSDT | spread=169.06bps | dir=SHORT_LAGGER | bid_ask=-186.72bps ask_bid=169.06bps | leader=binance_futures lagger=gate_futures direction=SHORT_LAGGER bid_ask=-186.72 ask_bid=169.06
2026-02-27T16:21:43.152274Z  INFO lead_lag_classic signal #1495: ATHUSDT | spread=45.43bps | dir=SHORT_LAGGER | bid_ask=-65.22bps ask_bid=45.43bps | leader=binance_futures lagger=gate_futures direction=SHORT_LAGGER bid_ask=-65.22 ask_bid=45.43
2026-02-27T16:21:43.152412Z  INFO lead_lag_classic signal #1496: ENSOUSDT | spread=63.52bps | dir=SHORT_LAGGER | bid_ask=-79.64bps ask_bid=63.52bps | leader=binance_futures lagger=gate_futures direction=SHORT_LAGGER bid_ask=-79.64 ask_bid=63.52
2026-02-27T16:21:43.152459Z  INFO lead_lag_classic signal #1497: ESPUSDT | spread=30.17bps | dir=SHORT_LAGGER | bid_ask=-37.00bps ask_bid=30.17bps | leader=binance_futures lagger=gate_futures direction=SHORT_LAGGER bid_ask=-37.00 ask_bid=30.17
2026-02-27T16:21:43.152535Z  INFO lead_lag_classic signal #1498: POWERUSDT | spread=131.30bps | dir=SHORT_LAGGER | bid_ask=-144.18bps ask_bid=131.30bps | leader=binance_futures lagger=gate_futures direction=SHORT_LAGGER bid_ask=-144.18 ask_bid=131.30
2026-02-27T16:21:43.152614Z  INFO lead_lag_classic signal #1499: SAHARAUSDT | spread=173.36bps | dir=SHORT_LAGGER | bid_ask=-190.87bps ask_bid=173.36bps | leader=binance_futures lagger=gate_futures direction=SHORT_LAGGER bid_ask=-190.87 ask_bid=173.36
2026-02-27T16:21:43.297158Z  INFO lead_lag_classic signal #1500: ATHUSDT | spread=45.43bps | dir=SHORT_LAGGER | bid_ask=-65.22bps ask_bid=45.43bps | leader=binance_futures lagger=gate_futures direction=SHORT_LAGGER bid_ask=-65.22 ask_bid=45.43
2026-02-27T16:21:43.297266Z  INFO lead_lag_classic signal #1501: ENSOUSDT | spread=63.52bps | dir=SHORT_LAGGER | bid_ask=-79.64bps ask_bid=63.52bps | leader=binance_futures lagger=gate_futures direction=SHORT_LAGGER bid_ask=-79.64 ask_bid=63.52
2026-02-27T16:21:43.297357Z  INFO lead_lag_classic signal #1502: POWERUSDT | spread=131.30bps | dir=SHORT_LAGGER | bid_ask=-146.26bps ask_bid=131.30bps | leader=binance_futures lagger=gate_futures direction=SHORT_LAGGER bid_ask=-146.26 ask_bid=131.30
2026-02-27T16:21:43.297414Z  INFO lead_lag_classic signal #1503: SAHARAUSDT | spread=177.66bps | dir=SHORT_LAGGER | bid_ask=-195.02bps ask_bid=177.66bps | leader=binance_futures lagger=gate_futures direction=SHORT_LAGGER bid_ask=-195.02 ask_bid=177.66
2026-02-27T16:21:44.348267Z  INFO lead_lag_classic signal #1504: ESPUSDT | spread=30.17bps | dir=SHORT_LAGGER | bid_ask=-37.00bps ask_bid=30.17bps | leader=binance_futures lagger=gate_futures direction=SHORT_LAGGER bid_ask=-37.00 ask_bid=30.17
2026-02-27T16:21:44.514490Z  INFO lead_lag_classic signal #1505: BULLAUSDT | spread=51.28bps | dir=LONG_LAGGER | bid_ask=51.28bps ask_bid=-127.38bps | leader=binance_futures lagger=gate_futures direction=LONG_LAGGER bid_ask=51.28 ask_bid=-127.38
2026-02-27T16:21:44.514578Z  INFO lead_lag_classic signal #1506: ENSOUSDT | spread=64.19bps | dir=SHORT_LAGGER | bid_ask=-78.91bps ask_bid=64.19bps | leader=binance_futures lagger=gate_futures direction=SHORT_LAGGER bid_ask=-78.91 ask_bid=64.19
2026-02-27T16:21:44.514668Z  INFO lead_lag_classic signal #1507: POWERUSDT | spread=137.71bps | dir=SHORT_LAGGER | bid_ask=-151.55bps ask_bid=137.71bps | leader=binance_futures lagger=gate_futures direction=SHORT_LAGGER bid_ask=-151.55 ask_bid=137.71
2026-02-27T16:21:44.514723Z  INFO lead_lag_classic signal #1508: SAHARAUSDT | spread=173.07bps | dir=SHORT_LAGGER | bid_ask=-178.35bps ask_bid=173.07bps | leader=binance_futures lagger=gate_futures direction=SHORT_LAGGER bid_ask=-178.35 ask_bid=173.07
2026-02-27T16:21:45.296278Z  INFO lead_lag_classic signal #1509: BULLAUSDT | spread=57.69bps | dir=LONG_LAGGER | bid_ask=57.69bps ask_bid=-127.38bps | leader=binance_futures lagger=gate_futures direction=LONG_LAGGER bid_ask=57.69 ask_bid=-127.38
2026-02-27T16:21:45.296375Z  INFO lead_lag_classic signal #1510: ENSOUSDT | spread=64.19bps | dir=SHORT_LAGGER | bid_ask=-78.91bps ask_bid=64.19bps | leader=binance_futures lagger=gate_futures direction=SHORT_LAGGER bid_ask=-78.91 ask_bid=64.19
2026-02-27T16:21:45.296467Z  INFO lead_lag_classic signal #1511: POWERUSDT | spread=149.10bps | dir=SHORT_LAGGER | bid_ask=-162.23bps ask_bid=149.10bps | leader=binance_futures lagger=gate_futures direction=SHORT_LAGGER bid_ask=-162.23 ask_bid=149.10
2026-02-27T16:21:45.296539Z  INFO lead_lag_classic signal #1512: SAHARAUSDT | spread=168.78bps | dir=SHORT_LAGGER | bid_ask=-174.20bps ask_bid=168.78bps | leader=binance_futures lagger=gate_futures direction=SHORT_LAGGER bid_ask=-174.20 ask_bid=168.78
2026-02-27T16:21:45.824775Z  INFO lead_lag_classic signal #1513: ENSOUSDT | spread=65.58bps | dir=SHORT_LAGGER | bid_ask=-78.91bps ask_bid=65.58bps | leader=binance_futures lagger=gate_futures direction=SHORT_LAGGER bid_ask=-78.91 ask_bid=65.58
2026-02-27T16:21:45.824917Z  INFO lead_lag_classic signal #1514: POWERUSDT | spread=140.81bps | dir=SHORT_LAGGER | bid_ask=-152.46bps ask_bid=140.81bps | leader=binance_futures lagger=gate_futures direction=SHORT_LAGGER bid_ask=-152.46 ask_bid=140.81
2026-02-27T16:21:45.824974Z  INFO lead_lag_classic signal #1515: SAHARAUSDT | spread=173.07bps | dir=SHORT_LAGGER | bid_ask=-182.42bps ask_bid=173.07bps | leader=binance_futures lagger=gate_futures direction=SHORT_LAGGER bid_ask=-182.42 ask_bid=173.07
2026-02-27T16:21:46.098547Z  INFO lead_lag_classic signal #1516: POWERUSDT | spread=137.31bps | dir=SHORT_LAGGER | bid_ask=-152.46bps ask_bid=137.31bps | leader=binance_futures lagger=gate_futures direction=SHORT_LAGGER bid_ask=-152.46 ask_bid=137.31
2026-02-27T16:21:46.098646Z  INFO lead_lag_classic signal #1517: SAHARAUSDT | spread=173.07bps | dir=SHORT_LAGGER | bid_ask=-182.42bps ask_bid=173.07bps | leader=binance_futures lagger=gate_futures direction=SHORT_LAGGER bid_ask=-182.42 ask_bid=173.07
2026-02-27T16:21:46.241565Z  INFO lead_lag_classic signal #1518: ENSOUSDT | spread=65.58bps | dir=SHORT_LAGGER | bid_ask=-78.91bps ask_bid=65.58bps | leader=binance_futures lagger=gate_futures direction=SHORT_LAGGER bid_ask=-78.91 ask_bid=65.58
2026-02-27T16:21:46.241671Z  INFO lead_lag_classic signal #1519: POWERUSDT | spread=137.96bps | dir=SHORT_LAGGER | bid_ask=-153.28bps ask_bid=137.96bps | leader=binance_futures lagger=gate_futures direction=SHORT_LAGGER bid_ask=-153.28 ask_bid=137.96
2026-02-27T16:21:46.241719Z  INFO lead_lag_classic signal #1520: SAHARAUSDT | spread=173.07bps | dir=SHORT_LAGGER | bid_ask=-182.42bps ask_bid=173.07bps | leader=binance_futures lagger=gate_futures direction=SHORT_LAGGER bid_ask=-182.42 ask_bid=173.07
2026-02-27T16:21:48.524789Z  INFO lead_lag_classic signal #1521: ENSOUSDT | spread=63.47bps | dir=SHORT_LAGGER | bid_ask=-75.45bps ask_bid=63.47bps | leader=binance_futures lagger=gate_futures direction=SHORT_LAGGER bid_ask=-75.45 ask_bid=63.47
2026-02-27T16:21:48.524933Z  INFO lead_lag_classic signal #1522: POWERUSDT | spread=140.04bps | dir=SHORT_LAGGER | bid_ask=-150.55bps ask_bid=140.04bps | leader=binance_futures lagger=gate_futures direction=SHORT_LAGGER bid_ask=-150.55 ask_bid=140.04
2026-02-27T16:21:48.524989Z  INFO lead_lag_classic signal #1523: SAHARAUSDT | spread=168.71bps | dir=SHORT_LAGGER | bid_ask=-182.27bps ask_bid=168.71bps | leader=binance_futures lagger=gate_futures direction=SHORT_LAGGER bid_ask=-182.27 ask_bid=168.71
2026-02-27T16:21:48.525657Z  INFO Status: tickers=51129 (+1345/5s) signals=1523 drift=[n=1345 avg=158ms p50=123ms p95=408ms p99=710ms max=1354ms]
2026-02-27T16:21:48.936206Z  INFO lead_lag_classic signal #1524: ENSOUSDT | spread=64.87bps | dir=SHORT_LAGGER | bid_ask=-76.84bps ask_bid=64.87bps | leader=binance_futures lagger=gate_futures direction=SHORT_LAGGER bid_ask=-76.84 ask_bid=64.87
2026-02-27T16:21:48.936293Z  INFO lead_lag_classic signal #1525: ESPUSDT | spread=30.16bps | dir=SHORT_LAGGER | bid_ask=-36.98bps ask_bid=30.16bps | leader=binance_futures lagger=gate_futures direction=SHORT_LAGGER bid_ask=-36.98 ask_bid=30.16
2026-02-27T16:21:48.936385Z  INFO lead_lag_classic signal #1526: POWERUSDT | spread=136.74bps | dir=SHORT_LAGGER | bid_ask=-152.47bps ask_bid=136.74bps | leader=binance_futures lagger=gate_futures direction=SHORT_LAGGER bid_ask=-152.47 ask_bid=136.74
2026-02-27T16:21:48.936448Z  INFO lead_lag_classic signal #1527: SAHARAUSDT | spread=168.63bps | dir=SHORT_LAGGER | bid_ask=-178.13bps ask_bid=168.63bps | leader=binance_futures lagger=gate_futures direction=SHORT_LAGGER bid_ask=-178.13 ask_bid=168.63
2026-02-27T16:21:49.237482Z  INFO lead_lag_classic signal #1528: ENSOUSDT | spread=64.87bps | dir=SHORT_LAGGER | bid_ask=-76.84bps ask_bid=64.87bps | leader=binance_futures lagger=gate_futures direction=SHORT_LAGGER bid_ask=-76.84 ask_bid=64.87
2026-02-27T16:21:49.237563Z  INFO lead_lag_classic signal #1529: ESPUSDT | spread=30.16bps | dir=SHORT_LAGGER | bid_ask=-36.98bps ask_bid=30.16bps | leader=binance_futures lagger=gate_futures direction=SHORT_LAGGER bid_ask=-36.98 ask_bid=30.16
2026-02-27T16:21:49.237642Z  INFO lead_lag_classic signal #1530: POWERUSDT | spread=151.71bps | dir=SHORT_LAGGER | bid_ask=-163.16bps ask_bid=151.71bps | leader=binance_futures lagger=gate_futures direction=SHORT_LAGGER bid_ask=-163.16 ask_bid=151.71
2026-02-27T16:21:49.237691Z  INFO lead_lag_classic signal #1531: SAHARAUSDT | spread=164.35bps | dir=SHORT_LAGGER | bid_ask=-173.99bps ask_bid=164.35bps | leader=binance_futures lagger=gate_futures direction=SHORT_LAGGER bid_ask=-173.99 ask_bid=164.35
2026-02-27T16:21:49.617485Z  INFO lead_lag_classic signal #1532: ENSOUSDT | spread=64.87bps | dir=SHORT_LAGGER | bid_ask=-76.84bps ask_bid=64.87bps | leader=binance_futures lagger=gate_futures direction=SHORT_LAGGER bid_ask=-76.84 ask_bid=64.87
2026-02-27T16:21:49.617564Z  INFO lead_lag_classic signal #1533: ESPUSDT | spread=32.50bps | dir=SHORT_LAGGER | bid_ask=-42.38bps ask_bid=32.50bps | leader=binance_futures lagger=gate_futures direction=SHORT_LAGGER bid_ask=-42.38 ask_bid=32.50
2026-02-27T16:21:49.617660Z  INFO lead_lag_classic signal #1534: POWERUSDT | spread=138.13bps | dir=SHORT_LAGGER | bid_ask=-151.38bps ask_bid=138.13bps | leader=binance_futures lagger=gate_futures direction=SHORT_LAGGER bid_ask=-151.38 ask_bid=138.13
2026-02-27T16:21:49.617708Z  INFO lead_lag_classic signal #1535: SAHARAUSDT | spread=172.78bps | dir=SHORT_LAGGER | bid_ask=-182.12bps ask_bid=172.78bps | leader=binance_futures lagger=gate_futures direction=SHORT_LAGGER bid_ask=-182.12 ask_bid=172.78
2026-02-27T16:21:50.096937Z  INFO lead_lag_classic signal #1536: ENSOUSDT | spread=64.87bps | dir=SHORT_LAGGER | bid_ask=-76.84bps ask_bid=64.87bps | leader=binance_futures lagger=gate_futures direction=SHORT_LAGGER bid_ask=-76.84 ask_bid=64.87
2026-02-27T16:21:50.097014Z  INFO lead_lag_classic signal #1537: ESPUSDT | spread=31.72bps | dir=SHORT_LAGGER | bid_ask=-42.38bps ask_bid=31.72bps | leader=binance_futures lagger=gate_futures direction=SHORT_LAGGER bid_ask=-42.38 ask_bid=31.72
2026-02-27T16:21:50.097103Z  INFO lead_lag_classic signal #1538: POWERUSDT | spread=136.34bps | dir=SHORT_LAGGER | bid_ask=-153.70bps ask_bid=136.34bps | leader=binance_futures lagger=gate_futures direction=SHORT_LAGGER bid_ask=-153.70 ask_bid=136.34
2026-02-27T16:21:50.097164Z  INFO lead_lag_classic signal #1539: SAHARAUSDT | spread=160.00bps | dir=SHORT_LAGGER | bid_ask=-177.98bps ask_bid=160.00bps | leader=binance_futures lagger=gate_futures direction=SHORT_LAGGER bid_ask=-177.98 ask_bid=160.00
2026-02-27T16:21:50.897567Z  INFO lead_lag_classic signal #1540: ENSOUSDT | spread=64.87bps | dir=SHORT_LAGGER | bid_ask=-76.84bps ask_bid=64.87bps | leader=binance_futures lagger=gate_futures direction=SHORT_LAGGER bid_ask=-76.84 ask_bid=64.87
2026-02-27T16:21:50.897647Z  INFO lead_lag_classic signal #1541: ESPUSDT | spread=32.49bps | dir=SHORT_LAGGER | bid_ask=-42.37bps ask_bid=32.49bps | leader=binance_futures lagger=gate_futures direction=SHORT_LAGGER bid_ask=-42.37 ask_bid=32.49
2026-02-27T16:21:50.897746Z  INFO lead_lag_classic signal #1542: POWERUSDT | spread=135.70bps | dir=SHORT_LAGGER | bid_ask=-147.90bps ask_bid=135.70bps | leader=binance_futures lagger=gate_futures direction=SHORT_LAGGER bid_ask=-147.90 ask_bid=135.70
2026-02-27T16:21:50.897809Z  INFO lead_lag_classic signal #1543: SAHARAUSDT | spread=164.28bps | dir=SHORT_LAGGER | bid_ask=-182.12bps ask_bid=164.28bps | leader=binance_futures lagger=gate_futures direction=SHORT_LAGGER bid_ask=-182.12 ask_bid=164.28
2026-02-27T16:21:51.677402Z  INFO lead_lag_classic signal #1544: ENSOUSDT | spread=66.28bps | dir=SHORT_LAGGER | bid_ask=-78.22bps ask_bid=66.28bps | leader=binance_futures lagger=gate_futures direction=SHORT_LAGGER bid_ask=-78.22 ask_bid=66.28
2026-02-27T16:21:51.677536Z  INFO lead_lag_classic signal #1545: POWERUSDT | spread=141.05bps | dir=SHORT_LAGGER | bid_ask=-149.26bps ask_bid=141.05bps | leader=binance_futures lagger=gate_futures direction=SHORT_LAGGER bid_ask=-149.26 ask_bid=141.05
2026-02-27T16:21:51.677602Z  INFO lead_lag_classic signal #1546: SAHARAUSDT | spread=168.56bps | dir=SHORT_LAGGER | bid_ask=-182.12bps ask_bid=168.56bps | leader=binance_futures lagger=gate_futures direction=SHORT_LAGGER bid_ask=-182.12 ask_bid=168.56
2026-02-27T16:21:51.867190Z  INFO lead_lag_classic signal #1547: ENSOUSDT | spread=66.28bps | dir=SHORT_LAGGER | bid_ask=-78.22bps ask_bid=66.28bps | leader=binance_futures lagger=gate_futures direction=SHORT_LAGGER bid_ask=-78.22 ask_bid=66.28
2026-02-27T16:21:51.867317Z  INFO lead_lag_classic signal #1548: POWERUSDT | spread=141.12bps | dir=SHORT_LAGGER | bid_ask=-149.33bps ask_bid=141.12bps | leader=binance_futures lagger=gate_futures direction=SHORT_LAGGER bid_ask=-149.33 ask_bid=141.12
2026-02-27T16:21:51.867373Z  INFO lead_lag_classic signal #1549: SAHARAUSDT | spread=168.56bps | dir=SHORT_LAGGER | bid_ask=-182.12bps ask_bid=168.56bps | leader=binance_futures lagger=gate_futures direction=SHORT_LAGGER bid_ask=-182.12 ask_bid=168.56
2026-02-27T16:21:52.059123Z  INFO lead_lag_classic signal #1550: ENSOUSDT | spread=66.28bps | dir=SHORT_LAGGER | bid_ask=-78.22bps ask_bid=66.28bps | leader=binance_futures lagger=gate_futures direction=SHORT_LAGGER bid_ask=-78.22 ask_bid=66.28
2026-02-27T16:21:52.424602Z  INFO lead_lag_classic signal #1551: ATHUSDT | spread=50.51bps | dir=SHORT_LAGGER | bid_ask=-70.23bps ask_bid=50.51bps | leader=binance_futures lagger=gate_futures direction=SHORT_LAGGER bid_ask=-70.23 ask_bid=50.51
2026-02-27T16:21:52.424695Z  INFO lead_lag_classic signal #1552: ENSOUSDT | spread=66.28bps | dir=SHORT_LAGGER | bid_ask=-78.22bps ask_bid=66.28bps | leader=binance_futures lagger=gate_futures direction=SHORT_LAGGER bid_ask=-78.22 ask_bid=66.28
2026-02-27T16:21:52.424734Z  INFO lead_lag_classic signal #1553: ESPUSDT | spread=30.92bps | dir=SHORT_LAGGER | bid_ask=-41.58bps ask_bid=30.92bps | leader=binance_futures lagger=gate_futures direction=SHORT_LAGGER bid_ask=-41.58 ask_bid=30.92
2026-02-27T16:21:52.424810Z  INFO lead_lag_classic signal #1554: POWERUSDT | spread=137.70bps | dir=SHORT_LAGGER | bid_ask=-155.21bps ask_bid=137.70bps | leader=binance_futures lagger=gate_futures direction=SHORT_LAGGER bid_ask=-155.21 ask_bid=137.70
2026-02-27T16:21:52.424874Z  INFO lead_lag_classic signal #1555: SAHARAUSDT | spread=168.63bps | dir=SHORT_LAGGER | bid_ask=-182.19bps ask_bid=168.63bps | leader=binance_futures lagger=gate_futures direction=SHORT_LAGGER bid_ask=-182.19 ask_bid=168.63
2026-02-27T16:21:52.779348Z  INFO lead_lag_classic signal #1556: ATHUSDT | spread=47.12bps | dir=SHORT_LAGGER | bid_ask=-68.56bps ask_bid=47.12bps | leader=binance_futures lagger=gate_futures direction=SHORT_LAGGER bid_ask=-68.56 ask_bid=47.12
2026-02-27T16:21:52.779497Z  INFO lead_lag_classic signal #1557: POWERUSDT | spread=140.08bps | dir=SHORT_LAGGER | bid_ask=-152.75bps ask_bid=140.08bps | leader=binance_futures lagger=gate_futures direction=SHORT_LAGGER bid_ask=-152.75 ask_bid=140.08
2026-02-27T16:21:52.779550Z  INFO lead_lag_classic signal #1558: SAHARAUSDT | spread=168.63bps | dir=SHORT_LAGGER | bid_ask=-182.19bps ask_bid=168.63bps | leader=binance_futures lagger=gate_futures direction=SHORT_LAGGER bid_ask=-182.19 ask_bid=168.63
2026-02-27T16:21:52.875509Z  INFO lead_lag_classic signal #1559: POWERUSDT | spread=140.08bps | dir=SHORT_LAGGER | bid_ask=-153.07bps ask_bid=140.08bps | leader=binance_futures lagger=gate_futures direction=SHORT_LAGGER bid_ask=-153.07 ask_bid=140.08
2026-02-27T16:21:52.875583Z  INFO lead_lag_classic signal #1560: SAHARAUSDT | spread=168.63bps | dir=SHORT_LAGGER | bid_ask=-182.19bps ask_bid=168.63bps | leader=binance_futures lagger=gate_futures direction=SHORT_LAGGER bid_ask=-182.19 ask_bid=168.63
2026-02-27T16:21:53.007402Z  INFO lead_lag_classic signal #1561: ATHUSDT | spread=47.12bps | dir=SHORT_LAGGER | bid_ask=-68.56bps ask_bid=47.12bps | leader=binance_futures lagger=gate_futures direction=SHORT_LAGGER bid_ask=-68.56 ask_bid=47.12
2026-02-27T16:21:53.007495Z  INFO lead_lag_classic signal #1562: ESPUSDT | spread=30.92bps | dir=SHORT_LAGGER | bid_ask=-40.04bps ask_bid=30.92bps | leader=binance_futures lagger=gate_futures direction=SHORT_LAGGER bid_ask=-40.04 ask_bid=30.92
2026-02-27T16:21:53.251165Z  INFO lead_lag_classic signal #1563: ATHUSDT | spread=47.12bps | dir=SHORT_LAGGER | bid_ask=-68.56bps ask_bid=47.12bps | leader=binance_futures lagger=gate_futures direction=SHORT_LAGGER bid_ask=-68.56 ask_bid=47.12
2026-02-27T16:21:53.251291Z  INFO lead_lag_classic signal #1564: ESPUSDT | spread=31.69bps | dir=SHORT_LAGGER | bid_ask=-41.58bps ask_bid=31.69bps | leader=binance_futures lagger=gate_futures direction=SHORT_LAGGER bid_ask=-41.58 ask_bid=31.69
2026-02-27T16:21:53.251366Z  INFO lead_lag_classic signal #1565: POWERUSDT | spread=141.06bps | dir=SHORT_LAGGER | bid_ask=-150.30bps ask_bid=141.06bps | leader=binance_futures lagger=gate_futures direction=SHORT_LAGGER bid_ask=-150.30 ask_bid=141.06
2026-02-27T16:21:53.251417Z  INFO lead_lag_classic signal #1566: SAHARAUSDT | spread=168.63bps | dir=SHORT_LAGGER | bid_ask=-182.19bps ask_bid=168.63bps | leader=binance_futures lagger=gate_futures direction=SHORT_LAGGER bid_ask=-182.19 ask_bid=168.63
2026-02-27T16:21:53.993462Z  INFO lead_lag_classic signal #1567: ATHUSDT | spread=47.12bps | dir=SHORT_LAGGER | bid_ask=-68.56bps ask_bid=47.12bps | leader=binance_futures lagger=gate_futures direction=SHORT_LAGGER bid_ask=-68.56 ask_bid=47.12
2026-02-27T16:21:53.993619Z  INFO lead_lag_classic signal #1568: POWERUSDT | spread=138.85bps | dir=SHORT_LAGGER | bid_ask=-154.05bps ask_bid=138.85bps | leader=binance_futures lagger=gate_futures direction=SHORT_LAGGER bid_ask=-154.05 ask_bid=138.85
2026-02-27T16:21:53.993682Z  INFO lead_lag_classic signal #1569: SAHARAUSDT | spread=168.56bps | dir=SHORT_LAGGER | bid_ask=-178.05bps ask_bid=168.56bps | leader=binance_futures lagger=gate_futures direction=SHORT_LAGGER bid_ask=-178.05 ask_bid=168.56
2026-02-27T16:21:53.994185Z  INFO Status: tickers=52123 (+994/5s) signals=1569 drift=[n=994 avg=162ms p50=138ms p95=394ms p99=667ms max=1005ms]
2026-02-27T16:21:55.042380Z  INFO Gate NATR refresh: fetched=12 missing=0 batch=12 symbols=43
2026-02-27T16:21:55.206963Z  INFO lead_lag_classic signal #1570: ATHUSDT | spread=50.51bps | dir=SHORT_LAGGER | bid_ask=-68.56bps ask_bid=50.51bps | leader=binance_futures lagger=gate_futures direction=SHORT_LAGGER bid_ask=-68.56 ask_bid=50.51
2026-02-27T16:21:55.207059Z  INFO lead_lag_classic signal #1571: ESPUSDT | spread=30.91bps | dir=SHORT_LAGGER | bid_ask=-39.26bps ask_bid=30.91bps | leader=binance_futures lagger=gate_futures direction=SHORT_LAGGER bid_ask=-39.26 ask_bid=30.91
2026-02-27T16:21:55.207159Z  INFO lead_lag_classic signal #1572: SAHARAUSDT | spread=168.42bps | dir=SHORT_LAGGER | bid_ask=-181.97bps ask_bid=168.42bps | leader=binance_futures lagger=gate_futures direction=SHORT_LAGGER bid_ask=-181.97 ask_bid=168.42
2026-02-27T16:21:55.701719Z  INFO lead_lag_classic signal #1573: ESPUSDT | spread=31.69bps | dir=SHORT_LAGGER | bid_ask=-40.03bps ask_bid=31.69bps | leader=binance_futures lagger=gate_futures direction=SHORT_LAGGER bid_ask=-40.03 ask_bid=31.69
2026-02-27T16:21:56.458595Z  INFO lead_lag_classic signal #1574: ATHUSDT | spread=38.67bps | dir=SHORT_LAGGER | bid_ask=-58.53bps ask_bid=38.67bps | leader=binance_futures lagger=gate_futures direction=SHORT_LAGGER bid_ask=-58.53 ask_bid=38.67
2026-02-27T16:21:56.458723Z  INFO lead_lag_classic signal #1575: ESPUSDT | spread=31.69bps | dir=SHORT_LAGGER | bid_ask=-40.03bps ask_bid=31.69bps | leader=binance_futures lagger=gate_futures direction=SHORT_LAGGER bid_ask=-40.03 ask_bid=31.69
2026-02-27T16:21:56.458825Z  INFO lead_lag_classic signal #1576: POWERUSDT | spread=181.23bps | dir=SHORT_LAGGER | bid_ask=-184.31bps ask_bid=181.23bps | leader=binance_futures lagger=gate_futures direction=SHORT_LAGGER bid_ask=-184.31 ask_bid=181.23
2026-02-27T16:21:56.458896Z  INFO lead_lag_classic signal #1577: SAHARAUSDT | spread=168.49bps | dir=SHORT_LAGGER | bid_ask=-182.04bps ask_bid=168.49bps | leader=binance_futures lagger=gate_futures direction=SHORT_LAGGER bid_ask=-182.04 ask_bid=168.49
2026-02-27T16:21:56.954719Z  INFO lead_lag_classic signal #1578: POWERUSDT | spread=154.18bps | dir=SHORT_LAGGER | bid_ask=-157.16bps ask_bid=154.18bps | leader=binance_futures lagger=gate_futures direction=SHORT_LAGGER bid_ask=-157.16 ask_bid=154.18
2026-02-27T16:21:56.954814Z  INFO lead_lag_classic signal #1579: SAHARAUSDT | spread=164.28bps | dir=SHORT_LAGGER | bid_ask=-177.98bps ask_bid=164.28bps | leader=binance_futures lagger=gate_futures direction=SHORT_LAGGER bid_ask=-177.98 ask_bid=164.28
2026-02-27T16:21:57.918791Z  INFO lead_lag_classic signal #1580: SAHARAUSDT | spread=164.28bps | dir=SHORT_LAGGER | bid_ask=-173.91bps ask_bid=164.28bps | leader=binance_futures lagger=gate_futures direction=SHORT_LAGGER bid_ask=-173.91 ask_bid=164.28
2026-02-27T16:21:58.377212Z  INFO lead_lag_classic signal #1581: ATHUSDT | spread=43.74bps | dir=SHORT_LAGGER | bid_ask=-63.55bps ask_bid=43.74bps | leader=binance_futures lagger=gate_futures direction=SHORT_LAGGER bid_ask=-63.55 ask_bid=43.74
2026-02-27T16:21:58.377323Z  INFO lead_lag_classic signal #1582: ESPUSDT | spread=32.46bps | dir=SHORT_LAGGER | bid_ask=-39.27bps ask_bid=32.46bps | leader=binance_futures lagger=gate_futures direction=SHORT_LAGGER bid_ask=-39.27 ask_bid=32.46
2026-02-27T16:21:58.377419Z  INFO lead_lag_classic signal #1583: POWERUSDT | spread=152.29bps | dir=SHORT_LAGGER | bid_ask=-164.69bps ask_bid=152.29bps | leader=binance_futures lagger=gate_futures direction=SHORT_LAGGER bid_ask=-164.69 ask_bid=152.29
2026-02-27T16:21:58.377488Z  INFO lead_lag_classic signal #1584: SAHARAUSDT | spread=160.00bps | dir=SHORT_LAGGER | bid_ask=-169.77bps ask_bid=160.00bps | leader=binance_futures lagger=gate_futures direction=SHORT_LAGGER bid_ask=-169.77 ask_bid=160.00
2026-02-27T16:21:58.854099Z  INFO lead_lag_classic signal #1585: SAHARAUSDT | spread=164.21bps | dir=SHORT_LAGGER | bid_ask=-177.91bps ask_bid=164.21bps | leader=binance_futures lagger=gate_futures direction=SHORT_LAGGER bid_ask=-177.91 ask_bid=164.21
2026-02-27T16:21:59.174577Z  INFO Status: tickers=53077 (+954/5s) signals=1585 drift=[n=954 avg=165ms p50=118ms p95=459ms p99=895ms max=1420ms]
2026-02-27T16:21:59.558302Z  INFO lead_lag_classic signal #1586: ESPUSDT | spread=31.69bps | dir=SHORT_LAGGER | bid_ask=-38.50bps ask_bid=31.69bps | leader=binance_futures lagger=gate_futures direction=SHORT_LAGGER bid_ask=-38.50 ask_bid=31.69
2026-02-27T16:21:59.558435Z  INFO lead_lag_classic signal #1587: POWERUSDT | spread=142.48bps | dir=SHORT_LAGGER | bid_ask=-147.14bps ask_bid=142.48bps | leader=binance_futures lagger=gate_futures direction=SHORT_LAGGER bid_ask=-147.14 ask_bid=142.48
2026-02-27T16:21:59.558491Z  INFO lead_lag_classic signal #1588: SAHARAUSDT | spread=168.49bps | dir=SHORT_LAGGER | bid_ask=-182.04bps ask_bid=168.49bps | leader=binance_futures lagger=gate_futures direction=SHORT_LAGGER bid_ask=-182.04 ask_bid=168.49
2026-02-27T16:21:59.722486Z  INFO lead_lag_classic signal #1589: ESPUSDT | spread=31.69bps | dir=SHORT_LAGGER | bid_ask=-38.50bps ask_bid=31.69bps | leader=binance_futures lagger=gate_futures direction=SHORT_LAGGER bid_ask=-38.50 ask_bid=31.69
2026-02-27T16:21:59.722613Z  INFO lead_lag_classic signal #1590: POWERUSDT | spread=138.46bps | dir=SHORT_LAGGER | bid_ask=-146.26bps ask_bid=138.46bps | leader=binance_futures lagger=gate_futures direction=SHORT_LAGGER bid_ask=-146.26 ask_bid=138.46
2026-02-27T16:21:59.722659Z  INFO lead_lag_classic signal #1591: SAHARAUSDT | spread=172.78bps | dir=SHORT_LAGGER | bid_ask=-186.18bps ask_bid=172.78bps | leader=binance_futures lagger=gate_futures direction=SHORT_LAGGER bid_ask=-186.18 ask_bid=172.78
2026-02-27T16:22:00.938925Z  INFO lead_lag_classic signal #1592: ATHUSDT | spread=47.12bps | dir=SHORT_LAGGER | bid_ask=-66.89bps ask_bid=47.12bps | leader=binance_futures lagger=gate_futures direction=SHORT_LAGGER bid_ask=-66.89 ask_bid=47.12
2026-02-27T16:22:00.939031Z  INFO lead_lag_classic signal #1593: ENSOUSDT | spread=68.38bps | dir=SHORT_LAGGER | bid_ask=-80.30bps ask_bid=68.38bps | leader=binance_futures lagger=gate_futures direction=SHORT_LAGGER bid_ask=-80.30 ask_bid=68.38
2026-02-27T16:22:00.939128Z  INFO lead_lag_classic signal #1594: POWERUSDT | spread=154.75bps | dir=SHORT_LAGGER | bid_ask=-161.65bps ask_bid=154.75bps | leader=binance_futures lagger=gate_futures direction=SHORT_LAGGER bid_ask=-161.65 ask_bid=154.75
2026-02-27T16:22:00.939199Z  INFO lead_lag_classic signal #1595: SAHARAUSDT | spread=164.14bps | dir=SHORT_LAGGER | bid_ask=-177.83bps ask_bid=164.14bps | leader=binance_futures lagger=gate_futures direction=SHORT_LAGGER bid_ask=-177.83 ask_bid=164.14
2026-02-27T16:22:01.511394Z  INFO lead_lag_classic signal #1596: ATHUSDT | spread=47.12bps | dir=SHORT_LAGGER | bid_ask=-66.89bps ask_bid=47.12bps | leader=binance_futures lagger=gate_futures direction=SHORT_LAGGER bid_ask=-66.89 ask_bid=47.12
2026-02-27T16:22:01.765637Z  INFO lead_lag_classic signal #1597: ENSOUSDT | spread=71.19bps | dir=SHORT_LAGGER | bid_ask=-83.07bps ask_bid=71.19bps | leader=binance_futures lagger=gate_futures direction=SHORT_LAGGER bid_ask=-83.07 ask_bid=71.19
2026-02-27T16:22:01.765714Z  INFO lead_lag_classic signal #1598: ESPUSDT | spread=30.13bps | dir=SHORT_LAGGER | bid_ask=-41.55bps ask_bid=30.13bps | leader=binance_futures lagger=gate_futures direction=SHORT_LAGGER bid_ask=-41.55 ask_bid=30.13
2026-02-27T16:22:01.765836Z  INFO lead_lag_classic signal #1599: POWERUSDT | spread=154.23bps | dir=SHORT_LAGGER | bid_ask=-157.86bps ask_bid=154.23bps | leader=binance_futures lagger=gate_futures direction=SHORT_LAGGER bid_ask=-157.86 ask_bid=154.23
2026-02-27T16:22:01.765909Z  INFO lead_lag_classic signal #1600: SAHARAUSDT | spread=168.42bps | dir=SHORT_LAGGER | bid_ask=-177.91bps ask_bid=168.42bps | leader=binance_futures lagger=gate_futures direction=SHORT_LAGGER bid_ask=-177.91 ask_bid=168.42
2026-02-27T16:22:02.182278Z  INFO lead_lag_classic signal #1601: ENSOUSDT | spread=67.68bps | dir=SHORT_LAGGER | bid_ask=-79.61bps ask_bid=67.68bps | leader=binance_futures lagger=gate_futures direction=SHORT_LAGGER bid_ask=-79.61 ask_bid=67.68
2026-02-27T16:22:02.182424Z  INFO lead_lag_classic signal #1602: POWERUSDT | spread=149.36bps | dir=SHORT_LAGGER | bid_ask=-161.45bps ask_bid=149.36bps | leader=binance_futures lagger=gate_futures direction=SHORT_LAGGER bid_ask=-161.45 ask_bid=149.36
2026-02-27T16:22:02.182487Z  INFO lead_lag_classic signal #1603: SAHARAUSDT | spread=164.14bps | dir=SHORT_LAGGER | bid_ask=-173.77bps ask_bid=164.14bps | leader=binance_futures lagger=gate_futures direction=SHORT_LAGGER bid_ask=-173.77 ask_bid=164.14
2026-02-27T16:22:02.342554Z  INFO lead_lag_classic signal #1604: PIPPINUSDT | spread=31.72bps | dir=SHORT_LAGGER | bid_ask=-55.59bps ask_bid=31.72bps | leader=binance_futures lagger=gate_futures direction=SHORT_LAGGER bid_ask=-55.59 ask_bid=31.72
2026-02-27T16:22:02.342642Z  INFO lead_lag_classic signal #1605: SAHARAUSDT | spread=164.14bps | dir=SHORT_LAGGER | bid_ask=-173.77bps ask_bid=164.14bps | leader=binance_futures lagger=gate_futures direction=SHORT_LAGGER bid_ask=-173.77 ask_bid=164.14
2026-02-27T16:22:02.738125Z  INFO lead_lag_classic signal #1606: ATHUSDT | spread=47.12bps | dir=SHORT_LAGGER | bid_ask=-66.89bps ask_bid=47.12bps | leader=binance_futures lagger=gate_futures direction=SHORT_LAGGER bid_ask=-66.89 ask_bid=47.12
2026-02-27T16:22:03.681808Z  INFO lead_lag_classic signal #1607: ATHUSDT | spread=47.12bps | dir=SHORT_LAGGER | bid_ask=-66.89bps ask_bid=47.12bps | leader=binance_futures lagger=gate_futures direction=SHORT_LAGGER bid_ask=-66.89 ask_bid=47.12
2026-02-27T16:22:03.681902Z  INFO lead_lag_classic signal #1608: BULLAUSDT | spread=57.69bps | dir=LONG_LAGGER | bid_ask=57.69bps ask_bid=-127.38bps | leader=binance_futures lagger=gate_futures direction=LONG_LAGGER bid_ask=57.69 ask_bid=-127.38
2026-02-27T16:22:03.681968Z  INFO lead_lag_classic signal #1609: ESPUSDT | spread=30.90bps | dir=SHORT_LAGGER | bid_ask=-40.01bps ask_bid=30.90bps | leader=binance_futures lagger=gate_futures direction=SHORT_LAGGER bid_ask=-40.01 ask_bid=30.90
2026-02-27T16:22:03.682074Z  INFO lead_lag_classic signal #1610: POWERUSDT | spread=142.89bps | dir=SHORT_LAGGER | bid_ask=-154.94bps ask_bid=142.89bps | leader=binance_futures lagger=gate_futures direction=SHORT_LAGGER bid_ask=-154.94 ask_bid=142.89
2026-02-27T16:22:03.682140Z  INFO lead_lag_classic signal #1611: SAHARAUSDT | spread=168.28bps | dir=SHORT_LAGGER | bid_ask=-173.70bps ask_bid=168.28bps | leader=binance_futures lagger=gate_futures direction=SHORT_LAGGER bid_ask=-173.70 ask_bid=168.28
2026-02-27T16:22:04.559887Z  INFO lead_lag_classic signal #1612: ESPUSDT | spread=30.90bps | dir=SHORT_LAGGER | bid_ask=-40.01bps ask_bid=30.90bps | leader=binance_futures lagger=gate_futures direction=SHORT_LAGGER bid_ask=-40.01 ask_bid=30.90
2026-02-27T16:22:04.560014Z  INFO lead_lag_classic signal #1613: POWERUSDT | spread=146.29bps | dir=SHORT_LAGGER | bid_ask=-154.75bps ask_bid=146.29bps | leader=binance_futures lagger=gate_futures direction=SHORT_LAGGER bid_ask=-154.75 ask_bid=146.29
2026-02-27T16:22:04.560069Z  INFO lead_lag_classic signal #1614: SAHARAUSDT | spread=168.21bps | dir=SHORT_LAGGER | bid_ask=-177.69bps ask_bid=168.21bps | leader=binance_futures lagger=gate_futures direction=SHORT_LAGGER bid_ask=-177.69 ask_bid=168.21
2026-02-27T16:22:04.560572Z  INFO Status: tickers=54040 (+963/5s) signals=1614 drift=[n=963 avg=164ms p50=140ms p95=389ms p99=803ms max=1101ms]
2026-02-27T16:22:05.025940Z  INFO lead_lag_classic signal #1615: ATHUSDT | spread=35.30bps | dir=SHORT_LAGGER | bid_ask=-56.86bps ask_bid=35.30bps | leader=binance_futures lagger=gate_futures direction=SHORT_LAGGER bid_ask=-56.86 ask_bid=35.30
2026-02-27T16:22:05.026163Z  INFO lead_lag_classic signal #1616: BULLAUSDT | spread=57.69bps | dir=LONG_LAGGER | bid_ask=57.69bps ask_bid=-127.38bps | leader=binance_futures lagger=gate_futures direction=LONG_LAGGER bid_ask=57.69 ask_bid=-127.38
2026-02-27T16:22:05.026235Z  INFO lead_lag_classic signal #1617: ESPUSDT | spread=31.67bps | dir=SHORT_LAGGER | bid_ask=-40.78bps ask_bid=31.67bps | leader=binance_futures lagger=gate_futures direction=SHORT_LAGGER bid_ask=-40.78 ask_bid=31.67
2026-02-27T16:22:05.026333Z  INFO lead_lag_classic signal #1618: POWERUSDT | spread=136.86bps | dir=SHORT_LAGGER | bid_ask=-149.92bps ask_bid=136.86bps | leader=binance_futures lagger=gate_futures direction=SHORT_LAGGER bid_ask=-149.92 ask_bid=136.86
2026-02-27T16:22:05.026389Z  INFO lead_lag_classic signal #1619: SAHARAUSDT | spread=164.00bps | dir=SHORT_LAGGER | bid_ask=-177.69bps ask_bid=164.00bps | leader=binance_futures lagger=gate_futures direction=SHORT_LAGGER bid_ask=-177.69 ask_bid=164.00
2026-02-27T16:22:05.572276Z  INFO lead_lag_classic signal #1620: BULLAUSDT | spread=57.69bps | dir=LONG_LAGGER | bid_ask=57.69bps ask_bid=-127.38bps | leader=binance_futures lagger=gate_futures direction=LONG_LAGGER bid_ask=57.69 ask_bid=-127.38
2026-02-27T16:22:05.572424Z  INFO lead_lag_classic signal #1621: POWERUSDT | spread=145.58bps | dir=SHORT_LAGGER | bid_ask=-152.34bps ask_bid=145.58bps | leader=binance_futures lagger=gate_futures direction=SHORT_LAGGER bid_ask=-152.34 ask_bid=145.58
2026-02-27T16:22:06.709166Z  INFO lead_lag_classic signal #1622: BULLAUSDT | spread=57.69bps | dir=LONG_LAGGER | bid_ask=57.69bps ask_bid=-127.38bps | leader=binance_futures lagger=gate_futures direction=LONG_LAGGER bid_ask=57.69 ask_bid=-127.38
2026-02-27T16:22:06.709326Z  INFO lead_lag_classic signal #1623: POWERUSDT | spread=142.45bps | dir=SHORT_LAGGER | bid_ask=-151.03bps ask_bid=142.45bps | leader=binance_futures lagger=gate_futures direction=SHORT_LAGGER bid_ask=-151.03 ask_bid=142.45
2026-02-27T16:22:06.709392Z  INFO lead_lag_classic signal #1624: SAHARAUSDT | spread=155.46bps | dir=SHORT_LAGGER | bid_ask=-169.42bps ask_bid=155.46bps | leader=binance_futures lagger=gate_futures direction=SHORT_LAGGER bid_ask=-169.42 ask_bid=155.46
2026-02-27T16:22:08.045225Z  INFO lead_lag_classic signal #1625: ATHUSDT | spread=43.74bps | dir=SHORT_LAGGER | bid_ask=-65.22bps ask_bid=43.74bps | leader=binance_futures lagger=gate_futures direction=SHORT_LAGGER bid_ask=-65.22 ask_bid=43.74
2026-02-27T16:22:08.045368Z  INFO lead_lag_classic signal #1626: ESPUSDT | spread=30.90bps | dir=SHORT_LAGGER | bid_ask=-37.71bps ask_bid=30.90bps | leader=binance_futures lagger=gate_futures direction=SHORT_LAGGER bid_ask=-37.71 ask_bid=30.90
2026-02-27T16:22:08.045459Z  INFO lead_lag_classic signal #1627: POWERUSDT | spread=141.75bps | dir=SHORT_LAGGER | bid_ask=-149.72bps ask_bid=141.75bps | leader=binance_futures lagger=gate_futures direction=SHORT_LAGGER bid_ask=-149.72 ask_bid=141.75
2026-02-27T16:22:08.045513Z  INFO lead_lag_classic signal #1628: SAHARAUSDT | spread=163.87bps | dir=SHORT_LAGGER | bid_ask=-177.54bps ask_bid=163.87bps | leader=binance_futures lagger=gate_futures direction=SHORT_LAGGER bid_ask=-177.54 ask_bid=163.87
2026-02-27T16:22:08.214929Z  INFO lead_lag_classic signal #1629: PIPPINUSDT | spread=30.85bps | dir=LONG_LAGGER | bid_ask=30.85bps ask_bid=-34.07bps | leader=binance_futures lagger=gate_futures direction=LONG_LAGGER bid_ask=30.85 ask_bid=-34.07
2026-02-27T16:22:08.215004Z  INFO lead_lag_classic signal #1630: POWERUSDT | spread=141.56bps | dir=SHORT_LAGGER | bid_ask=-147.75bps ask_bid=141.56bps | leader=binance_futures lagger=gate_futures direction=SHORT_LAGGER bid_ask=-147.75 ask_bid=141.56
2026-02-27T16:22:09.836798Z  INFO lead_lag_classic signal #1631: ATHUSDT | spread=45.43bps | dir=SHORT_LAGGER | bid_ask=-68.56bps ask_bid=45.43bps | leader=binance_futures lagger=gate_futures direction=SHORT_LAGGER bid_ask=-68.56 ask_bid=45.43
2026-02-27T16:22:09.836964Z  INFO lead_lag_classic signal #1632: POWERUSDT | spread=151.92bps | dir=SHORT_LAGGER | bid_ask=-161.44bps ask_bid=151.92bps | leader=binance_futures lagger=gate_futures direction=SHORT_LAGGER bid_ask=-161.44 ask_bid=151.92
2026-02-27T16:22:09.837033Z  INFO lead_lag_classic signal #1633: SAHARAUSDT | spread=171.91bps | dir=SHORT_LAGGER | bid_ask=-181.22bps ask_bid=171.91bps | leader=binance_futures lagger=gate_futures direction=SHORT_LAGGER bid_ask=-181.22 ask_bid=171.91
2026-02-27T16:22:09.837511Z  INFO Status: tickers=55008 (+968/5s) signals=1633 drift=[n=968 avg=183ms p50=141ms p95=508ms p99=839ms max=1142ms]
2026-02-27T16:22:10.027712Z  INFO lead_lag_classic signal #1634: ATHUSDT | spread=48.81bps | dir=SHORT_LAGGER | bid_ask=-70.23bps ask_bid=48.81bps | leader=binance_futures lagger=gate_futures direction=SHORT_LAGGER bid_ask=-70.23 ask_bid=48.81
2026-02-27T16:22:10.027843Z  INFO lead_lag_classic signal #1635: POWERUSDT | spread=152.44bps | dir=SHORT_LAGGER | bid_ask=-162.01bps ask_bid=152.44bps | leader=binance_futures lagger=gate_futures direction=SHORT_LAGGER bid_ask=-162.01 ask_bid=152.44
2026-02-27T16:22:10.027912Z  INFO lead_lag_classic signal #1636: SAHARAUSDT | spread=167.64bps | dir=SHORT_LAGGER | bid_ask=-177.10bps ask_bid=167.64bps | leader=binance_futures lagger=gate_futures direction=SHORT_LAGGER bid_ask=-177.10 ask_bid=167.64
2026-02-27T16:22:10.181156Z  INFO lead_lag_classic signal #1637: POWERUSDT | spread=152.12bps | dir=SHORT_LAGGER | bid_ask=-160.31bps ask_bid=152.12bps | leader=binance_futures lagger=gate_futures direction=SHORT_LAGGER bid_ask=-160.31 ask_bid=152.12
2026-02-27T16:22:10.181244Z  INFO lead_lag_classic signal #1638: SAHARAUSDT | spread=171.91bps | dir=SHORT_LAGGER | bid_ask=-181.22bps ask_bid=171.91bps | leader=binance_futures lagger=gate_futures direction=SHORT_LAGGER bid_ask=-181.22 ask_bid=171.91
2026-02-27T16:22:10.332658Z  INFO lead_lag_classic signal #1639: ATHUSDT | spread=48.81bps | dir=SHORT_LAGGER | bid_ask=-70.23bps ask_bid=48.81bps | leader=binance_futures lagger=gate_futures direction=SHORT_LAGGER bid_ask=-70.23 ask_bid=48.81
2026-02-27T16:22:10.332767Z  INFO lead_lag_classic signal #1640: ESPUSDT | spread=30.13bps | dir=SHORT_LAGGER | bid_ask=-39.25bps ask_bid=30.13bps | leader=binance_futures lagger=gate_futures direction=SHORT_LAGGER bid_ask=-39.25 ask_bid=30.13
2026-02-27T16:22:10.332848Z  INFO lead_lag_classic signal #1641: POWERUSDT | spread=160.06bps | dir=SHORT_LAGGER | bid_ask=-166.68bps ask_bid=160.06bps | leader=binance_futures lagger=gate_futures direction=SHORT_LAGGER bid_ask=-166.68 ask_bid=160.06
2026-02-27T16:22:10.332913Z  INFO lead_lag_classic signal #1642: SAHARAUSDT | spread=176.17bps | dir=SHORT_LAGGER | bid_ask=-185.34bps ask_bid=176.17bps | leader=binance_futures lagger=gate_futures direction=SHORT_LAGGER bid_ask=-185.34 ask_bid=176.17
2026-02-27T16:22:11.460206Z  INFO lead_lag_classic signal #1643: ATHUSDT | spread=43.74bps | dir=SHORT_LAGGER | bid_ask=-65.22bps ask_bid=43.74bps | leader=binance_futures lagger=gate_futures direction=SHORT_LAGGER bid_ask=-65.22 ask_bid=43.74
2026-02-27T16:22:11.460380Z  INFO lead_lag_classic signal #1644: POWERUSDT | spread=157.24bps | dir=SHORT_LAGGER | bid_ask=-167.58bps ask_bid=157.24bps | leader=binance_futures lagger=gate_futures direction=SHORT_LAGGER bid_ask=-167.58 ask_bid=157.24
2026-02-27T16:22:11.460456Z  INFO lead_lag_classic signal #1645: SAHARAUSDT | spread=171.98bps | dir=SHORT_LAGGER | bid_ask=-181.29bps ask_bid=171.98bps | leader=binance_futures lagger=gate_futures direction=SHORT_LAGGER bid_ask=-181.29 ask_bid=171.98
2026-02-27T16:22:13.683674Z  INFO lead_lag_classic signal #1646: ATHUSDT | spread=43.74bps | dir=SHORT_LAGGER | bid_ask=-65.22bps ask_bid=43.74bps | leader=binance_futures lagger=gate_futures direction=SHORT_LAGGER bid_ask=-65.22 ask_bid=43.74
2026-02-27T16:22:14.121877Z  INFO lead_lag_classic signal #1647: ENSOUSDT | spread=69.09bps | dir=SHORT_LAGGER | bid_ask=-80.99bps ask_bid=69.09bps | leader=binance_futures lagger=gate_futures direction=SHORT_LAGGER bid_ask=-80.99 ask_bid=69.09
2026-02-27T16:22:14.122013Z  INFO lead_lag_classic signal #1648: ESPUSDT | spread=30.90bps | dir=SHORT_LAGGER | bid_ask=-35.42bps ask_bid=30.90bps | leader=binance_futures lagger=gate_futures direction=SHORT_LAGGER bid_ask=-35.42 ask_bid=30.90
2026-02-27T16:22:14.588880Z  INFO lead_lag_classic signal #1649: BULLAUSDT | spread=57.69bps | dir=LONG_LAGGER | bid_ask=57.69bps ask_bid=-127.38bps | leader=binance_futures lagger=gate_futures direction=LONG_LAGGER bid_ask=57.69 ask_bid=-127.38
2026-02-27T16:22:14.588973Z  INFO lead_lag_classic signal #1650: ENSOUSDT | spread=69.09bps | dir=SHORT_LAGGER | bid_ask=-80.99bps ask_bid=69.09bps | leader=binance_futures lagger=gate_futures direction=SHORT_LAGGER bid_ask=-80.99 ask_bid=69.09
2026-02-27T16:22:14.589015Z  INFO lead_lag_classic signal #1651: ESPUSDT | spread=30.90bps | dir=SHORT_LAGGER | bid_ask=-35.42bps ask_bid=30.90bps | leader=binance_futures lagger=gate_futures direction=SHORT_LAGGER bid_ask=-35.42 ask_bid=30.90
2026-02-27T16:22:14.589106Z  INFO lead_lag_classic signal #1652: POWERUSDT | spread=143.83bps | dir=SHORT_LAGGER | bid_ask=-150.81bps ask_bid=143.83bps | leader=binance_futures lagger=gate_futures direction=SHORT_LAGGER bid_ask=-150.81 ask_bid=143.83
2026-02-27T16:22:14.589169Z  INFO lead_lag_classic signal #1653: SAHARAUSDT | spread=167.43bps | dir=SHORT_LAGGER | bid_ask=-172.84bps ask_bid=167.43bps | leader=binance_futures lagger=gate_futures direction=SHORT_LAGGER bid_ask=-172.84 ask_bid=167.43
2026-02-27T16:22:17.534528Z  INFO lead_lag_classic signal #1654: ATHUSDT | spread=45.51bps | dir=SHORT_LAGGER | bid_ask=-65.33bps ask_bid=45.51bps | leader=binance_futures lagger=gate_futures direction=SHORT_LAGGER bid_ask=-65.33 ask_bid=45.51
2026-02-27T16:22:17.534695Z  INFO lead_lag_classic signal #1655: POWERUSDT | spread=156.32bps | dir=SHORT_LAGGER | bid_ask=-163.06bps ask_bid=156.32bps | leader=binance_futures lagger=gate_futures direction=SHORT_LAGGER bid_ask=-163.06 ask_bid=156.32
2026-02-27T16:22:17.535406Z  INFO Status: tickers=56400 (+1392/5s) signals=1655 drift=[n=1392 avg=179ms p50=144ms p95=465ms p99=914ms max=1215ms]
2026-02-27T16:22:17.811301Z  INFO lead_lag_classic signal #1656: ATHUSDT | spread=45.51bps | dir=SHORT_LAGGER | bid_ask=-65.33bps ask_bid=45.51bps | leader=binance_futures lagger=gate_futures direction=SHORT_LAGGER bid_ask=-65.33 ask_bid=45.51
2026-02-27T16:22:17.811451Z  INFO lead_lag_classic signal #1657: POWERUSDT | spread=156.39bps | dir=SHORT_LAGGER | bid_ask=-161.61bps ask_bid=156.39bps | leader=binance_futures lagger=gate_futures direction=SHORT_LAGGER bid_ask=-161.61 ask_bid=156.39
2026-02-27T16:22:18.528123Z  INFO lead_lag_classic signal #1658: ENSOUSDT | spread=68.36bps | dir=SHORT_LAGGER | bid_ask=-86.45bps ask_bid=68.36bps | leader=binance_futures lagger=gate_futures direction=SHORT_LAGGER bid_ask=-86.45 ask_bid=68.36
2026-02-27T16:22:18.528272Z  INFO lead_lag_classic signal #1659: POWERUSDT | spread=141.41bps | dir=SHORT_LAGGER | bid_ask=-149.86bps ask_bid=141.41bps | leader=binance_futures lagger=gate_futures direction=SHORT_LAGGER bid_ask=-149.86 ask_bid=141.41
2026-02-27T16:22:18.528327Z  INFO lead_lag_classic signal #1660: SAHARAUSDT | spread=184.02bps | dir=SHORT_LAGGER | bid_ask=-192.86bps ask_bid=184.02bps | leader=binance_futures lagger=gate_futures direction=SHORT_LAGGER bid_ask=-192.86 ask_bid=184.02
2026-02-27T16:22:19.727908Z  INFO lead_lag_classic signal #1661: ATHUSDT | spread=40.43bps | dir=SHORT_LAGGER | bid_ask=-60.30bps ask_bid=40.43bps | leader=binance_futures lagger=gate_futures direction=SHORT_LAGGER bid_ask=-60.30 ask_bid=40.43
2026-02-27T16:22:19.728003Z  INFO lead_lag_classic signal #1662: ENSOUSDT | spread=69.73bps | dir=SHORT_LAGGER | bid_ask=-83.67bps ask_bid=69.73bps | leader=binance_futures lagger=gate_futures direction=SHORT_LAGGER bid_ask=-83.67 ask_bid=69.73
2026-02-27T16:22:19.728117Z  INFO lead_lag_classic signal #1663: POWERUSDT | spread=147.62bps | dir=SHORT_LAGGER | bid_ask=-153.36bps ask_bid=147.62bps | leader=binance_futures lagger=gate_futures direction=SHORT_LAGGER bid_ask=-153.36 ask_bid=147.62
2026-02-27T16:22:19.728207Z  INFO lead_lag_classic signal #1664: SAHARAUSDT | spread=179.69bps | dir=SHORT_LAGGER | bid_ask=-188.68bps ask_bid=179.69bps | leader=binance_futures lagger=gate_futures direction=SHORT_LAGGER bid_ask=-188.68 ask_bid=179.69
2026-02-27T16:22:22.207308Z  INFO lead_lag_classic signal #1665: ATHUSDT | spread=45.43bps | dir=SHORT_LAGGER | bid_ask=-63.55bps ask_bid=45.43bps | leader=binance_futures lagger=gate_futures direction=SHORT_LAGGER bid_ask=-63.55 ask_bid=45.43
2026-02-27T16:22:22.207410Z  INFO lead_lag_classic signal #1666: ENSOUSDT | spread=69.67bps | dir=SHORT_LAGGER | bid_ask=-85.65bps ask_bid=69.67bps | leader=binance_futures lagger=gate_futures direction=SHORT_LAGGER bid_ask=-85.65 ask_bid=69.67
2026-02-27T16:22:22.207512Z  INFO lead_lag_classic signal #1667: POWERUSDT | spread=150.35bps | dir=SHORT_LAGGER | bid_ask=-157.55bps ask_bid=150.35bps | leader=binance_futures lagger=gate_futures direction=SHORT_LAGGER bid_ask=-157.55 ask_bid=150.35
2026-02-27T16:22:22.207578Z  INFO lead_lag_classic signal #1668: SAHARAUSDT | spread=175.51bps | dir=SHORT_LAGGER | bid_ask=-184.73bps ask_bid=175.51bps | leader=binance_futures lagger=gate_futures direction=SHORT_LAGGER bid_ask=-184.73 ask_bid=175.51
2026-02-27T16:22:24.206623Z  INFO Status: tickers=57582 (+1182/5s) signals=1668 drift=[n=1182 avg=173ms p50=144ms p95=420ms p99=826ms max=1353ms]
2026-02-27T16:22:25.952621Z  INFO lead_lag_classic signal #1669: POWERUSDT | spread=154.41bps | dir=SHORT_LAGGER | bid_ask=-161.45bps ask_bid=154.41bps | leader=binance_futures lagger=gate_futures direction=SHORT_LAGGER bid_ask=-161.45 ask_bid=154.41
2026-02-27T16:22:25.952727Z  INFO lead_lag_classic signal #1670: SAHARAUSDT | spread=171.26bps | dir=SHORT_LAGGER | bid_ask=-180.55bps ask_bid=171.26bps | leader=binance_futures lagger=gate_futures direction=SHORT_LAGGER bid_ask=-180.55 ask_bid=171.26
2026-02-27T16:22:26.727376Z  INFO lead_lag_classic signal #1671: ATHUSDT | spread=40.36bps | dir=SHORT_LAGGER | bid_ask=-58.53bps ask_bid=40.36bps | leader=binance_futures lagger=gate_futures direction=SHORT_LAGGER bid_ask=-58.53 ask_bid=40.36
2026-02-27T16:22:26.727547Z  INFO lead_lag_classic signal #1672: POWERUSDT | spread=148.65bps | dir=SHORT_LAGGER | bid_ask=-160.36bps ask_bid=148.65bps | leader=binance_futures lagger=gate_futures direction=SHORT_LAGGER bid_ask=-160.36 ask_bid=148.65
2026-02-27T16:22:26.727613Z  INFO lead_lag_classic signal #1673: SAHARAUSDT | spread=188.05bps | dir=SHORT_LAGGER | bid_ask=-196.72bps ask_bid=188.05bps | leader=binance_futures lagger=gate_futures direction=SHORT_LAGGER bid_ask=-196.72 ask_bid=188.05
2026-02-27T16:22:27.125438Z  INFO lead_lag_classic signal #1674: ATHUSDT | spread=38.67bps | dir=SHORT_LAGGER | bid_ask=-56.86bps ask_bid=38.67bps | leader=binance_futures lagger=gate_futures direction=SHORT_LAGGER bid_ask=-56.86 ask_bid=38.67
2026-02-27T16:22:27.125539Z  INFO lead_lag_classic signal #1675: ENSOUSDT | spread=64.70bps | dir=SHORT_LAGGER | bid_ask=-82.12bps ask_bid=64.70bps | leader=binance_futures lagger=gate_futures direction=SHORT_LAGGER bid_ask=-82.12 ask_bid=64.70
2026-02-27T16:22:27.125633Z  INFO lead_lag_classic signal #1676: POWERUSDT | spread=161.04bps | dir=SHORT_LAGGER | bid_ask=-167.67bps ask_bid=161.04bps | leader=binance_futures lagger=gate_futures direction=SHORT_LAGGER bid_ask=-167.67 ask_bid=161.04
2026-02-27T16:22:27.125685Z  INFO lead_lag_classic signal #1677: SAHARAUSDT | spread=167.22bps | dir=SHORT_LAGGER | bid_ask=-180.70bps ask_bid=167.22bps | leader=binance_futures lagger=gate_futures direction=SHORT_LAGGER bid_ask=-180.70 ask_bid=167.22
2026-02-27T16:22:27.511629Z  INFO lead_lag_classic signal #1678: ENSOUSDT | spread=64.70bps | dir=SHORT_LAGGER | bid_ask=-82.12bps ask_bid=64.70bps | leader=binance_futures lagger=gate_futures direction=SHORT_LAGGER bid_ask=-82.12 ask_bid=64.70
2026-02-27T16:22:28.298876Z  INFO lead_lag_classic signal #1679: ATHUSDT | spread=38.67bps | dir=SHORT_LAGGER | bid_ask=-58.53bps ask_bid=38.67bps | leader=binance_futures lagger=gate_futures direction=SHORT_LAGGER bid_ask=-58.53 ask_bid=38.67
2026-02-27T16:22:28.298995Z  INFO lead_lag_classic signal #1680: ENSOUSDT | spread=60.50bps | dir=SHORT_LAGGER | bid_ask=-78.66bps ask_bid=60.50bps | leader=binance_futures lagger=gate_futures direction=SHORT_LAGGER bid_ask=-78.66 ask_bid=60.50
2026-02-27T16:22:28.299102Z  INFO lead_lag_classic signal #1681: POWERUSDT | spread=156.76bps | dir=SHORT_LAGGER | bid_ask=-159.43bps ask_bid=156.76bps | leader=binance_futures lagger=gate_futures direction=SHORT_LAGGER bid_ask=-159.43 ask_bid=156.76
2026-02-27T16:22:28.299163Z  INFO lead_lag_classic signal #1682: SAHARAUSDT | spread=154.42bps | dir=SHORT_LAGGER | bid_ask=-164.27bps ask_bid=154.42bps | leader=binance_futures lagger=gate_futures direction=SHORT_LAGGER bid_ask=-164.27 ask_bid=154.42
2026-02-27T16:22:28.459873Z  INFO lead_lag_classic signal #1683: ENSOUSDT | spread=59.81bps | dir=SHORT_LAGGER | bid_ask=-77.97bps ask_bid=59.81bps | leader=binance_futures lagger=gate_futures direction=SHORT_LAGGER bid_ask=-77.97 ask_bid=59.81
2026-02-27T16:22:28.460002Z  INFO lead_lag_classic signal #1684: POWERUSDT | spread=154.75bps | dir=SHORT_LAGGER | bid_ask=-156.79bps ask_bid=154.75bps | leader=binance_futures lagger=gate_futures direction=SHORT_LAGGER bid_ask=-156.79 ask_bid=154.75
2026-02-27T16:22:28.460062Z  INFO lead_lag_classic signal #1685: SAHARAUSDT | spread=150.19bps | dir=SHORT_LAGGER | bid_ask=-160.16bps ask_bid=150.19bps | leader=binance_futures lagger=gate_futures direction=SHORT_LAGGER bid_ask=-160.16 ask_bid=150.19
2026-02-27T16:22:28.858933Z  INFO lead_lag_classic signal #1686: POWERUSDT | spread=155.85bps | dir=SHORT_LAGGER | bid_ask=-166.89bps ask_bid=155.85bps | leader=binance_futures lagger=gate_futures direction=SHORT_LAGGER bid_ask=-166.89 ask_bid=155.85
2026-02-27T16:22:28.859031Z  INFO lead_lag_classic signal #1687: SAHARAUSDT | spread=166.94bps | dir=SHORT_LAGGER | bid_ask=-180.40bps ask_bid=166.94bps | leader=binance_futures lagger=gate_futures direction=SHORT_LAGGER bid_ask=-180.40 ask_bid=166.94
2026-02-27T16:22:29.034158Z  INFO lead_lag_classic signal #1688: ENSOUSDT | spread=59.80bps | dir=SHORT_LAGGER | bid_ask=-77.28bps ask_bid=59.80bps | leader=binance_futures lagger=gate_futures direction=SHORT_LAGGER bid_ask=-77.28 ask_bid=59.80
2026-02-27T16:22:29.034329Z  INFO lead_lag_classic signal #1689: POWERUSDT | spread=156.88bps | dir=SHORT_LAGGER | bid_ask=-168.27bps ask_bid=156.88bps | leader=binance_futures lagger=gate_futures direction=SHORT_LAGGER bid_ask=-168.27 ask_bid=156.88
2026-02-27T16:22:29.034392Z  INFO lead_lag_classic signal #1690: SAHARAUSDT | spread=166.94bps | dir=SHORT_LAGGER | bid_ask=-180.40bps ask_bid=166.94bps | leader=binance_futures lagger=gate_futures direction=SHORT_LAGGER bid_ask=-180.40 ask_bid=166.94
2026-02-27T16:22:29.407106Z  INFO Status: tickers=58462 (+880/5s) signals=1690 drift=[n=880 avg=181ms p50=148ms p95=476ms p99=745ms max=1047ms]
2026-02-27T16:22:30.127000Z  INFO lead_lag_classic signal #1691: ENSOUSDT | spread=66.10bps | dir=SHORT_LAGGER | bid_ask=-80.75bps ask_bid=66.10bps | leader=binance_futures lagger=gate_futures direction=SHORT_LAGGER bid_ask=-80.75 ask_bid=66.10
2026-02-27T16:22:30.127132Z  INFO lead_lag_classic signal #1692: POWERUSDT | spread=151.77bps | dir=SHORT_LAGGER | bid_ask=-156.90bps ask_bid=151.77bps | leader=binance_futures lagger=gate_futures direction=SHORT_LAGGER bid_ask=-156.90 ask_bid=151.77
2026-02-27T16:22:30.127189Z  INFO lead_lag_classic signal #1693: SAHARAUSDT | spread=163.11bps | dir=SHORT_LAGGER | bid_ask=-180.85bps ask_bid=163.11bps | leader=binance_futures lagger=gate_futures direction=SHORT_LAGGER bid_ask=-180.85 ask_bid=163.11
2026-02-27T16:22:32.320069Z  INFO lead_lag_classic signal #1694: ENSOUSDT | spread=69.59bps | dir=SHORT_LAGGER | bid_ask=-82.82bps ask_bid=69.59bps | leader=binance_futures lagger=gate_futures direction=SHORT_LAGGER bid_ask=-82.82 ask_bid=69.59
2026-02-27T16:22:32.320254Z  INFO lead_lag_classic signal #1695: SAHARAUSDT | spread=171.62bps | dir=SHORT_LAGGER | bid_ask=-180.92bps ask_bid=171.62bps | leader=binance_futures lagger=gate_futures direction=SHORT_LAGGER bid_ask=-180.92 ask_bid=171.62
2026-02-27T16:22:32.659457Z  INFO lead_lag_classic signal #1696: ATHUSDT | spread=43.82bps | dir=SHORT_LAGGER | bid_ask=-65.33bps ask_bid=43.82bps | leader=binance_futures lagger=gate_futures direction=SHORT_LAGGER bid_ask=-65.33 ask_bid=43.82
2026-02-27T16:22:32.659554Z  INFO lead_lag_classic signal #1697: ENSOUSDT | spread=69.59bps | dir=SHORT_LAGGER | bid_ask=-82.82bps ask_bid=69.59bps | leader=binance_futures lagger=gate_futures direction=SHORT_LAGGER bid_ask=-82.82 ask_bid=69.59
2026-02-27T16:22:32.659593Z  INFO lead_lag_classic signal #1698: ESPUSDT | spread=30.87bps | dir=SHORT_LAGGER | bid_ask=-35.37bps ask_bid=30.87bps | leader=binance_futures lagger=gate_futures direction=SHORT_LAGGER bid_ask=-35.37 ask_bid=30.87
2026-02-27T16:22:33.068555Z  INFO lead_lag_classic signal #1699: ATHUSDT | spread=45.51bps | dir=SHORT_LAGGER | bid_ask=-65.33bps ask_bid=45.51bps | leader=binance_futures lagger=gate_futures direction=SHORT_LAGGER bid_ask=-65.33 ask_bid=45.51
2026-02-27T16:22:33.068655Z  INFO lead_lag_classic signal #1700: ESPUSDT | spread=30.87bps | dir=SHORT_LAGGER | bid_ask=-35.37bps ask_bid=30.87bps | leader=binance_futures lagger=gate_futures direction=SHORT_LAGGER bid_ask=-35.37 ask_bid=30.87
2026-02-27T16:22:33.068747Z  INFO lead_lag_classic signal #1701: POWERUSDT | spread=161.63bps | dir=SHORT_LAGGER | bid_ask=-166.28bps ask_bid=161.63bps | leader=binance_futures lagger=gate_futures direction=SHORT_LAGGER bid_ask=-166.28 ask_bid=161.63
2026-02-27T16:22:33.068810Z  INFO lead_lag_classic signal #1702: SAHARAUSDT | spread=171.69bps | dir=SHORT_LAGGER | bid_ask=-176.95bps ask_bid=171.69bps | leader=binance_futures lagger=gate_futures direction=SHORT_LAGGER bid_ask=-176.95 ask_bid=171.69
2026-02-27T16:22:33.959218Z  INFO lead_lag_classic signal #1703: ATHUSDT | spread=45.51bps | dir=SHORT_LAGGER | bid_ask=-67.00bps ask_bid=45.51bps | leader=binance_futures lagger=gate_futures direction=SHORT_LAGGER bid_ask=-67.00 ask_bid=45.51
2026-02-27T16:22:33.959335Z  INFO lead_lag_classic signal #1704: ENSOUSDT | spread=69.59bps | dir=SHORT_LAGGER | bid_ask=-83.51bps ask_bid=69.59bps | leader=binance_futures lagger=gate_futures direction=SHORT_LAGGER bid_ask=-83.51 ask_bid=69.59
2026-02-27T16:22:33.959452Z  INFO lead_lag_classic signal #1705: POWERUSDT | spread=154.05bps | dir=SHORT_LAGGER | bid_ask=-164.50bps ask_bid=154.05bps | leader=binance_futures lagger=gate_futures direction=SHORT_LAGGER bid_ask=-164.50 ask_bid=154.05
2026-02-27T16:22:33.959520Z  INFO lead_lag_classic signal #1706: SAHARAUSDT | spread=171.84bps | dir=SHORT_LAGGER | bid_ask=-185.19bps ask_bid=171.84bps | leader=binance_futures lagger=gate_futures direction=SHORT_LAGGER bid_ask=-185.19 ask_bid=171.84
2026-02-27T16:22:34.443118Z  INFO lead_lag_classic signal #1707: ATHUSDT | spread=45.51bps | dir=SHORT_LAGGER | bid_ask=-67.00bps ask_bid=45.51bps | leader=binance_futures lagger=gate_futures direction=SHORT_LAGGER bid_ask=-67.00 ask_bid=45.51
2026-02-27T16:22:34.443670Z  INFO Status: tickers=59312 (+850/5s) signals=1707 drift=[n=850 avg=190ms p50=159ms p95=481ms p99=632ms max=871ms]
2026-02-27T16:22:34.837815Z  INFO lead_lag_classic signal #1708: ATHUSDT | spread=43.82bps | dir=SHORT_LAGGER | bid_ask=-63.65bps ask_bid=43.82bps | leader=binance_futures lagger=gate_futures direction=SHORT_LAGGER bid_ask=-63.65 ask_bid=43.82
2026-02-27T16:22:34.837969Z  INFO lead_lag_classic signal #1709: POWERUSDT | spread=151.73bps | dir=SHORT_LAGGER | bid_ask=-160.07bps ask_bid=151.73bps | leader=binance_futures lagger=gate_futures direction=SHORT_LAGGER bid_ask=-160.07 ask_bid=151.73
2026-02-27T16:22:34.838034Z  INFO lead_lag_classic signal #1710: SAHARAUSDT | spread=163.45bps | dir=SHORT_LAGGER | bid_ask=-177.10bps ask_bid=163.45bps | leader=binance_futures lagger=gate_futures direction=SHORT_LAGGER bid_ask=-177.10 ask_bid=163.45
2026-02-27T16:22:35.000150Z  INFO lead_lag_classic signal #1711: POWERUSDT | spread=150.49bps | dir=SHORT_LAGGER | bid_ask=-160.64bps ask_bid=150.49bps | leader=binance_futures lagger=gate_futures direction=SHORT_LAGGER bid_ask=-160.64 ask_bid=150.49
2026-02-27T16:22:35.000249Z  INFO lead_lag_classic signal #1712: SAHARAUSDT | spread=163.45bps | dir=SHORT_LAGGER | bid_ask=-177.10bps ask_bid=163.45bps | leader=binance_futures lagger=gate_futures direction=SHORT_LAGGER bid_ask=-177.10 ask_bid=163.45
2026-02-27T16:22:35.637007Z  INFO lead_lag_classic signal #1713: ATHUSDT | spread=42.12bps | dir=SHORT_LAGGER | bid_ask=-61.98bps ask_bid=42.12bps | leader=binance_futures lagger=gate_futures direction=SHORT_LAGGER bid_ask=-61.98 ask_bid=42.12
2026-02-27T16:22:35.814451Z  INFO lead_lag_classic signal #1714: ATHUSDT | spread=35.36bps | dir=SHORT_LAGGER | bid_ask=-53.60bps ask_bid=35.36bps | leader=binance_futures lagger=gate_futures direction=SHORT_LAGGER bid_ask=-53.60 ask_bid=35.36
2026-02-27T16:22:35.814588Z  INFO lead_lag_classic signal #1715: POWERUSDT | spread=151.03bps | dir=SHORT_LAGGER | bid_ask=-160.45bps ask_bid=151.03bps | leader=binance_futures lagger=gate_futures direction=SHORT_LAGGER bid_ask=-160.45 ask_bid=151.03
2026-02-27T16:22:35.814635Z  INFO lead_lag_classic signal #1716: SAHARAUSDT | spread=163.39bps | dir=SHORT_LAGGER | bid_ask=-181.14bps ask_bid=163.39bps | leader=binance_futures lagger=gate_futures direction=SHORT_LAGGER bid_ask=-181.14 ask_bid=163.39
2026-02-27T16:22:36.403073Z  INFO lead_lag_classic signal #1717: ATHUSDT | spread=33.67bps | dir=SHORT_LAGGER | bid_ask=-55.28bps ask_bid=33.67bps | leader=binance_futures lagger=gate_futures direction=SHORT_LAGGER bid_ask=-55.28 ask_bid=33.67
2026-02-27T16:22:36.403244Z  INFO lead_lag_classic signal #1718: POWERUSDT | spread=152.31bps | dir=SHORT_LAGGER | bid_ask=-161.23bps ask_bid=152.31bps | leader=binance_futures lagger=gate_futures direction=SHORT_LAGGER bid_ask=-161.23 ask_bid=152.31
2026-02-27T16:22:36.403315Z  INFO lead_lag_classic signal #1719: SAHARAUSDT | spread=155.01bps | dir=SHORT_LAGGER | bid_ask=-173.05bps ask_bid=155.01bps | leader=binance_futures lagger=gate_futures direction=SHORT_LAGGER bid_ask=-173.05 ask_bid=155.01
2026-02-27T16:22:37.868886Z  INFO lead_lag_classic signal #1720: ATHUSDT | spread=35.42bps | dir=SHORT_LAGGER | bid_ask=-72.03bps ask_bid=35.42bps | leader=binance_futures lagger=gate_futures direction=SHORT_LAGGER bid_ask=-72.03 ask_bid=35.42
2026-02-27T16:22:37.869010Z  INFO lead_lag_classic signal #1721: ENSOUSDT | spread=68.19bps | dir=SHORT_LAGGER | bid_ask=-82.13bps ask_bid=68.19bps | leader=binance_futures lagger=gate_futures direction=SHORT_LAGGER bid_ask=-82.13 ask_bid=68.19
2026-02-27T16:22:37.869110Z  INFO lead_lag_classic signal #1722: POWERUSDT | spread=148.60bps | dir=SHORT_LAGGER | bid_ask=-158.08bps ask_bid=148.60bps | leader=binance_futures lagger=gate_futures direction=SHORT_LAGGER bid_ask=-158.08 ask_bid=148.60
2026-02-27T16:22:37.869171Z  INFO lead_lag_classic signal #1723: SAHARAUSDT | spread=180.14bps | dir=SHORT_LAGGER | bid_ask=-185.11bps ask_bid=180.14bps | leader=binance_futures lagger=gate_futures direction=SHORT_LAGGER bid_ask=-185.11 ask_bid=180.14
2026-02-27T16:22:38.004313Z  INFO lead_lag_classic signal #1724: ATHUSDT | spread=35.42bps | dir=SHORT_LAGGER | bid_ask=-73.70bps ask_bid=35.42bps | leader=binance_futures lagger=gate_futures direction=SHORT_LAGGER bid_ask=-73.70 ask_bid=35.42
2026-02-27T16:22:38.004410Z  INFO lead_lag_classic signal #1725: ENSOUSDT | spread=68.19bps | dir=SHORT_LAGGER | bid_ask=-82.13bps ask_bid=68.19bps | leader=binance_futures lagger=gate_futures direction=SHORT_LAGGER bid_ask=-82.13 ask_bid=68.19
2026-02-27T16:22:38.004473Z  INFO lead_lag_classic signal #1726: POWERUSDT | spread=147.76bps | dir=SHORT_LAGGER | bid_ask=-157.07bps ask_bid=147.76bps | leader=binance_futures lagger=gate_futures direction=SHORT_LAGGER bid_ask=-157.07 ask_bid=147.76
2026-02-27T16:22:38.004519Z  INFO lead_lag_classic signal #1727: SAHARAUSDT | spread=180.14bps | dir=SHORT_LAGGER | bid_ask=-185.11bps ask_bid=180.14bps | leader=binance_futures lagger=gate_futures direction=SHORT_LAGGER bid_ask=-185.11 ask_bid=180.14
2026-02-27T16:22:38.101232Z  INFO lead_lag_classic signal #1728: ATHUSDT | spread=35.42bps | dir=SHORT_LAGGER | bid_ask=-73.70bps ask_bid=35.42bps | leader=binance_futures lagger=gate_futures direction=SHORT_LAGGER bid_ask=-73.70 ask_bid=35.42
2026-02-27T16:22:38.101347Z  INFO lead_lag_classic signal #1729: POWERUSDT | spread=147.11bps | dir=SHORT_LAGGER | bid_ask=-157.07bps ask_bid=147.11bps | leader=binance_futures lagger=gate_futures direction=SHORT_LAGGER bid_ask=-157.07 ask_bid=147.11
2026-02-27T16:22:38.101395Z  INFO lead_lag_classic signal #1730: SAHARAUSDT | spread=175.88bps | dir=SHORT_LAGGER | bid_ask=-181.00bps ask_bid=175.88bps | leader=binance_futures lagger=gate_futures direction=SHORT_LAGGER bid_ask=-181.00 ask_bid=175.88
2026-02-27T16:22:38.403568Z  INFO lead_lag_classic signal #1731: ATHUSDT | spread=35.42bps | dir=SHORT_LAGGER | bid_ask=-73.70bps ask_bid=35.42bps | leader=binance_futures lagger=gate_futures direction=SHORT_LAGGER bid_ask=-73.70 ask_bid=35.42
2026-02-27T16:22:38.403701Z  INFO lead_lag_classic signal #1732: POWERUSDT | spread=150.14bps | dir=SHORT_LAGGER | bid_ask=-160.66bps ask_bid=150.14bps | leader=binance_futures lagger=gate_futures direction=SHORT_LAGGER bid_ask=-160.66 ask_bid=150.14
2026-02-27T16:22:38.403759Z  INFO lead_lag_classic signal #1733: SAHARAUSDT | spread=175.88bps | dir=SHORT_LAGGER | bid_ask=-181.00bps ask_bid=175.88bps | leader=binance_futures lagger=gate_futures direction=SHORT_LAGGER bid_ask=-181.00 ask_bid=175.88
2026-02-27T16:22:38.927186Z  INFO lead_lag_classic signal #1734: ATHUSDT | spread=35.42bps | dir=SHORT_LAGGER | bid_ask=-72.03bps ask_bid=35.42bps | leader=binance_futures lagger=gate_futures direction=SHORT_LAGGER bid_ask=-72.03 ask_bid=35.42
2026-02-27T16:22:38.927297Z  INFO lead_lag_classic signal #1735: BULLAUSDT | spread=70.51bps | dir=LONG_LAGGER | bid_ask=70.51bps ask_bid=-139.95bps | leader=binance_futures lagger=gate_futures direction=LONG_LAGGER bid_ask=70.51 ask_bid=-139.95
2026-02-27T16:22:38.927411Z  INFO lead_lag_classic signal #1736: POWERUSDT | spread=153.82bps | dir=SHORT_LAGGER | bid_ask=-161.90bps ask_bid=153.82bps | leader=binance_futures lagger=gate_futures direction=SHORT_LAGGER bid_ask=-161.90 ask_bid=153.82
2026-02-27T16:22:38.927478Z  INFO lead_lag_classic signal #1737: SAHARAUSDT | spread=175.88bps | dir=SHORT_LAGGER | bid_ask=-185.03bps ask_bid=175.88bps | leader=binance_futures lagger=gate_futures direction=SHORT_LAGGER bid_ask=-185.03 ask_bid=175.88
2026-02-27T16:22:39.681606Z  INFO lead_lag_classic signal #1738: ATHUSDT | spread=49.23bps | dir=SHORT_LAGGER | bid_ask=-84.18bps ask_bid=49.23bps | leader=binance_futures lagger=gate_futures direction=SHORT_LAGGER bid_ask=-84.18 ask_bid=49.23
2026-02-27T16:22:39.681778Z  INFO lead_lag_classic signal #1739: POWERUSDT | spread=153.38bps | dir=SHORT_LAGGER | bid_ask=-160.75bps ask_bid=153.38bps | leader=binance_futures lagger=gate_futures direction=SHORT_LAGGER bid_ask=-160.75 ask_bid=153.38
2026-02-27T16:22:39.681839Z  INFO lead_lag_classic signal #1740: SAHARAUSDT | spread=175.88bps | dir=SHORT_LAGGER | bid_ask=-185.03bps ask_bid=175.88bps | leader=binance_futures lagger=gate_futures direction=SHORT_LAGGER bid_ask=-185.03 ask_bid=175.88
2026-02-27T16:22:39.682283Z  INFO Status: tickers=60195 (+883/5s) signals=1740 drift=[n=883 avg=184ms p50=157ms p95=423ms p99=692ms max=910ms]
2026-02-27T16:22:40.092498Z  INFO lead_lag_classic signal #1741: SAHARAUSDT | spread=184.41bps | dir=SHORT_LAGGER | bid_ask=-193.26bps ask_bid=184.41bps | leader=binance_futures lagger=gate_futures direction=SHORT_LAGGER bid_ask=-193.26 ask_bid=184.41
2026-02-27T16:22:40.475076Z  INFO lead_lag_classic signal #1742: ATHUSDT | spread=44.19bps | dir=SHORT_LAGGER | bid_ask=-62.50bps ask_bid=44.19bps | leader=binance_futures lagger=gate_futures direction=SHORT_LAGGER bid_ask=-62.50 ask_bid=44.19
2026-02-27T16:22:40.475219Z  INFO lead_lag_classic signal #1743: POWERUSDT | spread=151.49bps | dir=SHORT_LAGGER | bid_ask=-158.85bps ask_bid=151.49bps | leader=binance_futures lagger=gate_futures direction=SHORT_LAGGER bid_ask=-158.85 ask_bid=151.49
2026-02-27T16:22:40.475282Z  INFO lead_lag_classic signal #1744: SAHARAUSDT | spread=188.44bps | dir=SHORT_LAGGER | bid_ask=-193.10bps ask_bid=188.44bps | leader=binance_futures lagger=gate_futures direction=SHORT_LAGGER bid_ask=-193.10 ask_bid=188.44
2026-02-27T16:22:40.881588Z  INFO lead_lag_classic signal #1745: ATHUSDT | spread=44.19bps | dir=SHORT_LAGGER | bid_ask=-62.50bps ask_bid=44.19bps | leader=binance_futures lagger=gate_futures direction=SHORT_LAGGER bid_ask=-62.50 ask_bid=44.19
2026-02-27T16:22:40.881741Z  INFO lead_lag_classic signal #1746: POWERUSDT | spread=147.75bps | dir=SHORT_LAGGER | bid_ask=-157.60bps ask_bid=147.75bps | leader=binance_futures lagger=gate_futures direction=SHORT_LAGGER bid_ask=-157.60 ask_bid=147.75
2026-02-27T16:22:40.881800Z  INFO lead_lag_classic signal #1747: SAHARAUSDT | spread=184.18bps | dir=SHORT_LAGGER | bid_ask=-188.99bps ask_bid=184.18bps | leader=binance_futures lagger=gate_futures direction=SHORT_LAGGER bid_ask=-188.99 ask_bid=184.18
2026-02-27T16:22:41.323706Z  INFO lead_lag_classic signal #1748: POWERUSDT | spread=148.13bps | dir=SHORT_LAGGER | bid_ask=-157.60bps ask_bid=148.13bps | leader=binance_futures lagger=gate_futures direction=SHORT_LAGGER bid_ask=-157.60 ask_bid=148.13
2026-02-27T16:22:41.323803Z  INFO lead_lag_classic signal #1749: SAHARAUSDT | spread=184.18bps | dir=SHORT_LAGGER | bid_ask=-188.99bps ask_bid=184.18bps | leader=binance_futures lagger=gate_futures direction=SHORT_LAGGER bid_ask=-188.99 ask_bid=184.18
2026-02-27T16:22:41.978642Z  INFO lead_lag_classic signal #1750: ATHUSDT | spread=76.60bps | dir=SHORT_LAGGER | bid_ask=-97.81bps ask_bid=76.60bps | leader=binance_futures lagger=gate_futures direction=SHORT_LAGGER bid_ask=-97.81 ask_bid=76.60
2026-02-27T16:22:41.978754Z  INFO lead_lag_classic signal #1751: ENSOUSDT | spread=70.94bps | dir=SHORT_LAGGER | bid_ask=-81.41bps ask_bid=70.94bps | leader=binance_futures lagger=gate_futures direction=SHORT_LAGGER bid_ask=-81.41 ask_bid=70.94
2026-02-27T16:22:41.978815Z  INFO lead_lag_classic signal #1752: HUSDT | spread=30.83bps | dir=LONG_LAGGER | bid_ask=30.83bps ask_bid=-47.35bps | leader=binance_futures lagger=gate_futures direction=LONG_LAGGER bid_ask=30.83 ask_bid=-47.35
2026-02-27T16:22:41.978891Z  INFO lead_lag_classic signal #1753: POWERUSDT | spread=147.56bps | dir=SHORT_LAGGER | bid_ask=-155.98bps ask_bid=147.56bps | leader=binance_futures lagger=gate_futures direction=SHORT_LAGGER bid_ask=-155.98 ask_bid=147.56
2026-02-27T16:22:41.978956Z  INFO lead_lag_classic signal #1754: SAHARAUSDT | spread=175.81bps | dir=SHORT_LAGGER | bid_ask=-184.96bps ask_bid=175.81bps | leader=binance_futures lagger=gate_futures direction=SHORT_LAGGER bid_ask=-184.96 ask_bid=175.81
2026-02-27T16:22:42.135280Z  INFO lead_lag_classic signal #1755: POWERUSDT | spread=148.84bps | dir=SHORT_LAGGER | bid_ask=-155.98bps ask_bid=148.84bps | leader=binance_futures lagger=gate_futures direction=SHORT_LAGGER bid_ask=-155.98 ask_bid=148.84
2026-02-27T16:22:42.135370Z  INFO lead_lag_classic signal #1756: SAHARAUSDT | spread=175.81bps | dir=SHORT_LAGGER | bid_ask=-184.96bps ask_bid=175.81bps | leader=binance_futures lagger=gate_futures direction=SHORT_LAGGER bid_ask=-184.96 ask_bid=175.81
2026-02-27T16:22:44.017546Z  INFO lead_lag_classic signal #1757: ATHUSDT | spread=32.31bps | dir=SHORT_LAGGER | bid_ask=-69.26bps ask_bid=32.31bps | leader=binance_futures lagger=gate_futures direction=SHORT_LAGGER bid_ask=-69.26 ask_bid=32.31
2026-02-27T16:22:44.017688Z  INFO lead_lag_classic signal #1758: POWERUSDT | spread=150.50bps | dir=SHORT_LAGGER | bid_ask=-155.98bps ask_bid=150.50bps | leader=binance_futures lagger=gate_futures direction=SHORT_LAGGER bid_ask=-155.98 ask_bid=150.50
2026-02-27T16:22:44.017740Z  INFO lead_lag_classic signal #1759: SAHARAUSDT | spread=175.07bps | dir=SHORT_LAGGER | bid_ask=-184.20bps ask_bid=175.07bps | leader=binance_futures lagger=gate_futures direction=SHORT_LAGGER bid_ask=-184.20 ask_bid=175.07
2026-02-27T16:22:44.124273Z  INFO lead_lag_classic signal #1760: ATHUSDT | spread=39.14bps | dir=SHORT_LAGGER | bid_ask=-76.01bps ask_bid=39.14bps | leader=binance_futures lagger=gate_futures direction=SHORT_LAGGER bid_ask=-76.01 ask_bid=39.14
2026-02-27T16:22:44.124399Z  INFO lead_lag_classic signal #1761: POWERUSDT | spread=150.83bps | dir=SHORT_LAGGER | bid_ask=-155.98bps ask_bid=150.83bps | leader=binance_futures lagger=gate_futures direction=SHORT_LAGGER bid_ask=-155.98 ask_bid=150.83
2026-02-27T16:22:44.124442Z  INFO lead_lag_classic signal #1762: SAHARAUSDT | spread=179.32bps | dir=SHORT_LAGGER | bid_ask=-188.29bps ask_bid=179.32bps | leader=binance_futures lagger=gate_futures direction=SHORT_LAGGER bid_ask=-188.29 ask_bid=179.32
2026-02-27T16:22:44.212730Z  INFO lead_lag_classic signal #1763: ATHUSDT | spread=40.84bps | dir=SHORT_LAGGER | bid_ask=-81.08bps ask_bid=40.84bps | leader=binance_futures lagger=gate_futures direction=SHORT_LAGGER bid_ask=-81.08 ask_bid=40.84
2026-02-27T16:22:44.212839Z  INFO lead_lag_classic signal #1764: POWERUSDT | spread=150.50bps | dir=SHORT_LAGGER | bid_ask=-155.98bps ask_bid=150.50bps | leader=binance_futures lagger=gate_futures direction=SHORT_LAGGER bid_ask=-155.98 ask_bid=150.50
2026-02-27T16:22:44.212882Z  INFO lead_lag_classic signal #1765: SAHARAUSDT | spread=175.07bps | dir=SHORT_LAGGER | bid_ask=-184.20bps ask_bid=175.07bps | leader=binance_futures lagger=gate_futures direction=SHORT_LAGGER bid_ask=-184.20 ask_bid=175.07
2026-02-27T16:22:44.895119Z  INFO lead_lag_classic signal #1766: ATHUSDT | spread=45.97bps | dir=SHORT_LAGGER | bid_ask=-69.37bps ask_bid=45.97bps | leader=binance_futures lagger=gate_futures direction=SHORT_LAGGER bid_ask=-69.37 ask_bid=45.97
2026-02-27T16:22:44.895226Z  INFO lead_lag_classic signal #1767: ENSOUSDT | spread=73.04bps | dir=SHORT_LAGGER | bid_ask=-80.06bps ask_bid=73.04bps | leader=binance_futures lagger=gate_futures direction=SHORT_LAGGER bid_ask=-80.06 ask_bid=73.04
2026-02-27T16:22:44.895334Z  INFO lead_lag_classic signal #1768: POWERUSDT | spread=150.64bps | dir=SHORT_LAGGER | bid_ask=-160.96bps ask_bid=150.64bps | leader=binance_futures lagger=gate_futures direction=SHORT_LAGGER bid_ask=-160.96 ask_bid=150.64
2026-02-27T16:22:44.895391Z  INFO lead_lag_classic signal #1769: SAHARAUSDT | spread=179.32bps | dir=SHORT_LAGGER | bid_ask=-192.31bps ask_bid=179.32bps | leader=binance_futures lagger=gate_futures direction=SHORT_LAGGER bid_ask=-192.31 ask_bid=179.32
2026-02-27T16:22:44.895848Z  INFO Status: tickers=61096 (+901/5s) signals=1769 drift=[n=901 avg=154ms p50=123ms p95=395ms p99=668ms max=839ms]
2026-02-27T16:22:45.303701Z  INFO lead_lag_classic signal #1770: ENSOUSDT | spread=73.04bps | dir=SHORT_LAGGER | bid_ask=-83.48bps ask_bid=73.04bps | leader=binance_futures lagger=gate_futures direction=SHORT_LAGGER bid_ask=-83.48 ask_bid=73.04
2026-02-27T16:22:45.303832Z  INFO lead_lag_classic signal #1771: POWERUSDT | spread=148.04bps | dir=SHORT_LAGGER | bid_ask=-155.90bps ask_bid=148.04bps | leader=binance_futures lagger=gate_futures direction=SHORT_LAGGER bid_ask=-155.90 ask_bid=148.04
2026-02-27T16:22:45.812250Z  INFO lead_lag_classic signal #1772: ATHUSDT | spread=56.15bps | dir=SHORT_LAGGER | bid_ask=-74.32bps ask_bid=56.15bps | leader=binance_futures lagger=gate_futures direction=SHORT_LAGGER bid_ask=-74.32 ask_bid=56.15
2026-02-27T16:22:45.812360Z  INFO lead_lag_classic signal #1773: ENSOUSDT | spread=73.04bps | dir=SHORT_LAGGER | bid_ask=-83.48bps ask_bid=73.04bps | leader=binance_futures lagger=gate_futures direction=SHORT_LAGGER bid_ask=-83.48 ask_bid=73.04
2026-02-27T16:22:45.812445Z  INFO lead_lag_classic signal #1774: POWERUSDT | spread=148.59bps | dir=SHORT_LAGGER | bid_ask=-156.41bps ask_bid=148.59bps | leader=binance_futures lagger=gate_futures direction=SHORT_LAGGER bid_ask=-156.41 ask_bid=148.59
2026-02-27T16:22:45.812514Z  INFO lead_lag_classic signal #1775: SAHARAUSDT | spread=178.79bps | dir=SHORT_LAGGER | bid_ask=-187.76bps ask_bid=178.79bps | leader=binance_futures lagger=gate_futures direction=SHORT_LAGGER bid_ask=-187.76 ask_bid=178.79
2026-02-27T16:22:46.369712Z  INFO lead_lag_classic signal #1776: ATHUSDT | spread=34.01bps | dir=SHORT_LAGGER | bid_ask=-72.64bps ask_bid=34.01bps | leader=binance_futures lagger=gate_futures direction=SHORT_LAGGER bid_ask=-72.64 ask_bid=34.01
2026-02-27T16:22:46.369861Z  INFO lead_lag_classic signal #1777: POWERUSDT | spread=148.99bps | dir=SHORT_LAGGER | bid_ask=-154.94bps ask_bid=148.99bps | leader=binance_futures lagger=gate_futures direction=SHORT_LAGGER bid_ask=-154.94 ask_bid=148.99
2026-02-27T16:22:46.369925Z  INFO lead_lag_classic signal #1778: SAHARAUSDT | spread=174.56bps | dir=SHORT_LAGGER | bid_ask=-183.67bps ask_bid=174.56bps | leader=binance_futures lagger=gate_futures direction=SHORT_LAGGER bid_ask=-183.67 ask_bid=174.56
2026-02-27T16:22:47.933223Z  INFO lead_lag_classic signal #1779: ATHUSDT | spread=51.02bps | dir=SHORT_LAGGER | bid_ask=-76.01bps ask_bid=51.02bps | leader=binance_futures lagger=gate_futures direction=SHORT_LAGGER bid_ask=-76.01 ask_bid=51.02
2026-02-27T16:22:47.933357Z  INFO lead_lag_classic signal #1780: ENSOUSDT | spread=71.64bps | dir=SHORT_LAGGER | bid_ask=-82.10bps ask_bid=71.64bps | leader=binance_futures lagger=gate_futures direction=SHORT_LAGGER bid_ask=-82.10 ask_bid=71.64
2026-02-27T16:22:47.933459Z  INFO lead_lag_classic signal #1781: POWERUSDT | spread=147.74bps | dir=SHORT_LAGGER | bid_ask=-153.99bps ask_bid=147.74bps | leader=binance_futures lagger=gate_futures direction=SHORT_LAGGER bid_ask=-153.99 ask_bid=147.74
2026-02-27T16:22:47.933545Z  INFO lead_lag_classic signal #1782: SAHARAUSDT | spread=178.42bps | dir=SHORT_LAGGER | bid_ask=-187.37bps ask_bid=178.42bps | leader=binance_futures lagger=gate_futures direction=SHORT_LAGGER bid_ask=-187.37 ask_bid=178.42
2026-02-27T16:22:48.050284Z  INFO lead_lag_classic signal #1783: ATHUSDT | spread=51.02bps | dir=SHORT_LAGGER | bid_ask=-74.32bps ask_bid=51.02bps | leader=binance_futures lagger=gate_futures direction=SHORT_LAGGER bid_ask=-74.32 ask_bid=51.02
2026-02-27T16:22:48.050380Z  INFO lead_lag_classic signal #1784: ENSOUSDT | spread=68.14bps | dir=SHORT_LAGGER | bid_ask=-78.65bps ask_bid=68.14bps | leader=binance_futures lagger=gate_futures direction=SHORT_LAGGER bid_ask=-78.65 ask_bid=68.14
2026-02-27T16:22:48.050465Z  INFO lead_lag_classic signal #1785: POWERUSDT | spread=147.74bps | dir=SHORT_LAGGER | bid_ask=-156.13bps ask_bid=147.74bps | leader=binance_futures lagger=gate_futures direction=SHORT_LAGGER bid_ask=-156.13 ask_bid=147.74
2026-02-27T16:22:48.050507Z  INFO lead_lag_classic signal #1786: SAHARAUSDT | spread=178.42bps | dir=SHORT_LAGGER | bid_ask=-187.37bps ask_bid=178.42bps | leader=binance_futures lagger=gate_futures direction=SHORT_LAGGER bid_ask=-187.37 ask_bid=178.42
2026-02-27T16:22:48.726626Z  INFO lead_lag_classic signal #1787: ATHUSDT | spread=45.89bps | dir=SHORT_LAGGER | bid_ask=-65.88bps ask_bid=45.89bps | leader=binance_futures lagger=gate_futures direction=SHORT_LAGGER bid_ask=-65.88 ask_bid=45.89
2026-02-27T16:22:48.726722Z  INFO lead_lag_classic signal #1788: ENSOUSDT | spread=68.83bps | dir=SHORT_LAGGER | bid_ask=-77.95bps ask_bid=68.83bps | leader=binance_futures lagger=gate_futures direction=SHORT_LAGGER bid_ask=-77.95 ask_bid=68.83
2026-02-27T16:22:48.726822Z  INFO lead_lag_classic signal #1789: POWERUSDT | spread=146.05bps | dir=SHORT_LAGGER | bid_ask=-152.66bps ask_bid=146.05bps | leader=binance_futures lagger=gate_futures direction=SHORT_LAGGER bid_ask=-152.66 ask_bid=146.05
2026-02-27T16:22:48.726904Z  INFO lead_lag_classic signal #1790: SAHARAUSDT | spread=170.34bps | dir=SHORT_LAGGER | bid_ask=-179.59bps ask_bid=170.34bps | leader=binance_futures lagger=gate_futures direction=SHORT_LAGGER bid_ask=-179.59 ask_bid=170.34
2026-02-27T16:22:49.353122Z  INFO lead_lag_classic signal #1791: ATHUSDT | spread=39.07bps | dir=SHORT_LAGGER | bid_ask=-59.12bps ask_bid=39.07bps | leader=binance_futures lagger=gate_futures direction=SHORT_LAGGER bid_ask=-59.12 ask_bid=39.07
2026-02-27T16:22:49.353284Z  INFO lead_lag_classic signal #1792: POWERUSDT | spread=146.64bps | dir=SHORT_LAGGER | bid_ask=-156.13bps ask_bid=146.64bps | leader=binance_futures lagger=gate_futures direction=SHORT_LAGGER bid_ask=-156.13 ask_bid=146.64
2026-02-27T16:22:49.353349Z  INFO lead_lag_classic signal #1793: SAHARAUSDT | spread=208.51bps | dir=SHORT_LAGGER | bid_ask=-216.33bps ask_bid=208.51bps | leader=binance_futures lagger=gate_futures direction=SHORT_LAGGER bid_ask=-216.33 ask_bid=208.51
2026-02-27T16:22:50.097579Z  INFO lead_lag_classic signal #1794: ATHUSDT | spread=50.93bps | dir=SHORT_LAGGER | bid_ask=-70.83bps ask_bid=50.93bps | leader=binance_futures lagger=gate_futures direction=SHORT_LAGGER bid_ask=-70.83 ask_bid=50.93
2026-02-27T16:22:50.097752Z  INFO lead_lag_classic signal #1795: POWERUSDT | spread=158.07bps | dir=SHORT_LAGGER | bid_ask=-161.67bps ask_bid=158.07bps | leader=binance_futures lagger=gate_futures direction=SHORT_LAGGER bid_ask=-161.67 ask_bid=158.07
2026-02-27T16:22:50.097958Z  INFO lead_lag_classic signal #1796: SAHARAUSDT | spread=200.59bps | dir=SHORT_LAGGER | bid_ask=-212.77bps ask_bid=200.59bps | leader=binance_futures lagger=gate_futures direction=SHORT_LAGGER bid_ask=-212.77 ask_bid=200.59
2026-02-27T16:22:50.098456Z  INFO Status: tickers=62009 (+913/5s) signals=1796 drift=[n=913 avg=150ms p50=119ms p95=411ms p99=771ms max=1142ms]
2026-02-27T16:22:52.627734Z  INFO lead_lag_classic signal #1797: BULLAUSDT | spread=70.51bps | dir=LONG_LAGGER | bid_ask=70.51bps ask_bid=-139.95bps | leader=binance_futures lagger=gate_futures direction=LONG_LAGGER bid_ask=70.51 ask_bid=-139.95
2026-02-27T16:22:54.795281Z  INFO lead_lag_classic signal #1798: ATHUSDT | spread=59.47bps | dir=SHORT_LAGGER | bid_ask=-77.57bps ask_bid=59.47bps | leader=binance_futures lagger=gate_futures direction=SHORT_LAGGER bid_ask=-77.57 ask_bid=59.47
2026-02-27T16:22:54.795382Z  INFO lead_lag_classic signal #1799: ENSOUSDT | spread=68.84bps | dir=SHORT_LAGGER | bid_ask=-80.02bps ask_bid=68.84bps | leader=binance_futures lagger=gate_futures direction=SHORT_LAGGER bid_ask=-80.02 ask_bid=68.84
2026-02-27T16:22:54.795489Z  INFO lead_lag_classic signal #1800: POWERUSDT | spread=148.13bps | dir=SHORT_LAGGER | bid_ask=-154.83bps ask_bid=148.13bps | leader=binance_futures lagger=gate_futures direction=SHORT_LAGGER bid_ask=-154.83 ask_bid=148.13
2026-02-27T16:22:55.202896Z  INFO Gate NATR refresh: fetched=12 missing=0 batch=12 symbols=43
2026-02-27T16:22:56.160827Z  INFO lead_lag_classic signal #1801: ATHUSDT | spread=57.76bps | dir=SHORT_LAGGER | bid_ask=-77.57bps ask_bid=57.76bps | leader=binance_futures lagger=gate_futures direction=SHORT_LAGGER bid_ask=-77.57 ask_bid=57.76
2026-02-27T16:22:56.160936Z  INFO lead_lag_classic signal #1802: ENSOUSDT | spread=69.54bps | dir=SHORT_LAGGER | bid_ask=-79.34bps ask_bid=69.54bps | leader=binance_futures lagger=gate_futures direction=SHORT_LAGGER bid_ask=-79.34 ask_bid=69.54
2026-02-27T16:22:56.161520Z  INFO Status: tickers=63028 (+1019/5s) signals=1802 drift=[n=1019 avg=181ms p50=144ms p95=473ms p99=803ms max=1096ms]
2026-02-27T16:22:56.319773Z  INFO lead_lag_classic signal #1803: ATHUSDT | spread=57.76bps | dir=SHORT_LAGGER | bid_ask=-77.57bps ask_bid=57.76bps | leader=binance_futures lagger=gate_futures direction=SHORT_LAGGER bid_ask=-77.57 ask_bid=57.76
2026-02-27T16:22:56.319863Z  INFO lead_lag_classic signal #1804: ENSOUSDT | spread=69.54bps | dir=SHORT_LAGGER | bid_ask=-79.34bps ask_bid=69.54bps | leader=binance_futures lagger=gate_futures direction=SHORT_LAGGER bid_ask=-79.34 ask_bid=69.54
2026-02-27T16:22:56.319948Z  INFO lead_lag_classic signal #1805: POWERUSDT | spread=149.07bps | dir=SHORT_LAGGER | bid_ask=-156.36bps ask_bid=149.07bps | leader=binance_futures lagger=gate_futures direction=SHORT_LAGGER bid_ask=-156.36 ask_bid=149.07
2026-02-27T16:22:56.320004Z  INFO lead_lag_classic signal #1806: SAHARAUSDT | spread=178.72bps | dir=SHORT_LAGGER | bid_ask=-187.68bps ask_bid=178.72bps | leader=binance_futures lagger=gate_futures direction=SHORT_LAGGER bid_ask=-187.68 ask_bid=178.72
2026-02-27T16:22:56.758821Z  INFO lead_lag_classic signal #1807: SAHARAUSDT | spread=170.34bps | dir=SHORT_LAGGER | bid_ask=-183.60bps ask_bid=170.34bps | leader=binance_futures lagger=gate_futures direction=SHORT_LAGGER bid_ask=-183.60 ask_bid=170.34
2026-02-27T16:22:57.192850Z  INFO lead_lag_classic signal #1808: ATHUSDT | spread=57.76bps | dir=SHORT_LAGGER | bid_ask=-77.57bps ask_bid=57.76bps | leader=binance_futures lagger=gate_futures direction=SHORT_LAGGER bid_ask=-77.57 ask_bid=57.76
2026-02-27T16:22:57.192952Z  INFO lead_lag_classic signal #1809: ENSOUSDT | spread=69.54bps | dir=SHORT_LAGGER | bid_ask=-78.66bps ask_bid=69.54bps | leader=binance_futures lagger=gate_futures direction=SHORT_LAGGER bid_ask=-78.66 ask_bid=69.54
2026-02-27T16:22:57.193037Z  INFO lead_lag_classic signal #1810: POWERUSDT | spread=152.18bps | dir=SHORT_LAGGER | bid_ask=-155.26bps ask_bid=152.18bps | leader=binance_futures lagger=gate_futures direction=SHORT_LAGGER bid_ask=-155.26 ask_bid=152.18
2026-02-27T16:22:57.193102Z  INFO lead_lag_classic signal #1811: SAHARAUSDT | spread=174.56bps | dir=SHORT_LAGGER | bid_ask=-187.68bps ask_bid=174.56bps | leader=binance_futures lagger=gate_futures direction=SHORT_LAGGER bid_ask=-187.68 ask_bid=174.56
2026-02-27T16:22:57.403133Z  INFO lead_lag_classic signal #1812: SAHARAUSDT | spread=174.56bps | dir=SHORT_LAGGER | bid_ask=-187.68bps ask_bid=174.56bps | leader=binance_futures lagger=gate_futures direction=SHORT_LAGGER bid_ask=-187.68 ask_bid=174.56
2026-02-27T16:22:57.954219Z  INFO lead_lag_classic signal #1813: ATHUSDT | spread=40.77bps | dir=SHORT_LAGGER | bid_ask=-79.26bps ask_bid=40.77bps | leader=binance_futures lagger=gate_futures direction=SHORT_LAGGER bid_ask=-79.26 ask_bid=40.77
2026-02-27T16:22:57.954375Z  INFO lead_lag_classic signal #1814: POWERUSDT | spread=148.27bps | dir=SHORT_LAGGER | bid_ask=-151.87bps ask_bid=148.27bps | leader=binance_futures lagger=gate_futures direction=SHORT_LAGGER bid_ask=-151.87 ask_bid=148.27
2026-02-27T16:22:57.954432Z  INFO lead_lag_classic signal #1815: SAHARAUSDT | spread=183.03bps | dir=SHORT_LAGGER | bid_ask=-191.84bps ask_bid=183.03bps | leader=binance_futures lagger=gate_futures direction=SHORT_LAGGER bid_ask=-191.84 ask_bid=183.03
2026-02-27T16:22:59.618881Z  INFO lead_lag_classic signal #1816: POWERUSDT | spread=145.59bps | dir=SHORT_LAGGER | bid_ask=-151.12bps ask_bid=145.59bps | leader=binance_futures lagger=gate_futures direction=SHORT_LAGGER bid_ask=-151.12 ask_bid=145.59
2026-02-27T16:22:59.618990Z  INFO lead_lag_classic signal #1817: SAHARAUSDT | spread=183.33bps | dir=SHORT_LAGGER | bid_ask=-196.16bps ask_bid=183.33bps | leader=binance_futures lagger=gate_futures direction=SHORT_LAGGER bid_ask=-196.16 ask_bid=183.33
2026-02-27T16:23:00.229616Z  INFO lead_lag_classic signal #1818: ATHUSDT | spread=51.02bps | dir=SHORT_LAGGER | bid_ask=-70.95bps ask_bid=51.02bps | leader=binance_futures lagger=gate_futures direction=SHORT_LAGGER bid_ask=-70.95 ask_bid=51.02
2026-02-27T16:23:00.229731Z  INFO lead_lag_classic signal #1819: ENSOUSDT | spread=65.31bps | dir=SHORT_LAGGER | bid_ask=-79.28bps ask_bid=65.31bps | leader=binance_futures lagger=gate_futures direction=SHORT_LAGGER bid_ask=-79.28 ask_bid=65.31
2026-02-27T16:23:00.229821Z  INFO lead_lag_classic signal #1820: POWERUSDT | spread=143.83bps | dir=SHORT_LAGGER | bid_ask=-151.82bps ask_bid=143.83bps | leader=binance_futures lagger=gate_futures direction=SHORT_LAGGER bid_ask=-151.82 ask_bid=143.83
2026-02-27T16:23:00.229889Z  INFO lead_lag_classic signal #1821: SAHARAUSDT | spread=179.32bps | dir=SHORT_LAGGER | bid_ask=-188.29bps ask_bid=179.32bps | leader=binance_futures lagger=gate_futures direction=SHORT_LAGGER bid_ask=-188.29 ask_bid=179.32
2026-02-27T16:23:00.846901Z  INFO lead_lag_classic signal #1822: ATHUSDT | spread=30.55bps | dir=SHORT_LAGGER | bid_ask=-50.68bps ask_bid=30.55bps | leader=binance_futures lagger=gate_futures direction=SHORT_LAGGER bid_ask=-50.68 ask_bid=30.55
2026-02-27T16:23:00.847020Z  INFO lead_lag_classic signal #1823: ENSOUSDT | spread=75.80bps | dir=SHORT_LAGGER | bid_ask=-88.24bps ask_bid=75.80bps | leader=binance_futures lagger=gate_futures direction=SHORT_LAGGER bid_ask=-88.24 ask_bid=75.80
2026-02-27T16:23:00.847124Z  INFO lead_lag_classic signal #1824: POWERUSDT | spread=145.52bps | dir=SHORT_LAGGER | bid_ask=-151.51bps ask_bid=145.52bps | leader=binance_futures lagger=gate_futures direction=SHORT_LAGGER bid_ask=-151.51 ask_bid=145.52
2026-02-27T16:23:00.847190Z  INFO lead_lag_classic signal #1825: SAHARAUSDT | spread=175.07bps | dir=SHORT_LAGGER | bid_ask=-188.22bps ask_bid=175.07bps | leader=binance_futures lagger=gate_futures direction=SHORT_LAGGER bid_ask=-188.22 ask_bid=175.07
2026-02-27T16:23:01.206169Z  INFO lead_lag_classic signal #1826: SAHARAUSDT | spread=170.83bps | dir=SHORT_LAGGER | bid_ask=-184.12bps ask_bid=170.83bps | leader=binance_futures lagger=gate_futures direction=SHORT_LAGGER bid_ask=-184.12 ask_bid=170.83
2026-02-27T16:23:01.206636Z  INFO Status: tickers=63838 (+810/5s) signals=1826 drift=[n=810 avg=160ms p50=136ms p95=369ms p99=565ms max=934ms]
2026-02-27T16:23:02.902856Z  INFO lead_lag_classic signal #1827: ATHUSDT | spread=39.00bps | dir=SHORT_LAGGER | bid_ask=-77.44bps ask_bid=39.00bps | leader=binance_futures lagger=gate_futures direction=SHORT_LAGGER bid_ask=-77.44 ask_bid=39.00
2026-02-27T16:23:02.902951Z  INFO lead_lag_classic signal #1828: BULLAUSDT | spread=64.10bps | dir=LONG_LAGGER | bid_ask=64.10bps ask_bid=-133.67bps | leader=binance_futures lagger=gate_futures direction=LONG_LAGGER bid_ask=64.10 ask_bid=-133.67
2026-02-27T16:23:02.903001Z  INFO lead_lag_classic signal #1829: ENSOUSDT | spread=76.50bps | dir=SHORT_LAGGER | bid_ask=-87.56bps ask_bid=76.50bps | leader=binance_futures lagger=gate_futures direction=SHORT_LAGGER bid_ask=-87.56 ask_bid=76.50
2026-02-27T16:23:02.903100Z  INFO lead_lag_classic signal #1830: POWERUSDT | spread=124.45bps | dir=SHORT_LAGGER | bid_ask=-132.90bps ask_bid=124.45bps | leader=binance_futures lagger=gate_futures direction=SHORT_LAGGER bid_ask=-132.90 ask_bid=124.45
2026-02-27T16:23:02.903166Z  INFO lead_lag_classic signal #1831: SAHARAUSDT | spread=162.43bps | dir=SHORT_LAGGER | bid_ask=-176.01bps ask_bid=162.43bps | leader=binance_futures lagger=gate_futures direction=SHORT_LAGGER bid_ask=-176.01 ask_bid=162.43
2026-02-27T16:23:05.625763Z  INFO lead_lag_classic signal #1832: ENSOUSDT | spread=73.05bps | dir=SHORT_LAGGER | bid_ask=-88.27bps ask_bid=73.05bps | leader=binance_futures lagger=gate_futures direction=SHORT_LAGGER bid_ask=-88.27 ask_bid=73.05
2026-02-27T16:23:06.034667Z  INFO lead_lag_classic signal #1833: ENSOUSDT | spread=69.55bps | dir=SHORT_LAGGER | bid_ask=-84.82bps ask_bid=69.55bps | leader=binance_futures lagger=gate_futures direction=SHORT_LAGGER bid_ask=-84.82 ask_bid=69.55
2026-02-27T16:23:06.765601Z  INFO lead_lag_classic signal #1834: ATHUSDT | spread=49.06bps | dir=SHORT_LAGGER | bid_ask=-67.23bps ask_bid=49.06bps | leader=binance_futures lagger=gate_futures direction=SHORT_LAGGER bid_ask=-67.23 ask_bid=49.06
2026-02-27T16:23:06.765709Z  INFO lead_lag_classic signal #1835: ENSOUSDT | spread=71.65bps | dir=SHORT_LAGGER | bid_ask=-85.52bps ask_bid=71.65bps | leader=binance_futures lagger=gate_futures direction=SHORT_LAGGER bid_ask=-85.52 ask_bid=71.65
2026-02-27T16:23:06.765796Z  INFO lead_lag_classic signal #1836: POWERUSDT | spread=144.39bps | dir=SHORT_LAGGER | bid_ask=-152.79bps ask_bid=144.39bps | leader=binance_futures lagger=gate_futures direction=SHORT_LAGGER bid_ask=-152.79 ask_bid=144.39
2026-02-27T16:23:06.765854Z  INFO lead_lag_classic signal #1837: SAHARAUSDT | spread=170.69bps | dir=SHORT_LAGGER | bid_ask=-183.97bps ask_bid=170.69bps | leader=binance_futures lagger=gate_futures direction=SHORT_LAGGER bid_ask=-183.97 ask_bid=170.69
2026-02-27T16:23:06.766336Z  INFO Status: tickers=64789 (+951/5s) signals=1837 drift=[n=951 avg=203ms p50=163ms p95=515ms p99=808ms max=1294ms]
2026-02-27T16:23:08.712043Z  INFO lead_lag_classic signal #1838: ATHUSDT | spread=54.16bps | dir=SHORT_LAGGER | bid_ask=-75.63bps ask_bid=54.16bps | leader=binance_futures lagger=gate_futures direction=SHORT_LAGGER bid_ask=-75.63 ask_bid=54.16
2026-02-27T16:23:08.712178Z  INFO lead_lag_classic signal #1839: ENSOUSDT | spread=70.25bps | dir=SHORT_LAGGER | bid_ask=-83.46bps ask_bid=70.25bps | leader=binance_futures lagger=gate_futures direction=SHORT_LAGGER bid_ask=-83.46 ask_bid=70.25
2026-02-27T16:23:08.712281Z  INFO lead_lag_classic signal #1840: POWERUSDT | spread=144.41bps | dir=SHORT_LAGGER | bid_ask=-152.54bps ask_bid=144.41bps | leader=binance_futures lagger=gate_futures direction=SHORT_LAGGER bid_ask=-152.54 ask_bid=144.41
2026-02-27T16:23:08.712343Z  INFO lead_lag_classic signal #1841: SAHARAUSDT | spread=166.39bps | dir=SHORT_LAGGER | bid_ask=-179.81bps ask_bid=166.39bps | leader=binance_futures lagger=gate_futures direction=SHORT_LAGGER bid_ask=-179.81 ask_bid=166.39
2026-02-27T16:23:08.877874Z  INFO lead_lag_classic signal #1842: ENSOUSDT | spread=70.25bps | dir=SHORT_LAGGER | bid_ask=-83.46bps ask_bid=70.25bps | leader=binance_futures lagger=gate_futures direction=SHORT_LAGGER bid_ask=-83.46 ask_bid=70.25
2026-02-27T16:23:08.877988Z  INFO lead_lag_classic signal #1843: POWERUSDT | spread=146.31bps | dir=SHORT_LAGGER | bid_ask=-154.26bps ask_bid=146.31bps | leader=binance_futures lagger=gate_futures direction=SHORT_LAGGER bid_ask=-154.26 ask_bid=146.31
2026-02-27T16:23:08.878035Z  INFO lead_lag_classic signal #1844: SAHARAUSDT | spread=170.62bps | dir=SHORT_LAGGER | bid_ask=-183.90bps ask_bid=170.62bps | leader=binance_futures lagger=gate_futures direction=SHORT_LAGGER bid_ask=-183.90 ask_bid=170.62
2026-02-27T16:23:09.498399Z  INFO lead_lag_classic signal #1845: ENSOUSDT | spread=66.75bps | dir=SHORT_LAGGER | bid_ask=-79.33bps ask_bid=66.75bps | leader=binance_futures lagger=gate_futures direction=SHORT_LAGGER bid_ask=-79.33 ask_bid=66.75
2026-02-27T16:23:09.498520Z  INFO lead_lag_classic signal #1846: POWERUSDT | spread=141.97bps | dir=SHORT_LAGGER | bid_ask=-149.74bps ask_bid=141.97bps | leader=binance_futures lagger=gate_futures direction=SHORT_LAGGER bid_ask=-149.74 ask_bid=141.97
2026-02-27T16:23:09.498580Z  INFO lead_lag_classic signal #1847: SAHARAUSDT | spread=170.69bps | dir=SHORT_LAGGER | bid_ask=-183.97bps ask_bid=170.69bps | leader=binance_futures lagger=gate_futures direction=SHORT_LAGGER bid_ask=-183.97 ask_bid=170.69
2026-02-27T16:23:10.107737Z  INFO lead_lag_classic signal #1848: ENSOUSDT | spread=63.25bps | dir=SHORT_LAGGER | bid_ask=-75.88bps ask_bid=63.25bps | leader=binance_futures lagger=gate_futures direction=SHORT_LAGGER bid_ask=-75.88 ask_bid=63.25
2026-02-27T16:23:11.236545Z  INFO lead_lag_classic signal #1849: ATHUSDT | spread=50.76bps | dir=SHORT_LAGGER | bid_ask=-72.27bps ask_bid=50.76bps | leader=binance_futures lagger=gate_futures direction=SHORT_LAGGER bid_ask=-72.27 ask_bid=50.76
2026-02-27T16:23:11.236668Z  INFO lead_lag_classic signal #1850: ENSOUSDT | spread=74.39bps | dir=SHORT_LAGGER | bid_ask=-78.64bps ask_bid=74.39bps | leader=binance_futures lagger=gate_futures direction=SHORT_LAGGER bid_ask=-78.64 ask_bid=74.39
2026-02-27T16:23:11.236758Z  INFO lead_lag_classic signal #1851: POWERUSDT | spread=143.55bps | dir=SHORT_LAGGER | bid_ask=-150.79bps ask_bid=143.55bps | leader=binance_futures lagger=gate_futures direction=SHORT_LAGGER bid_ask=-150.79 ask_bid=143.55
2026-02-27T16:23:11.236819Z  INFO lead_lag_classic signal #1852: SAHARAUSDT | spread=174.93bps | dir=SHORT_LAGGER | bid_ask=-192.07bps ask_bid=174.93bps | leader=binance_futures lagger=gate_futures direction=SHORT_LAGGER bid_ask=-192.07 ask_bid=174.93
2026-02-27T16:23:12.015918Z  INFO lead_lag_classic signal #1853: POWERUSDT | spread=139.99bps | dir=SHORT_LAGGER | bid_ask=-146.88bps ask_bid=139.99bps | leader=binance_futures lagger=gate_futures direction=SHORT_LAGGER bid_ask=-146.88 ask_bid=139.99
2026-02-27T16:23:12.016425Z  INFO Status: tickers=65619 (+830/5s) signals=1853 drift=[n=830 avg=180ms p50=145ms p95=451ms p99=856ms max=1389ms]
2026-02-27T16:23:12.571215Z  INFO lead_lag_classic signal #1854: ENSOUSDT | spread=73.69bps | dir=SHORT_LAGGER | bid_ask=-85.48bps ask_bid=73.69bps | leader=binance_futures lagger=gate_futures direction=SHORT_LAGGER bid_ask=-85.48 ask_bid=73.69
2026-02-27T16:23:12.571361Z  INFO lead_lag_classic signal #1855: POWERUSDT | spread=144.69bps | dir=SHORT_LAGGER | bid_ask=-152.21bps ask_bid=144.69bps | leader=binance_futures lagger=gate_futures direction=SHORT_LAGGER bid_ask=-152.21 ask_bid=144.69
2026-02-27T16:23:12.571417Z  INFO lead_lag_classic signal #1856: SAHARAUSDT | spread=179.17bps | dir=SHORT_LAGGER | bid_ask=-188.14bps ask_bid=179.17bps | leader=binance_futures lagger=gate_futures direction=SHORT_LAGGER bid_ask=-188.14 ask_bid=179.17
2026-02-27T16:23:14.122529Z  INFO lead_lag_classic signal #1857: BULLAUSDT | spread=64.10bps | dir=LONG_LAGGER | bid_ask=64.10bps ask_bid=-133.67bps | leader=binance_futures lagger=gate_futures direction=LONG_LAGGER bid_ask=64.10 ask_bid=-133.67
2026-02-27T16:23:14.122616Z  INFO lead_lag_classic signal #1858: ENSOUSDT | spread=66.67bps | dir=SHORT_LAGGER | bid_ask=-73.77bps ask_bid=66.67bps | leader=binance_futures lagger=gate_futures direction=SHORT_LAGGER bid_ask=-73.77 ask_bid=66.67
2026-02-27T16:23:14.122709Z  INFO lead_lag_classic signal #1859: POWERUSDT | spread=141.11bps | dir=SHORT_LAGGER | bid_ask=-146.94bps ask_bid=141.11bps | leader=binance_futures lagger=gate_futures direction=SHORT_LAGGER bid_ask=-146.94 ask_bid=141.11
2026-02-27T16:23:14.122763Z  INFO lead_lag_classic signal #1860: SAHARAUSDT | spread=183.56bps | dir=SHORT_LAGGER | bid_ask=-188.37bps ask_bid=183.56bps | leader=binance_futures lagger=gate_futures direction=SHORT_LAGGER bid_ask=-188.37 ask_bid=183.56
2026-02-27T16:23:15.951464Z  INFO lead_lag_classic signal #1861: ENSOUSDT | spread=64.57bps | dir=SHORT_LAGGER | bid_ask=-75.11bps ask_bid=64.57bps | leader=binance_futures lagger=gate_futures direction=SHORT_LAGGER bid_ask=-75.11 ask_bid=64.57
2026-02-27T16:23:15.951606Z  INFO lead_lag_classic signal #1862: POWERUSDT | spread=149.42bps | dir=SHORT_LAGGER | bid_ask=-151.16bps ask_bid=149.42bps | leader=binance_futures lagger=gate_futures direction=SHORT_LAGGER bid_ask=-151.16 ask_bid=149.42
2026-02-27T16:23:15.951671Z  INFO lead_lag_classic signal #1863: SAHARAUSDT | spread=183.79bps | dir=SHORT_LAGGER | bid_ask=-196.64bps ask_bid=183.79bps | leader=binance_futures lagger=gate_futures direction=SHORT_LAGGER bid_ask=-196.64 ask_bid=183.79
2026-02-27T16:23:17.724662Z  INFO lead_lag_classic signal #1864: ATHUSDT | spread=62.68bps | dir=SHORT_LAGGER | bid_ask=-82.35bps ask_bid=62.68bps | leader=binance_futures lagger=gate_futures direction=SHORT_LAGGER bid_ask=-82.35 ask_bid=62.68
2026-02-27T16:23:17.724793Z  INFO lead_lag_classic signal #1865: ENSOUSDT | spread=68.70bps | dir=SHORT_LAGGER | bid_ask=-77.12bps ask_bid=68.70bps | leader=binance_futures lagger=gate_futures direction=SHORT_LAGGER bid_ask=-77.12 ask_bid=68.70
2026-02-27T16:23:17.724897Z  INFO lead_lag_classic signal #1866: POWERUSDT | spread=125.58bps | dir=SHORT_LAGGER | bid_ask=-136.14bps ask_bid=125.58bps | leader=binance_futures lagger=gate_futures direction=SHORT_LAGGER bid_ask=-136.14 ask_bid=125.58
2026-02-27T16:23:17.724961Z  INFO lead_lag_classic signal #1867: SAHARAUSDT | spread=179.62bps | dir=SHORT_LAGGER | bid_ask=-192.62bps ask_bid=179.62bps | leader=binance_futures lagger=gate_futures direction=SHORT_LAGGER bid_ask=-192.62 ask_bid=179.62
2026-02-27T16:23:17.725411Z  INFO Status: tickers=66483 (+864/5s) signals=1867 drift=[n=864 avg=195ms p50=158ms p95=501ms p99=731ms max=1112ms]
2026-02-27T16:23:18.211514Z  INFO lead_lag_classic signal #1868: ATHUSDT | spread=62.68bps | dir=SHORT_LAGGER | bid_ask=-82.35bps ask_bid=62.68bps | leader=binance_futures lagger=gate_futures direction=SHORT_LAGGER bid_ask=-82.35 ask_bid=62.68
2026-02-27T16:23:18.211614Z  INFO lead_lag_classic signal #1869: ENSOUSDT | spread=68.70bps | dir=SHORT_LAGGER | bid_ask=-76.44bps ask_bid=68.70bps | leader=binance_futures lagger=gate_futures direction=SHORT_LAGGER bid_ask=-76.44 ask_bid=68.70
2026-02-27T16:23:18.211739Z  INFO lead_lag_classic signal #1870: SAHARAUSDT | spread=175.37bps | dir=SHORT_LAGGER | bid_ask=-188.52bps ask_bid=175.37bps | leader=binance_futures lagger=gate_futures direction=SHORT_LAGGER bid_ask=-188.52 ask_bid=175.37
2026-02-27T16:23:21.278695Z  INFO lead_lag_classic signal #1871: ATHUSDT | spread=69.50bps | dir=SHORT_LAGGER | bid_ask=-89.08bps ask_bid=69.50bps | leader=binance_futures lagger=gate_futures direction=SHORT_LAGGER bid_ask=-89.08 ask_bid=69.50
2026-02-27T16:23:21.278796Z  INFO lead_lag_classic signal #1872: ENSOUSDT | spread=74.99bps | dir=SHORT_LAGGER | bid_ask=-77.86bps ask_bid=74.99bps | leader=binance_futures lagger=gate_futures direction=SHORT_LAGGER bid_ask=-77.86 ask_bid=74.99
2026-02-27T16:23:21.278898Z  INFO lead_lag_classic signal #1873: POWERUSDT | spread=142.85bps | dir=SHORT_LAGGER | bid_ask=-150.07bps ask_bid=142.85bps | leader=binance_futures lagger=gate_futures direction=SHORT_LAGGER bid_ask=-150.07 ask_bid=142.85
2026-02-27T16:23:21.278978Z  INFO lead_lag_classic signal #1874: SAHARAUSDT | spread=162.50bps | dir=SHORT_LAGGER | bid_ask=-172.06bps ask_bid=162.50bps | leader=binance_futures lagger=gate_futures direction=SHORT_LAGGER bid_ask=-172.06 ask_bid=162.50
2026-02-27T16:23:21.892667Z  INFO lead_lag_classic signal #1875: ENSOUSDT | spread=78.49bps | dir=SHORT_LAGGER | bid_ask=-81.31bps ask_bid=78.49bps | leader=binance_futures lagger=gate_futures direction=SHORT_LAGGER bid_ask=-81.31 ask_bid=78.49
2026-02-27T16:23:21.892794Z  INFO lead_lag_classic signal #1876: POWERUSDT | spread=143.38bps | dir=SHORT_LAGGER | bid_ask=-149.63bps ask_bid=143.38bps | leader=binance_futures lagger=gate_futures direction=SHORT_LAGGER bid_ask=-149.63 ask_bid=143.38
2026-02-27T16:23:21.892858Z  INFO lead_lag_classic signal #1877: SAHARAUSDT | spread=158.27bps | dir=SHORT_LAGGER | bid_ask=-167.96bps ask_bid=158.27bps | leader=binance_futures lagger=gate_futures direction=SHORT_LAGGER bid_ask=-167.96 ask_bid=158.27
2026-02-27T16:23:23.061518Z  INFO lead_lag_classic signal #1878: ATHUSDT | spread=55.96bps | dir=SHORT_LAGGER | bid_ask=-75.76bps ask_bid=55.96bps | leader=binance_futures lagger=gate_futures direction=SHORT_LAGGER bid_ask=-75.76 ask_bid=55.96
2026-02-27T16:23:23.062097Z  INFO Status: tickers=67330 (+847/5s) signals=1878 drift=[n=847 avg=196ms p50=152ms p95=520ms p99=1008ms max=1456ms]
2026-02-27T16:23:23.263653Z  INFO lead_lag_classic signal #1879: ATHUSDT | spread=55.96bps | dir=SHORT_LAGGER | bid_ask=-74.07bps ask_bid=55.96bps | leader=binance_futures lagger=gate_futures direction=SHORT_LAGGER bid_ask=-74.07 ask_bid=55.96
2026-02-27T16:23:23.263757Z  INFO lead_lag_classic signal #1880: ENSOUSDT | spread=68.76bps | dir=SHORT_LAGGER | bid_ask=-84.03bps ask_bid=68.76bps | leader=binance_futures lagger=gate_futures direction=SHORT_LAGGER bid_ask=-84.03 ask_bid=68.76
2026-02-27T16:23:23.263847Z  INFO lead_lag_classic signal #1881: POWERUSDT | spread=141.98bps | dir=SHORT_LAGGER | bid_ask=-152.17bps ask_bid=141.98bps | leader=binance_futures lagger=gate_futures direction=SHORT_LAGGER bid_ask=-152.17 ask_bid=141.98
2026-02-27T16:23:23.263909Z  INFO lead_lag_classic signal #1882: SAHARAUSDT | spread=174.93bps | dir=SHORT_LAGGER | bid_ask=-188.06bps ask_bid=174.93bps | leader=binance_futures lagger=gate_futures direction=SHORT_LAGGER bid_ask=-188.06 ask_bid=174.93
2026-02-27T16:23:23.925712Z  INFO lead_lag_classic signal #1883: POWERUSDT | spread=142.97bps | dir=SHORT_LAGGER | bid_ask=-149.61bps ask_bid=142.97bps | leader=binance_futures lagger=gate_futures direction=SHORT_LAGGER bid_ask=-149.61 ask_bid=142.97
2026-02-27T16:23:24.624125Z  INFO lead_lag_classic signal #1884: ENSOUSDT | spread=67.37bps | dir=SHORT_LAGGER | bid_ask=-79.92bps ask_bid=67.37bps | leader=binance_futures lagger=gate_futures direction=SHORT_LAGGER bid_ask=-79.92 ask_bid=67.37
2026-02-27T16:23:24.624293Z  INFO lead_lag_classic signal #1885: POWERUSDT | spread=144.02bps | dir=SHORT_LAGGER | bid_ask=-150.18bps ask_bid=144.02bps | leader=binance_futures lagger=gate_futures direction=SHORT_LAGGER bid_ask=-150.18 ask_bid=144.02
2026-02-27T16:23:24.624369Z  INFO lead_lag_classic signal #1886: SAHARAUSDT | spread=187.73bps | dir=SHORT_LAGGER | bid_ask=-196.40bps ask_bid=187.73bps | leader=binance_futures lagger=gate_futures direction=SHORT_LAGGER bid_ask=-196.40 ask_bid=187.73
2026-02-27T16:23:25.698328Z  INFO lead_lag_classic signal #1887: ATHUSDT | spread=50.85bps | dir=SHORT_LAGGER | bid_ask=-72.39bps ask_bid=50.85bps | leader=binance_futures lagger=gate_futures direction=SHORT_LAGGER bid_ask=-72.39 ask_bid=50.85
2026-02-27T16:23:25.698433Z  INFO lead_lag_classic signal #1888: ENSOUSDT | spread=67.36bps | dir=SHORT_LAGGER | bid_ask=-75.13bps ask_bid=67.36bps | leader=binance_futures lagger=gate_futures direction=SHORT_LAGGER bid_ask=-75.13 ask_bid=67.36
2026-02-27T16:23:25.698513Z  INFO lead_lag_classic signal #1889: POWERUSDT | spread=142.27bps | dir=SHORT_LAGGER | bid_ask=-152.53bps ask_bid=142.27bps | leader=binance_futures lagger=gate_futures direction=SHORT_LAGGER bid_ask=-152.53 ask_bid=142.27
2026-02-27T16:23:25.698577Z  INFO lead_lag_classic signal #1890: SAHARAUSDT | spread=175.22bps | dir=SHORT_LAGGER | bid_ask=-188.37bps ask_bid=175.22bps | leader=binance_futures lagger=gate_futures direction=SHORT_LAGGER bid_ask=-188.37 ask_bid=175.22
2026-02-27T16:23:26.596717Z  INFO lead_lag_classic signal #1891: ATHUSDT | spread=52.55bps | dir=SHORT_LAGGER | bid_ask=-74.07bps ask_bid=52.55bps | leader=binance_futures lagger=gate_futures direction=SHORT_LAGGER bid_ask=-74.07 ask_bid=52.55
2026-02-27T16:23:26.596803Z  INFO lead_lag_classic signal #1892: BULLAUSDT | spread=64.10bps | dir=LONG_LAGGER | bid_ask=64.10bps ask_bid=-133.67bps | leader=binance_futures lagger=gate_futures direction=LONG_LAGGER bid_ask=64.10 ask_bid=-133.67
2026-02-27T16:23:26.596902Z  INFO lead_lag_classic signal #1893: POWERUSDT | spread=134.56bps | dir=SHORT_LAGGER | bid_ask=-142.38bps ask_bid=134.56bps | leader=binance_futures lagger=gate_futures direction=SHORT_LAGGER bid_ask=-142.38 ask_bid=134.56
2026-02-27T16:23:26.596959Z  INFO lead_lag_classic signal #1894: SAHARAUSDT | spread=183.72bps | dir=SHORT_LAGGER | bid_ask=-196.56bps ask_bid=183.72bps | leader=binance_futures lagger=gate_futures direction=SHORT_LAGGER bid_ask=-196.56 ask_bid=183.72
2026-02-27T16:23:27.279037Z  INFO lead_lag_classic signal #1895: ESPUSDT | spread=32.46bps | dir=SHORT_LAGGER | bid_ask=-35.43bps ask_bid=32.46bps | leader=binance_futures lagger=gate_futures direction=SHORT_LAGGER bid_ask=-35.43 ask_bid=32.46
2026-02-27T16:23:27.500105Z  INFO lead_lag_classic signal #1896: ENSOUSDT | spread=68.06bps | dir=SHORT_LAGGER | bid_ask=-75.82bps ask_bid=68.06bps | leader=binance_futures lagger=gate_futures direction=SHORT_LAGGER bid_ask=-75.82 ask_bid=68.06
2026-02-27T16:23:27.500212Z  INFO lead_lag_classic signal #1897: ESPUSDT | spread=32.46bps | dir=SHORT_LAGGER | bid_ask=-35.43bps ask_bid=32.46bps | leader=binance_futures lagger=gate_futures direction=SHORT_LAGGER bid_ask=-35.43 ask_bid=32.46
2026-02-27T16:23:27.500310Z  INFO lead_lag_classic signal #1898: POWERUSDT | spread=149.59bps | dir=SHORT_LAGGER | bid_ask=-153.52bps ask_bid=149.59bps | leader=binance_futures lagger=gate_futures direction=SHORT_LAGGER bid_ask=-153.52 ask_bid=149.59
2026-02-27T16:23:27.500372Z  INFO lead_lag_classic signal #1899: SAHARAUSDT | spread=179.69bps | dir=SHORT_LAGGER | bid_ask=-192.70bps ask_bid=179.69bps | leader=binance_futures lagger=gate_futures direction=SHORT_LAGGER bid_ask=-192.70 ask_bid=179.69
2026-02-27T16:23:28.020729Z  INFO lead_lag_classic signal #1900: ENSOUSDT | spread=66.66bps | dir=SHORT_LAGGER | bid_ask=-74.44bps ask_bid=66.66bps | leader=binance_futures lagger=gate_futures direction=SHORT_LAGGER bid_ask=-74.44 ask_bid=66.66
2026-02-27T16:23:28.020808Z  INFO lead_lag_classic signal #1901: ESPUSDT | spread=32.46bps | dir=SHORT_LAGGER | bid_ask=-35.43bps ask_bid=32.46bps | leader=binance_futures lagger=gate_futures direction=SHORT_LAGGER bid_ask=-35.43 ask_bid=32.46
2026-02-27T16:23:28.020890Z  INFO lead_lag_classic signal #1902: POWERUSDT | spread=152.08bps | dir=SHORT_LAGGER | bid_ask=-155.49bps ask_bid=152.08bps | leader=binance_futures lagger=gate_futures direction=SHORT_LAGGER bid_ask=-155.49 ask_bid=152.08
2026-02-27T16:23:28.020952Z  INFO lead_lag_classic signal #1903: SAHARAUSDT | spread=179.69bps | dir=SHORT_LAGGER | bid_ask=-192.70bps ask_bid=179.69bps | leader=binance_futures lagger=gate_futures direction=SHORT_LAGGER bid_ask=-192.70 ask_bid=179.69
2026-02-27T16:23:29.215287Z  INFO lead_lag_classic signal #1904: ENSOUSDT | spread=65.97bps | dir=SHORT_LAGGER | bid_ask=-80.60bps ask_bid=65.97bps | leader=binance_futures lagger=gate_futures direction=SHORT_LAGGER bid_ask=-80.60 ask_bid=65.97
2026-02-27T16:23:29.215442Z  INFO lead_lag_classic signal #1905: POWERUSDT | spread=142.22bps | dir=SHORT_LAGGER | bid_ask=-152.39bps ask_bid=142.22bps | leader=binance_futures lagger=gate_futures direction=SHORT_LAGGER bid_ask=-152.39 ask_bid=142.22
2026-02-27T16:23:29.215515Z  INFO lead_lag_classic signal #1906: SAHARAUSDT | spread=171.12bps | dir=SHORT_LAGGER | bid_ask=-184.43bps ask_bid=171.12bps | leader=binance_futures lagger=gate_futures direction=SHORT_LAGGER bid_ask=-184.43 ask_bid=171.12
2026-02-27T16:23:29.216018Z  INFO Status: tickers=68275 (+945/5s) signals=1906 drift=[n=945 avg=187ms p50=152ms p95=458ms p99=757ms max=1219ms]
2026-02-27T16:23:29.800244Z  INFO lead_lag_classic signal #1907: ENSOUSDT | spread=66.66bps | dir=SHORT_LAGGER | bid_ask=-75.81bps ask_bid=66.66bps | leader=binance_futures lagger=gate_futures direction=SHORT_LAGGER bid_ask=-75.81 ask_bid=66.66
2026-02-27T16:23:30.346364Z  INFO lead_lag_classic signal #1908: ATHUSDT | spread=47.44bps | dir=SHORT_LAGGER | bid_ask=-65.66bps ask_bid=47.44bps | leader=binance_futures lagger=gate_futures direction=SHORT_LAGGER bid_ask=-65.66 ask_bid=47.44
2026-02-27T16:23:30.346524Z  INFO lead_lag_classic signal #1909: POWERUSDT | spread=141.39bps | dir=SHORT_LAGGER | bid_ask=-150.28bps ask_bid=141.39bps | leader=binance_futures lagger=gate_futures direction=SHORT_LAGGER bid_ask=-150.28 ask_bid=141.39
2026-02-27T16:23:30.346587Z  INFO lead_lag_classic signal #1910: SAHARAUSDT | spread=179.54bps | dir=SHORT_LAGGER | bid_ask=-192.54bps ask_bid=179.54bps | leader=binance_futures lagger=gate_futures direction=SHORT_LAGGER bid_ask=-192.54 ask_bid=179.54
2026-02-27T16:23:30.537087Z  INFO lead_lag_classic signal #1911: POWERUSDT | spread=138.71bps | dir=SHORT_LAGGER | bid_ask=-147.99bps ask_bid=138.71bps | leader=binance_futures lagger=gate_futures direction=SHORT_LAGGER bid_ask=-147.99 ask_bid=138.71
2026-02-27T16:23:30.537184Z  INFO lead_lag_classic signal #1912: SAHARAUSDT | spread=183.79bps | dir=SHORT_LAGGER | bid_ask=-196.64bps ask_bid=183.79bps | leader=binance_futures lagger=gate_futures direction=SHORT_LAGGER bid_ask=-196.64 ask_bid=183.79
2026-02-27T16:23:32.264305Z  INFO lead_lag_classic signal #1913: ATHUSDT | spread=45.74bps | dir=SHORT_LAGGER | bid_ask=-63.97bps ask_bid=45.74bps | leader=binance_futures lagger=gate_futures direction=SHORT_LAGGER bid_ask=-63.97 ask_bid=45.74
2026-02-27T16:23:32.264423Z  INFO lead_lag_classic signal #1914: ENSOUSDT | spread=74.35bps | dir=SHORT_LAGGER | bid_ask=-86.79bps ask_bid=74.35bps | leader=binance_futures lagger=gate_futures direction=SHORT_LAGGER bid_ask=-86.79 ask_bid=74.35
2026-02-27T16:23:32.264528Z  INFO lead_lag_classic signal #1915: POWERUSDT | spread=147.86bps | dir=SHORT_LAGGER | bid_ask=-155.52bps ask_bid=147.86bps | leader=binance_futures lagger=gate_futures direction=SHORT_LAGGER bid_ask=-155.52 ask_bid=147.86
2026-02-27T16:23:32.264588Z  INFO lead_lag_classic signal #1916: SAHARAUSDT | spread=183.64bps | dir=SHORT_LAGGER | bid_ask=-196.48bps ask_bid=183.64bps | leader=binance_futures lagger=gate_futures direction=SHORT_LAGGER bid_ask=-196.48 ask_bid=183.64
2026-02-27T16:23:32.988992Z  INFO lead_lag_classic signal #1917: ATHUSDT | spread=45.74bps | dir=SHORT_LAGGER | bid_ask=-63.97bps ask_bid=45.74bps | leader=binance_futures lagger=gate_futures direction=SHORT_LAGGER bid_ask=-63.97 ask_bid=45.74
2026-02-27T16:23:32.989151Z  INFO lead_lag_classic signal #1918: SAHARAUSDT | spread=179.39bps | dir=SHORT_LAGGER | bid_ask=-192.39bps ask_bid=179.39bps | leader=binance_futures lagger=gate_futures direction=SHORT_LAGGER bid_ask=-192.39 ask_bid=179.39
2026-02-27T16:23:33.528430Z  INFO lead_lag_classic signal #1919: POWERUSDT | spread=143.60bps | dir=SHORT_LAGGER | bid_ask=-154.46bps ask_bid=143.60bps | leader=binance_futures lagger=gate_futures direction=SHORT_LAGGER bid_ask=-154.46 ask_bid=143.60
2026-02-27T16:23:33.528529Z  INFO lead_lag_classic signal #1920: SAHARAUSDT | spread=179.39bps | dir=SHORT_LAGGER | bid_ask=-196.40bps ask_bid=179.39bps | leader=binance_futures lagger=gate_futures direction=SHORT_LAGGER bid_ask=-196.40 ask_bid=179.39
2026-02-27T16:23:34.070737Z  INFO lead_lag_classic signal #1921: POWERUSDT | spread=145.91bps | dir=SHORT_LAGGER | bid_ask=-154.10bps ask_bid=145.91bps | leader=binance_futures lagger=gate_futures direction=SHORT_LAGGER bid_ask=-154.10 ask_bid=145.91
2026-02-27T16:23:34.070828Z  INFO lead_lag_classic signal #1922: SAHARAUSDT | spread=175.00bps | dir=SHORT_LAGGER | bid_ask=-188.14bps ask_bid=175.00bps | leader=binance_futures lagger=gate_futures direction=SHORT_LAGGER bid_ask=-188.14 ask_bid=175.00
2026-02-27T16:23:34.379866Z  INFO lead_lag_classic signal #1923: POWERUSDT | spread=141.33bps | dir=SHORT_LAGGER | bid_ask=-150.55bps ask_bid=141.33bps | leader=binance_futures lagger=gate_futures direction=SHORT_LAGGER bid_ask=-150.55 ask_bid=141.33
2026-02-27T16:23:34.379955Z  INFO lead_lag_classic signal #1924: SAHARAUSDT | spread=175.00bps | dir=SHORT_LAGGER | bid_ask=-188.14bps ask_bid=175.00bps | leader=binance_futures lagger=gate_futures direction=SHORT_LAGGER bid_ask=-188.14 ask_bid=175.00
2026-02-27T16:23:34.380377Z  INFO Status: tickers=69072 (+797/5s) signals=1924 drift=[n=797 avg=201ms p50=166ms p95=472ms p99=886ms max=1217ms]
2026-02-27T16:23:34.505579Z  INFO lead_lag_classic signal #1925: POWERUSDT | spread=145.78bps | dir=SHORT_LAGGER | bid_ask=-152.64bps ask_bid=145.78bps | leader=binance_futures lagger=gate_futures direction=SHORT_LAGGER bid_ask=-152.64 ask_bid=145.78
2026-02-27T16:23:34.615344Z  INFO lead_lag_classic signal #1926: POWERUSDT | spread=150.23bps | dir=SHORT_LAGGER | bid_ask=-156.19bps ask_bid=150.23bps | leader=binance_futures lagger=gate_futures direction=SHORT_LAGGER bid_ask=-156.19 ask_bid=150.23
2026-02-27T16:23:34.615437Z  INFO lead_lag_classic signal #1927: SAHARAUSDT | spread=175.00bps | dir=SHORT_LAGGER | bid_ask=-188.14bps ask_bid=175.00bps | leader=binance_futures lagger=gate_futures direction=SHORT_LAGGER bid_ask=-188.14 ask_bid=175.00
2026-02-27T16:23:35.016857Z  INFO lead_lag_classic signal #1928: ATHUSDT | spread=45.66bps | dir=SHORT_LAGGER | bid_ask=-67.23bps ask_bid=45.66bps | leader=binance_futures lagger=gate_futures direction=SHORT_LAGGER bid_ask=-67.23 ask_bid=45.66
2026-02-27T16:23:35.017030Z  INFO lead_lag_classic signal #1929: SAHARAUSDT | spread=187.50bps | dir=SHORT_LAGGER | bid_ask=-200.16bps ask_bid=187.50bps | leader=binance_futures lagger=gate_futures direction=SHORT_LAGGER bid_ask=-200.16 ask_bid=187.50
2026-02-27T16:23:35.353679Z  INFO lead_lag_classic signal #1930: ATHUSDT | spread=49.06bps | dir=SHORT_LAGGER | bid_ask=-72.27bps ask_bid=49.06bps | leader=binance_futures lagger=gate_futures direction=SHORT_LAGGER bid_ask=-72.27 ask_bid=49.06
2026-02-27T16:23:35.353827Z  INFO lead_lag_classic signal #1931: POWERUSDT | spread=144.33bps | dir=SHORT_LAGGER | bid_ask=-153.33bps ask_bid=144.33bps | leader=binance_futures lagger=gate_futures direction=SHORT_LAGGER bid_ask=-153.33 ask_bid=144.33
2026-02-27T16:23:35.353891Z  INFO lead_lag_classic signal #1932: SAHARAUSDT | spread=187.50bps | dir=SHORT_LAGGER | bid_ask=-200.16bps ask_bid=187.50bps | leader=binance_futures lagger=gate_futures direction=SHORT_LAGGER bid_ask=-200.16 ask_bid=187.50
2026-02-27T16:23:36.508079Z  INFO lead_lag_classic signal #1933: ATHUSDT | spread=59.27bps | dir=SHORT_LAGGER | bid_ask=-84.03bps ask_bid=59.27bps | leader=binance_futures lagger=gate_futures direction=SHORT_LAGGER bid_ask=-84.03 ask_bid=59.27
2026-02-27T16:23:36.508245Z  INFO lead_lag_classic signal #1934: POWERUSDT | spread=151.28bps | dir=SHORT_LAGGER | bid_ask=-157.60bps ask_bid=151.28bps | leader=binance_futures lagger=gate_futures direction=SHORT_LAGGER bid_ask=-157.60 ask_bid=151.28
2026-02-27T16:23:36.508345Z  INFO lead_lag_classic signal #1935: SAHARAUSDT | spread=187.34bps | dir=SHORT_LAGGER | bid_ask=-196.00bps ask_bid=187.34bps | leader=binance_futures lagger=gate_futures direction=SHORT_LAGGER bid_ask=-196.00 ask_bid=187.34
2026-02-27T16:23:36.672600Z  INFO lead_lag_classic signal #1936: ATHUSDT | spread=55.87bps | dir=SHORT_LAGGER | bid_ask=-84.03bps ask_bid=55.87bps | leader=binance_futures lagger=gate_futures direction=SHORT_LAGGER bid_ask=-84.03 ask_bid=55.87
2026-02-27T16:23:36.672719Z  INFO lead_lag_classic signal #1937: POWERUSDT | spread=151.22bps | dir=SHORT_LAGGER | bid_ask=-157.60bps ask_bid=151.22bps | leader=binance_futures lagger=gate_futures direction=SHORT_LAGGER bid_ask=-157.60 ask_bid=151.22
2026-02-27T16:23:36.672775Z  INFO lead_lag_classic signal #1938: SAHARAUSDT | spread=183.10bps | dir=SHORT_LAGGER | bid_ask=-191.92bps ask_bid=183.10bps | leader=binance_futures lagger=gate_futures direction=SHORT_LAGGER bid_ask=-191.92 ask_bid=183.10
2026-02-27T16:23:37.161123Z  INFO lead_lag_classic signal #1939: SAHARAUSDT | spread=187.34bps | dir=SHORT_LAGGER | bid_ask=-200.00bps ask_bid=187.34bps | leader=binance_futures lagger=gate_futures direction=SHORT_LAGGER bid_ask=-200.00 ask_bid=187.34
2026-02-27T16:23:38.710134Z  INFO lead_lag_classic signal #1940: ENSOUSDT | spread=69.45bps | dir=SHORT_LAGGER | bid_ask=-84.70bps ask_bid=69.45bps | leader=binance_futures lagger=gate_futures direction=SHORT_LAGGER bid_ask=-84.70 ask_bid=69.45
2026-02-27T16:23:38.710286Z  INFO lead_lag_classic signal #1941: POWERUSDT | spread=145.63bps | dir=SHORT_LAGGER | bid_ask=-153.77bps ask_bid=145.63bps | leader=binance_futures lagger=gate_futures direction=SHORT_LAGGER bid_ask=-153.77 ask_bid=145.63
2026-02-27T16:23:38.710351Z  INFO lead_lag_classic signal #1942: SAHARAUSDT | spread=186.72bps | dir=SHORT_LAGGER | bid_ask=-207.40bps ask_bid=186.72bps | leader=binance_futures lagger=gate_futures direction=SHORT_LAGGER bid_ask=-207.40 ask_bid=186.72
2026-02-27T16:23:38.905630Z  INFO lead_lag_classic signal #1943: ENSOUSDT | spread=69.45bps | dir=SHORT_LAGGER | bid_ask=-84.70bps ask_bid=69.45bps | leader=binance_futures lagger=gate_futures direction=SHORT_LAGGER bid_ask=-84.70 ask_bid=69.45
2026-02-27T16:23:38.905753Z  INFO lead_lag_classic signal #1944: POWERUSDT | spread=145.24bps | dir=SHORT_LAGGER | bid_ask=-152.25bps ask_bid=145.24bps | leader=binance_futures lagger=gate_futures direction=SHORT_LAGGER bid_ask=-152.25 ask_bid=145.24
2026-02-27T16:23:38.905818Z  INFO lead_lag_classic signal #1945: SAHARAUSDT | spread=190.95bps | dir=SHORT_LAGGER | bid_ask=-207.40bps ask_bid=190.95bps | leader=binance_futures lagger=gate_futures direction=SHORT_LAGGER bid_ask=-207.40 ask_bid=190.95
2026-02-27T16:23:39.096665Z  INFO lead_lag_classic signal #1946: POWERUSDT | spread=134.64bps | dir=SHORT_LAGGER | bid_ask=-142.39bps ask_bid=134.64bps | leader=binance_futures lagger=gate_futures direction=SHORT_LAGGER bid_ask=-142.39 ask_bid=134.64
2026-02-27T16:23:39.096751Z  INFO lead_lag_classic signal #1947: SAHARAUSDT | spread=190.95bps | dir=SHORT_LAGGER | bid_ask=-207.40bps ask_bid=190.95bps | leader=binance_futures lagger=gate_futures direction=SHORT_LAGGER bid_ask=-207.40 ask_bid=190.95
2026-02-27T16:23:41.587969Z  INFO lead_lag_classic signal #1948: SAHARAUSDT | spread=187.19bps | dir=SHORT_LAGGER | bid_ask=-199.84bps ask_bid=187.19bps | leader=binance_futures lagger=gate_futures direction=SHORT_LAGGER bid_ask=-199.84 ask_bid=187.19
2026-02-27T16:23:41.588575Z  INFO Status: tickers=70143 (+1071/5s) signals=1948 drift=[n=1071 avg=197ms p50=162ms p95=495ms p99=672ms max=941ms]
2026-02-27T16:23:41.786442Z  INFO lead_lag_classic signal #1949: POWERUSDT | spread=143.39bps | dir=SHORT_LAGGER | bid_ask=-153.93bps ask_bid=143.39bps | leader=binance_futures lagger=gate_futures direction=SHORT_LAGGER bid_ask=-153.93 ask_bid=143.39
2026-02-27T16:23:41.786544Z  INFO lead_lag_classic signal #1950: SAHARAUSDT | spread=187.19bps | dir=SHORT_LAGGER | bid_ask=-199.84bps ask_bid=187.19bps | leader=binance_futures lagger=gate_futures direction=SHORT_LAGGER bid_ask=-199.84 ask_bid=187.19
2026-02-27T16:23:42.655264Z  INFO lead_lag_classic signal #1951: ATHUSDT | spread=45.66bps | dir=SHORT_LAGGER | bid_ask=-65.55bps ask_bid=45.66bps | leader=binance_futures lagger=gate_futures direction=SHORT_LAGGER bid_ask=-65.55 ask_bid=45.66
2026-02-27T16:23:43.347525Z  INFO lead_lag_classic signal #1952: BULLAUSDT | spread=76.92bps | dir=LONG_LAGGER | bid_ask=76.92bps ask_bid=-146.22bps | leader=binance_futures lagger=gate_futures direction=LONG_LAGGER bid_ask=76.92 ask_bid=-146.22
2026-02-27T16:23:43.347729Z  INFO lead_lag_classic signal #1953: ENSOUSDT | spread=70.16bps | dir=SHORT_LAGGER | bid_ask=-86.77bps ask_bid=70.16bps | leader=binance_futures lagger=gate_futures direction=SHORT_LAGGER bid_ask=-86.77 ask_bid=70.16
2026-02-27T16:23:43.347873Z  INFO lead_lag_classic signal #1954: POWERUSDT | spread=141.91bps | dir=SHORT_LAGGER | bid_ask=-154.63bps ask_bid=141.91bps | leader=binance_futures lagger=gate_futures direction=SHORT_LAGGER bid_ask=-154.63 ask_bid=141.91
2026-02-27T16:23:43.347968Z  INFO lead_lag_classic signal #1955: SAHARAUSDT | spread=174.71bps | dir=SHORT_LAGGER | bid_ask=-187.83bps ask_bid=174.71bps | leader=binance_futures lagger=gate_futures direction=SHORT_LAGGER bid_ask=-187.83 ask_bid=174.71
2026-02-27T16:23:44.088794Z  INFO lead_lag_classic signal #1956: ATHUSDT | spread=47.36bps | dir=SHORT_LAGGER | bid_ask=-83.89bps ask_bid=47.36bps | leader=binance_futures lagger=gate_futures direction=SHORT_LAGGER bid_ask=-83.89 ask_bid=47.36
2026-02-27T16:23:44.088944Z  INFO lead_lag_classic signal #1957: POWERUSDT | spread=146.48bps | dir=SHORT_LAGGER | bid_ask=-154.42bps ask_bid=146.48bps | leader=binance_futures lagger=gate_futures direction=SHORT_LAGGER bid_ask=-154.42 ask_bid=146.48
2026-02-27T16:23:44.089001Z  INFO lead_lag_classic signal #1958: SAHARAUSDT | spread=187.11bps | dir=SHORT_LAGGER | bid_ask=-195.76bps ask_bid=187.11bps | leader=binance_futures lagger=gate_futures direction=SHORT_LAGGER bid_ask=-195.76 ask_bid=187.11
2026-02-27T16:23:45.613905Z  INFO lead_lag_classic signal #1959: POWERUSDT | spread=144.81bps | dir=SHORT_LAGGER | bid_ask=-151.31bps ask_bid=144.81bps | leader=binance_futures lagger=gate_futures direction=SHORT_LAGGER bid_ask=-151.31 ask_bid=144.81
2026-02-27T16:23:45.614018Z  INFO lead_lag_classic signal #1960: SAHARAUSDT | spread=191.67bps | dir=SHORT_LAGGER | bid_ask=-208.16bps ask_bid=191.67bps | leader=binance_futures lagger=gate_futures direction=SHORT_LAGGER bid_ask=-208.16 ask_bid=191.67
2026-02-27T16:23:47.404753Z  INFO lead_lag_classic signal #1961: BULLAUSDT | spread=76.92bps | dir=LONG_LAGGER | bid_ask=76.92bps ask_bid=-146.22bps | leader=binance_futures lagger=gate_futures direction=LONG_LAGGER bid_ask=76.92 ask_bid=-146.22
2026-02-27T16:23:47.404853Z  INFO lead_lag_classic signal #1962: ENSOUSDT | spread=69.45bps | dir=SHORT_LAGGER | bid_ask=-85.39bps ask_bid=69.45bps | leader=binance_futures lagger=gate_futures direction=SHORT_LAGGER bid_ask=-85.39 ask_bid=69.45
2026-02-27T16:23:47.404948Z  INFO lead_lag_classic signal #1963: POWERUSDT | spread=142.61bps | dir=SHORT_LAGGER | bid_ask=-148.84bps ask_bid=142.61bps | leader=binance_futures lagger=gate_futures direction=SHORT_LAGGER bid_ask=-148.84 ask_bid=142.61
2026-02-27T16:23:47.405016Z  INFO lead_lag_classic signal #1964: SAHARAUSDT | spread=183.03bps | dir=SHORT_LAGGER | bid_ask=-191.84bps ask_bid=183.03bps | leader=binance_futures lagger=gate_futures direction=SHORT_LAGGER bid_ask=-191.84 ask_bid=183.03
2026-02-27T16:23:47.405447Z  INFO Status: tickers=70976 (+833/5s) signals=1964 drift=[n=833 avg=214ms p50=171ms p95=554ms p99=815ms max=1117ms]
2026-02-27T16:23:48.460674Z  INFO lead_lag_classic signal #1965: ATHUSDT | spread=30.40bps | dir=SHORT_LAGGER | bid_ask=-52.10bps ask_bid=30.40bps | leader=binance_futures lagger=gate_futures direction=SHORT_LAGGER bid_ask=-52.10 ask_bid=30.40
2026-02-27T16:23:48.460786Z  INFO lead_lag_classic signal #1966: ENSOUSDT | spread=68.75bps | dir=SHORT_LAGGER | bid_ask=-86.77bps ask_bid=68.75bps | leader=binance_futures lagger=gate_futures direction=SHORT_LAGGER bid_ask=-86.77 ask_bid=68.75
2026-02-27T16:23:48.460881Z  INFO lead_lag_classic signal #1967: POWERUSDT | spread=145.54bps | dir=SHORT_LAGGER | bid_ask=-156.11bps ask_bid=145.54bps | leader=binance_futures lagger=gate_futures direction=SHORT_LAGGER bid_ask=-156.11 ask_bid=145.54
2026-02-27T16:23:48.460934Z  INFO lead_lag_classic signal #1968: SAHARAUSDT | spread=186.88bps | dir=SHORT_LAGGER | bid_ask=-195.52bps ask_bid=186.88bps | leader=binance_futures lagger=gate_futures direction=SHORT_LAGGER bid_ask=-195.52 ask_bid=186.88
2026-02-27T16:23:48.663417Z  INFO lead_lag_classic signal #1969: ENSOUSDT | spread=68.75bps | dir=SHORT_LAGGER | bid_ask=-84.70bps ask_bid=68.75bps | leader=binance_futures lagger=gate_futures direction=SHORT_LAGGER bid_ask=-84.70 ask_bid=68.75
2026-02-27T16:23:48.663535Z  INFO lead_lag_classic signal #1970: POWERUSDT | spread=140.28bps | dir=SHORT_LAGGER | bid_ask=-151.14bps ask_bid=140.28bps | leader=binance_futures lagger=gate_futures direction=SHORT_LAGGER bid_ask=-151.14 ask_bid=140.28
2026-02-27T16:23:48.663579Z  INFO lead_lag_classic signal #1971: SAHARAUSDT | spread=186.88bps | dir=SHORT_LAGGER | bid_ask=-199.59bps ask_bid=186.88bps | leader=binance_futures lagger=gate_futures direction=SHORT_LAGGER bid_ask=-199.59 ask_bid=186.88
2026-02-27T16:23:49.283969Z  INFO lead_lag_classic signal #1972: ENSOUSDT | spread=67.37bps | dir=SHORT_LAGGER | bid_ask=-84.70bps ask_bid=67.37bps | leader=binance_futures lagger=gate_futures direction=SHORT_LAGGER bid_ask=-84.70 ask_bid=67.37
2026-02-27T16:23:49.548086Z  INFO lead_lag_classic signal #1973: ATHUSDT | spread=45.59bps | dir=SHORT_LAGGER | bid_ask=-85.43bps ask_bid=45.59bps | leader=binance_futures lagger=gate_futures direction=SHORT_LAGGER bid_ask=-85.43 ask_bid=45.59
2026-02-27T16:23:49.548253Z  INFO lead_lag_classic signal #1974: POWERUSDT | spread=140.01bps | dir=SHORT_LAGGER | bid_ask=-148.27bps ask_bid=140.01bps | leader=binance_futures lagger=gate_futures direction=SHORT_LAGGER bid_ask=-148.27 ask_bid=140.01
2026-02-27T16:23:49.548329Z  INFO lead_lag_classic signal #1975: SAHARAUSDT | spread=182.42bps | dir=SHORT_LAGGER | bid_ask=-187.22bps ask_bid=182.42bps | leader=binance_futures lagger=gate_futures direction=SHORT_LAGGER bid_ask=-187.22 ask_bid=182.42
2026-02-27T16:23:52.262184Z  INFO lead_lag_classic signal #1976: ATHUSDT | spread=52.37bps | dir=SHORT_LAGGER | bid_ask=-72.15bps ask_bid=52.37bps | leader=binance_futures lagger=gate_futures direction=SHORT_LAGGER bid_ask=-72.15 ask_bid=52.37
2026-02-27T16:23:52.262284Z  INFO lead_lag_classic signal #1977: BULLAUSDT | spread=76.92bps | dir=LONG_LAGGER | bid_ask=76.92bps ask_bid=-146.22bps | leader=binance_futures lagger=gate_futures direction=LONG_LAGGER bid_ask=76.92 ask_bid=-146.22
2026-02-27T16:23:52.262396Z  INFO lead_lag_classic signal #1978: POWERUSDT | spread=163.07bps | dir=SHORT_LAGGER | bid_ask=-169.37bps ask_bid=163.07bps | leader=binance_futures lagger=gate_futures direction=SHORT_LAGGER bid_ask=-169.37 ask_bid=163.07
2026-02-27T16:23:52.262455Z  INFO lead_lag_classic signal #1979: SAHARAUSDT | spread=191.19bps | dir=SHORT_LAGGER | bid_ask=-199.67bps ask_bid=191.19bps | leader=binance_futures lagger=gate_futures direction=SHORT_LAGGER bid_ask=-199.67 ask_bid=191.19
2026-02-27T16:23:52.600462Z  INFO lead_lag_classic signal #1980: SAHARAUSDT | spread=187.03bps | dir=SHORT_LAGGER | bid_ask=-199.67bps ask_bid=187.03bps | leader=binance_futures lagger=gate_futures direction=SHORT_LAGGER bid_ask=-199.67 ask_bid=187.03
2026-02-27T16:23:52.600876Z  INFO Status: tickers=71765 (+789/5s) signals=1980 drift=[n=789 avg=200ms p50=169ms p95=515ms p99=754ms max=1077ms]
2026-02-27T16:23:53.209261Z  INFO lead_lag_classic signal #1981: BULLAUSDT | spread=76.92bps | dir=LONG_LAGGER | bid_ask=76.92bps ask_bid=-146.22bps | leader=binance_futures lagger=gate_futures direction=LONG_LAGGER bid_ask=76.92 ask_bid=-146.22
2026-02-27T16:23:54.119012Z  INFO lead_lag_classic signal #1982: ATHUSDT | spread=55.77bps | dir=SHORT_LAGGER | bid_ask=-75.50bps ask_bid=55.77bps | leader=binance_futures lagger=gate_futures direction=SHORT_LAGGER bid_ask=-75.50 ask_bid=55.77
2026-02-27T16:23:54.119121Z  INFO lead_lag_classic signal #1983: ENSOUSDT | spread=66.67bps | dir=SHORT_LAGGER | bid_ask=-84.02bps ask_bid=66.67bps | leader=binance_futures lagger=gate_futures direction=SHORT_LAGGER bid_ask=-84.02 ask_bid=66.67
2026-02-27T16:23:54.119231Z  INFO lead_lag_classic signal #1984: POWERUSDT | spread=156.91bps | dir=SHORT_LAGGER | bid_ask=-162.72bps ask_bid=156.91bps | leader=binance_futures lagger=gate_futures direction=SHORT_LAGGER bid_ask=-162.72 ask_bid=156.91
2026-02-27T16:23:54.119311Z  INFO lead_lag_classic signal #1985: SAHARAUSDT | spread=178.65bps | dir=SHORT_LAGGER | bid_ask=-195.60bps ask_bid=178.65bps | leader=binance_futures lagger=gate_futures direction=SHORT_LAGGER bid_ask=-195.60 ask_bid=178.65
2026-02-27T16:23:55.352568Z  INFO Gate NATR refresh: fetched=12 missing=0 batch=12 symbols=43
2026-02-27T16:23:56.479976Z  INFO lead_lag_classic signal #1986: BULLAUSDT | spread=76.92bps | dir=LONG_LAGGER | bid_ask=76.92bps ask_bid=-146.22bps | leader=binance_futures lagger=gate_futures direction=LONG_LAGGER bid_ask=76.92 ask_bid=-146.22
2026-02-27T16:23:56.480068Z  INFO lead_lag_classic signal #1987: ENSOUSDT | spread=65.26bps | dir=SHORT_LAGGER | bid_ask=-81.95bps ask_bid=65.26bps | leader=binance_futures lagger=gate_futures direction=SHORT_LAGGER bid_ask=-81.95 ask_bid=65.26
2026-02-27T16:23:56.480204Z  INFO lead_lag_classic signal #1988: SAHARAUSDT | spread=182.57bps | dir=SHORT_LAGGER | bid_ask=-191.37bps ask_bid=182.57bps | leader=binance_futures lagger=gate_futures direction=SHORT_LAGGER bid_ask=-191.37 ask_bid=182.57
2026-02-27T16:23:56.841210Z  INFO lead_lag_classic signal #1989: ATHUSDT | spread=37.17bps | dir=SHORT_LAGGER | bid_ask=-57.14bps ask_bid=37.17bps | leader=binance_futures lagger=gate_futures direction=SHORT_LAGGER bid_ask=-57.14 ask_bid=37.17
2026-02-27T16:23:56.841317Z  INFO lead_lag_classic signal #1990: BULLAUSDT | spread=70.51bps | dir=LONG_LAGGER | bid_ask=70.51bps ask_bid=-139.95bps | leader=binance_futures lagger=gate_futures direction=LONG_LAGGER bid_ask=70.51 ask_bid=-139.95
2026-02-27T16:23:56.841372Z  INFO lead_lag_classic signal #1991: ENSOUSDT | spread=61.77bps | dir=SHORT_LAGGER | bid_ask=-78.51bps ask_bid=61.77bps | leader=binance_futures lagger=gate_futures direction=SHORT_LAGGER bid_ask=-78.51 ask_bid=61.77
2026-02-27T16:23:56.841471Z  INFO lead_lag_classic signal #1992: POWERUSDT | spread=160.34bps | dir=SHORT_LAGGER | bid_ask=-174.80bps ask_bid=160.34bps | leader=binance_futures lagger=gate_futures direction=SHORT_LAGGER bid_ask=-174.80 ask_bid=160.34
2026-02-27T16:23:56.841543Z  INFO lead_lag_classic signal #1993: SAHARAUSDT | spread=195.34bps | dir=SHORT_LAGGER | bid_ask=-207.65bps ask_bid=195.34bps | leader=binance_futures lagger=gate_futures direction=SHORT_LAGGER bid_ask=-207.65 ask_bid=195.34
2026-02-27T16:23:57.056790Z  INFO lead_lag_classic signal #1994: ATHUSDT | spread=40.57bps | dir=SHORT_LAGGER | bid_ask=-60.50bps ask_bid=40.57bps | leader=binance_futures lagger=gate_futures direction=SHORT_LAGGER bid_ask=-60.50 ask_bid=40.57
2026-02-27T16:23:57.056887Z  INFO lead_lag_classic signal #1995: ENSOUSDT | spread=62.47bps | dir=SHORT_LAGGER | bid_ask=-79.20bps ask_bid=62.47bps | leader=binance_futures lagger=gate_futures direction=SHORT_LAGGER bid_ask=-79.20 ask_bid=62.47
2026-02-27T16:23:57.056971Z  INFO lead_lag_classic signal #1996: POWERUSDT | spread=161.46bps | dir=SHORT_LAGGER | bid_ask=-171.04bps ask_bid=161.46bps | leader=binance_futures lagger=gate_futures direction=SHORT_LAGGER bid_ask=-171.04 ask_bid=161.46
2026-02-27T16:23:57.057038Z  INFO lead_lag_classic signal #1997: SAHARAUSDT | spread=195.34bps | dir=SHORT_LAGGER | bid_ask=-207.65bps ask_bid=195.34bps | leader=binance_futures lagger=gate_futures direction=SHORT_LAGGER bid_ask=-207.65 ask_bid=195.34
2026-02-27T16:23:57.611526Z  INFO lead_lag_classic signal #1998: ATHUSDT | spread=40.57bps | dir=SHORT_LAGGER | bid_ask=-58.82bps ask_bid=40.57bps | leader=binance_futures lagger=gate_futures direction=SHORT_LAGGER bid_ask=-58.82 ask_bid=40.57
2026-02-27T16:23:57.611633Z  INFO lead_lag_classic signal #1999: ENSOUSDT | spread=72.20bps | dir=SHORT_LAGGER | bid_ask=-81.26bps ask_bid=72.20bps | leader=binance_futures lagger=gate_futures direction=SHORT_LAGGER bid_ask=-81.26 ask_bid=72.20
2026-02-27T16:23:57.612062Z  INFO Status: tickers=72493 (+728/5s) signals=1999 drift=[n=728 avg=203ms p50=176ms p95=482ms p99=612ms max=735ms]
2026-02-27T16:24:00.954801Z  INFO lead_lag_classic signal #2000: ATHUSDT | spread=40.57bps | dir=SHORT_LAGGER | bid_ask=-62.18bps ask_bid=40.57bps | leader=binance_futures lagger=gate_futures direction=SHORT_LAGGER bid_ask=-62.18 ask_bid=40.57
2026-02-27T16:24:00.955168Z  INFO lead_lag_classic signal #2001: BULLAUSDT | spread=70.51bps | dir=LONG_LAGGER | bid_ask=70.51bps ask_bid=-139.95bps | leader=binance_futures lagger=gate_futures direction=LONG_LAGGER bid_ask=70.51 ask_bid=-139.95
2026-02-27T16:24:00.955277Z  INFO lead_lag_classic signal #2002: ESPUSDT | spread=34.79bps | dir=SHORT_LAGGER | bid_ask=-40.04bps ask_bid=34.79bps | leader=binance_futures lagger=gate_futures direction=SHORT_LAGGER bid_ask=-40.04 ask_bid=34.79
2026-02-27T16:24:00.955393Z  INFO lead_lag_classic signal #2003: POWERUSDT | spread=156.22bps | dir=SHORT_LAGGER | bid_ask=-164.56bps ask_bid=156.22bps | leader=binance_futures lagger=gate_futures direction=SHORT_LAGGER bid_ask=-164.56 ask_bid=156.22
2026-02-27T16:24:00.955454Z  INFO lead_lag_classic signal #2004: SAHARAUSDT | spread=182.95bps | dir=SHORT_LAGGER | bid_ask=-195.76bps ask_bid=182.95bps | leader=binance_futures lagger=gate_futures direction=SHORT_LAGGER bid_ask=-195.76 ask_bid=182.95
2026-02-27T16:24:01.633398Z  INFO lead_lag_classic signal #2005: BULLAUSDT | spread=70.51bps | dir=LONG_LAGGER | bid_ask=70.51bps ask_bid=-139.95bps | leader=binance_futures lagger=gate_futures direction=LONG_LAGGER bid_ask=70.51 ask_bid=-139.95
2026-02-27T16:24:02.132107Z  INFO lead_lag_classic signal #2006: ATHUSDT | spread=64.38bps | dir=SHORT_LAGGER | bid_ask=-82.35bps ask_bid=64.38bps | leader=binance_futures lagger=gate_futures direction=SHORT_LAGGER bid_ask=-82.35 ask_bid=64.38
2026-02-27T16:24:02.132225Z  INFO lead_lag_classic signal #2007: ENSOUSDT | spread=66.60bps | dir=SHORT_LAGGER | bid_ask=-85.30bps ask_bid=66.60bps | leader=binance_futures lagger=gate_futures direction=SHORT_LAGGER bid_ask=-85.30 ask_bid=66.60
2026-02-27T16:24:02.132286Z  INFO lead_lag_classic signal #2008: ESPUSDT | spread=31.71bps | dir=SHORT_LAGGER | bid_ask=-38.53bps ask_bid=31.71bps | leader=binance_futures lagger=gate_futures direction=SHORT_LAGGER bid_ask=-38.53 ask_bid=31.71
2026-02-27T16:24:02.132379Z  INFO lead_lag_classic signal #2009: POWERUSDT | spread=156.09bps | dir=SHORT_LAGGER | bid_ask=-166.30bps ask_bid=156.09bps | leader=binance_futures lagger=gate_futures direction=SHORT_LAGGER bid_ask=-166.30 ask_bid=156.09
2026-02-27T16:24:02.132441Z  INFO lead_lag_classic signal #2010: SAHARAUSDT | spread=183.03bps | dir=SHORT_LAGGER | bid_ask=-191.84bps ask_bid=183.03bps | leader=binance_futures lagger=gate_futures direction=SHORT_LAGGER bid_ask=-191.84 ask_bid=183.03
2026-02-27T16:24:04.380170Z  INFO lead_lag_classic signal #2011: ENSOUSDT | spread=61.01bps | dir=SHORT_LAGGER | bid_ask=-77.73bps ask_bid=61.01bps | leader=binance_futures lagger=gate_futures direction=SHORT_LAGGER bid_ask=-77.73 ask_bid=61.01
2026-02-27T16:24:04.380334Z  INFO lead_lag_classic signal #2012: POWERUSDT | spread=154.98bps | dir=SHORT_LAGGER | bid_ask=-163.94bps ask_bid=154.98bps | leader=binance_futures lagger=gate_futures direction=SHORT_LAGGER bid_ask=-163.94 ask_bid=154.98
2026-02-27T16:24:04.380393Z  INFO lead_lag_classic signal #2013: SAHARAUSDT | spread=178.72bps | dir=SHORT_LAGGER | bid_ask=-191.68bps ask_bid=178.72bps | leader=binance_futures lagger=gate_futures direction=SHORT_LAGGER bid_ask=-191.68 ask_bid=178.72
2026-02-27T16:24:04.380959Z  INFO Status: tickers=73548 (+1055/5s) signals=2013 drift=[n=1055 avg=203ms p50=171ms p95=510ms p99=910ms max=1499ms]
2026-02-27T16:24:04.625120Z  INFO lead_lag_classic signal #2014: ATHUSDT | spread=47.52bps | dir=SHORT_LAGGER | bid_ask=-70.83bps ask_bid=47.52bps | leader=binance_futures lagger=gate_futures direction=SHORT_LAGGER bid_ask=-70.83 ask_bid=47.52
2026-02-27T16:24:04.625293Z  INFO lead_lag_classic signal #2015: POWERUSDT | spread=157.89bps | dir=SHORT_LAGGER | bid_ask=-165.23bps ask_bid=157.89bps | leader=binance_futures lagger=gate_futures direction=SHORT_LAGGER bid_ask=-165.23 ask_bid=157.89
2026-02-27T16:24:04.625354Z  INFO lead_lag_classic signal #2016: SAHARAUSDT | spread=178.72bps | dir=SHORT_LAGGER | bid_ask=-191.68bps ask_bid=178.72bps | leader=binance_futures lagger=gate_futures direction=SHORT_LAGGER bid_ask=-191.68 ask_bid=178.72
2026-02-27T16:24:06.128187Z  INFO lead_lag_classic signal #2017: ATHUSDT | spread=47.52bps | dir=SHORT_LAGGER | bid_ask=-69.14bps ask_bid=47.52bps | leader=binance_futures lagger=gate_futures direction=SHORT_LAGGER bid_ask=-69.14 ask_bid=47.52
2026-02-27T16:24:06.128278Z  INFO lead_lag_classic signal #2018: BULLAUSDT | spread=64.10bps | dir=LONG_LAGGER | bid_ask=64.10bps ask_bid=-133.67bps | leader=binance_futures lagger=gate_futures direction=LONG_LAGGER bid_ask=64.10 ask_bid=-133.67
2026-02-27T16:24:06.128396Z  INFO lead_lag_classic signal #2019: POWERUSDT | spread=150.97bps | dir=SHORT_LAGGER | bid_ask=-164.63bps ask_bid=150.97bps | leader=binance_futures lagger=gate_futures direction=SHORT_LAGGER bid_ask=-164.63 ask_bid=150.97
2026-02-27T16:24:07.186905Z  INFO lead_lag_classic signal #2020: ATHUSDT | spread=50.93bps | dir=SHORT_LAGGER | bid_ask=-74.20bps ask_bid=50.93bps | leader=binance_futures lagger=gate_futures direction=SHORT_LAGGER bid_ask=-74.20 ask_bid=50.93
2026-02-27T16:24:07.187067Z  INFO lead_lag_classic signal #2021: POWERUSDT | spread=152.26bps | dir=SHORT_LAGGER | bid_ask=-163.23bps ask_bid=152.26bps | leader=binance_futures lagger=gate_futures direction=SHORT_LAGGER bid_ask=-163.23 ask_bid=152.26
2026-02-27T16:24:07.187137Z  INFO lead_lag_classic signal #2022: SAHARAUSDT | spread=179.24bps | dir=SHORT_LAGGER | bid_ask=-188.22bps ask_bid=179.24bps | leader=binance_futures lagger=gate_futures direction=SHORT_LAGGER bid_ask=-188.22 ask_bid=179.24
2026-02-27T16:24:08.110557Z  INFO lead_lag_classic signal #2023: ATHUSDT | spread=56.06bps | dir=SHORT_LAGGER | bid_ask=-77.57bps ask_bid=56.06bps | leader=binance_futures lagger=gate_futures direction=SHORT_LAGGER bid_ask=-77.57 ask_bid=56.06
2026-02-27T16:24:08.110719Z  INFO lead_lag_classic signal #2024: PIPPINUSDT | spread=36.89bps | dir=LONG_LAGGER | bid_ask=36.89bps ask_bid=-52.10bps | leader=binance_futures lagger=gate_futures direction=LONG_LAGGER bid_ask=36.89 ask_bid=-52.10
2026-02-27T16:24:08.110762Z  INFO lead_lag_classic signal #2025: POWERUSDT | spread=156.04bps | dir=SHORT_LAGGER | bid_ask=-167.85bps ask_bid=156.04bps | leader=binance_futures lagger=gate_futures direction=SHORT_LAGGER bid_ask=-167.85 ask_bid=156.04
2026-02-27T16:24:08.110822Z  INFO lead_lag_classic signal #2026: SAHARAUSDT | spread=196.24bps | dir=SHORT_LAGGER | bid_ask=-204.58bps ask_bid=196.24bps | leader=binance_futures lagger=gate_futures direction=SHORT_LAGGER bid_ask=-204.58 ask_bid=196.24
2026-02-27T16:24:09.845774Z  INFO lead_lag_classic signal #2027: ATHUSDT | spread=56.06bps | dir=SHORT_LAGGER | bid_ask=-77.57bps ask_bid=56.06bps | leader=binance_futures lagger=gate_futures direction=SHORT_LAGGER bid_ask=-77.57 ask_bid=56.06
2026-02-27T16:24:09.845998Z  INFO lead_lag_classic signal #2028: POWERUSDT | spread=148.33bps | dir=SHORT_LAGGER | bid_ask=-154.42bps ask_bid=148.33bps | leader=binance_futures lagger=gate_futures direction=SHORT_LAGGER bid_ask=-154.42 ask_bid=148.33
2026-02-27T16:24:09.846069Z  INFO lead_lag_classic signal #2029: SAHARAUSDT | spread=179.47bps | dir=SHORT_LAGGER | bid_ask=-188.45bps ask_bid=179.47bps | leader=binance_futures lagger=gate_futures direction=SHORT_LAGGER bid_ask=-188.45 ask_bid=179.47
2026-02-27T16:24:09.846586Z  INFO Status: tickers=74382 (+834/5s) signals=2029 drift=[n=834 avg=213ms p50=174ms p95=538ms p99=944ms max=1932ms]
2026-02-27T16:24:12.884806Z  INFO lead_lag_classic signal #2030: ATHUSDT | spread=47.44bps | dir=SHORT_LAGGER | bid_ask=-69.02bps ask_bid=47.44bps | leader=binance_futures lagger=gate_futures direction=SHORT_LAGGER bid_ask=-69.02 ask_bid=47.44
2026-02-27T16:24:12.884999Z  INFO lead_lag_classic signal #2031: SAHARAUSDT | spread=183.56bps | dir=SHORT_LAGGER | bid_ask=-192.39bps ask_bid=183.56bps | leader=binance_futures lagger=gate_futures direction=SHORT_LAGGER bid_ask=-192.39 ask_bid=183.56
2026-02-27T16:24:13.115405Z  INFO lead_lag_classic signal #2032: ATHUSDT | spread=50.85bps | dir=SHORT_LAGGER | bid_ask=-70.71bps ask_bid=50.85bps | leader=binance_futures lagger=gate_futures direction=SHORT_LAGGER bid_ask=-70.71 ask_bid=50.85
2026-02-27T16:24:13.115544Z  INFO lead_lag_classic signal #2033: POWERUSDT | spread=152.29bps | dir=SHORT_LAGGER | bid_ask=-166.34bps ask_bid=152.29bps | leader=binance_futures lagger=gate_futures direction=SHORT_LAGGER bid_ask=-166.34 ask_bid=152.29
2026-02-27T16:24:13.115608Z  INFO lead_lag_classic signal #2034: SAHARAUSDT | spread=179.32bps | dir=SHORT_LAGGER | bid_ask=-188.29bps ask_bid=179.32bps | leader=binance_futures lagger=gate_futures direction=SHORT_LAGGER bid_ask=-188.29 ask_bid=179.32
2026-02-27T16:24:13.259602Z  INFO lead_lag_classic signal #2035: ATHUSDT | spread=57.67bps | dir=SHORT_LAGGER | bid_ask=-77.44bps ask_bid=57.67bps | leader=binance_futures lagger=gate_futures direction=SHORT_LAGGER bid_ask=-77.44 ask_bid=57.67
2026-02-27T16:24:13.259722Z  INFO lead_lag_classic signal #2036: POWERUSDT | spread=187.31bps | dir=SHORT_LAGGER | bid_ask=-195.98bps ask_bid=187.31bps | leader=binance_futures lagger=gate_futures direction=SHORT_LAGGER bid_ask=-195.98 ask_bid=187.31
2026-02-27T16:24:13.421208Z  INFO lead_lag_classic signal #2037: POWERUSDT | spread=184.84bps | dir=SHORT_LAGGER | bid_ask=-193.16bps ask_bid=184.84bps | leader=binance_futures lagger=gate_futures direction=SHORT_LAGGER bid_ask=-193.16 ask_bid=184.84
2026-02-27T16:24:13.994427Z  INFO lead_lag_classic signal #2038: ATHUSDT | spread=44.11bps | dir=SHORT_LAGGER | bid_ask=-65.77bps ask_bid=44.11bps | leader=binance_futures lagger=gate_futures direction=SHORT_LAGGER bid_ask=-65.77 ask_bid=44.11
2026-02-27T16:24:13.994535Z  INFO lead_lag_classic signal #2039: ENSOUSDT | spread=72.81bps | dir=SHORT_LAGGER | bid_ask=-83.21bps ask_bid=72.81bps | leader=binance_futures lagger=gate_futures direction=SHORT_LAGGER bid_ask=-83.21 ask_bid=72.81
2026-02-27T16:24:13.994632Z  INFO lead_lag_classic signal #2040: POWERUSDT | spread=149.60bps | dir=SHORT_LAGGER | bid_ask=-158.00bps ask_bid=149.60bps | leader=binance_futures lagger=gate_futures direction=SHORT_LAGGER bid_ask=-158.00 ask_bid=149.60
2026-02-27T16:24:13.994697Z  INFO lead_lag_classic signal #2041: SAHARAUSDT | spread=179.39bps | dir=SHORT_LAGGER | bid_ask=-192.39bps ask_bid=179.39bps | leader=binance_futures lagger=gate_futures direction=SHORT_LAGGER bid_ask=-192.39 ask_bid=179.39
2026-02-27T16:24:14.916988Z  INFO lead_lag_classic signal #2042: ATHUSDT | spread=44.11bps | dir=SHORT_LAGGER | bid_ask=-64.08bps ask_bid=44.11bps | leader=binance_futures lagger=gate_futures direction=SHORT_LAGGER bid_ask=-64.08 ask_bid=44.11
2026-02-27T16:24:14.917149Z  INFO lead_lag_classic signal #2043: POWERUSDT | spread=149.61bps | dir=SHORT_LAGGER | bid_ask=-158.33bps ask_bid=149.61bps | leader=binance_futures lagger=gate_futures direction=SHORT_LAGGER bid_ask=-158.33 ask_bid=149.61
2026-02-27T16:24:14.917218Z  INFO lead_lag_classic signal #2044: SAHARAUSDT | spread=192.15bps | dir=SHORT_LAGGER | bid_ask=-204.67bps ask_bid=192.15bps | leader=binance_futures lagger=gate_futures direction=SHORT_LAGGER bid_ask=-204.67 ask_bid=192.15
2026-02-27T16:24:14.917625Z  INFO Status: tickers=75161 (+779/5s) signals=2044 drift=[n=779 avg=197ms p50=153ms p95=520ms p99=980ms max=2109ms]
2026-02-27T16:24:16.482237Z  INFO lead_lag_classic signal #2045: ESPUSDT | spread=33.28bps | dir=SHORT_LAGGER | bid_ask=-36.25bps ask_bid=33.28bps | leader=binance_futures lagger=gate_futures direction=SHORT_LAGGER bid_ask=-36.25 ask_bid=33.28
2026-02-27T16:24:16.482374Z  INFO lead_lag_classic signal #2046: POWERUSDT | spread=153.07bps | dir=SHORT_LAGGER | bid_ask=-162.14bps ask_bid=153.07bps | leader=binance_futures lagger=gate_futures direction=SHORT_LAGGER bid_ask=-162.14 ask_bid=153.07
2026-02-27T16:24:18.660020Z  INFO lead_lag_classic signal #2047: ATHUSDT | spread=45.82bps | dir=SHORT_LAGGER | bid_ask=-64.08bps ask_bid=45.82bps | leader=binance_futures lagger=gate_futures direction=SHORT_LAGGER bid_ask=-64.08 ask_bid=45.82
2026-02-27T16:24:18.660137Z  INFO lead_lag_classic signal #2048: ENSOUSDT | spread=71.43bps | dir=SHORT_LAGGER | bid_ask=-83.90bps ask_bid=71.43bps | leader=binance_futures lagger=gate_futures direction=SHORT_LAGGER bid_ask=-83.90 ask_bid=71.43
2026-02-27T16:24:18.660268Z  INFO lead_lag_classic signal #2049: ESPUSDT | spread=33.28bps | dir=SHORT_LAGGER | bid_ask=-37.02bps ask_bid=33.28bps | leader=binance_futures lagger=gate_futures direction=SHORT_LAGGER bid_ask=-37.02 ask_bid=33.28
2026-02-27T16:24:18.660377Z  INFO lead_lag_classic signal #2050: POWERUSDT | spread=149.16bps | dir=SHORT_LAGGER | bid_ask=-160.87bps ask_bid=149.16bps | leader=binance_futures lagger=gate_futures direction=SHORT_LAGGER bid_ask=-160.87 ask_bid=149.16
2026-02-27T16:24:18.660442Z  INFO lead_lag_classic signal #2051: SAHARAUSDT | spread=183.87bps | dir=SHORT_LAGGER | bid_ask=-196.72bps ask_bid=183.87bps | leader=binance_futures lagger=gate_futures direction=SHORT_LAGGER bid_ask=-196.72 ask_bid=183.87
2026-02-27T16:24:19.176947Z  INFO lead_lag_classic signal #2052: ESPUSDT | spread=33.28bps | dir=SHORT_LAGGER | bid_ask=-37.02bps ask_bid=33.28bps | leader=binance_futures lagger=gate_futures direction=SHORT_LAGGER bid_ask=-37.02 ask_bid=33.28
2026-02-27T16:24:19.487494Z  INFO lead_lag_classic signal #2053: ENSOUSDT | spread=73.52bps | dir=SHORT_LAGGER | bid_ask=-85.96bps ask_bid=73.52bps | leader=binance_futures lagger=gate_futures direction=SHORT_LAGGER bid_ask=-85.96 ask_bid=73.52
2026-02-27T16:24:19.487648Z  INFO lead_lag_classic signal #2054: POWERUSDT | spread=157.07bps | dir=SHORT_LAGGER | bid_ask=-159.73bps ask_bid=157.07bps | leader=binance_futures lagger=gate_futures direction=SHORT_LAGGER bid_ask=-159.73 ask_bid=157.07
2026-02-27T16:24:19.487709Z  INFO lead_lag_classic signal #2055: SAHARAUSDT | spread=171.55bps | dir=SHORT_LAGGER | bid_ask=-188.91bps ask_bid=171.55bps | leader=binance_futures lagger=gate_futures direction=SHORT_LAGGER bid_ask=-188.91 ask_bid=171.55
2026-02-27T16:24:20.010564Z  INFO lead_lag_classic signal #2056: ATHUSDT | spread=47.52bps | dir=SHORT_LAGGER | bid_ask=-67.45bps ask_bid=47.52bps | leader=binance_futures lagger=gate_futures direction=SHORT_LAGGER bid_ask=-67.45 ask_bid=47.52
2026-02-27T16:24:20.010722Z  INFO lead_lag_classic signal #2057: POWERUSDT | spread=170.26bps | dir=SHORT_LAGGER | bid_ask=-175.97bps ask_bid=170.26bps | leader=binance_futures lagger=gate_futures direction=SHORT_LAGGER bid_ask=-175.97 ask_bid=170.26
2026-02-27T16:24:20.010778Z  INFO lead_lag_classic signal #2058: SAHARAUSDT | spread=171.55bps | dir=SHORT_LAGGER | bid_ask=-188.91bps ask_bid=171.55bps | leader=binance_futures lagger=gate_futures direction=SHORT_LAGGER bid_ask=-188.91 ask_bid=171.55
2026-02-27T16:24:20.011180Z  INFO Status: tickers=75940 (+779/5s) signals=2058 drift=[n=779 avg=203ms p50=151ms p95=570ms p99=1077ms max=1460ms]
2026-02-27T16:24:21.070314Z  INFO lead_lag_classic signal #2059: ENSOUSDT | spread=72.13bps | dir=SHORT_LAGGER | bid_ask=-84.59bps ask_bid=72.13bps | leader=binance_futures lagger=gate_futures direction=SHORT_LAGGER bid_ask=-84.59 ask_bid=72.13
2026-02-27T16:24:21.070474Z  INFO lead_lag_classic signal #2060: SAHARAUSDT | spread=179.99bps | dir=SHORT_LAGGER | bid_ask=-197.04bps ask_bid=179.99bps | leader=binance_futures lagger=gate_futures direction=SHORT_LAGGER bid_ask=-197.04 ask_bid=179.99
2026-02-27T16:24:21.472457Z  INFO lead_lag_classic signal #2061: ENSOUSDT | spread=74.22bps | dir=SHORT_LAGGER | bid_ask=-86.65bps ask_bid=74.22bps | leader=binance_futures lagger=gate_futures direction=SHORT_LAGGER bid_ask=-86.65 ask_bid=74.22
2026-02-27T16:24:21.472537Z  INFO lead_lag_classic signal #2062: ESPUSDT | spread=40.28bps | dir=SHORT_LAGGER | bid_ask=-43.96bps ask_bid=40.28bps | leader=binance_futures lagger=gate_futures direction=SHORT_LAGGER bid_ask=-43.96 ask_bid=40.28
2026-02-27T16:24:21.472616Z  INFO lead_lag_classic signal #2063: POWERUSDT | spread=167.38bps | dir=SHORT_LAGGER | bid_ask=-173.70bps ask_bid=167.38bps | leader=binance_futures lagger=gate_futures direction=SHORT_LAGGER bid_ask=-173.70 ask_bid=167.38
2026-02-27T16:24:21.472669Z  INFO lead_lag_classic signal #2064: SAHARAUSDT | spread=175.73bps | dir=SHORT_LAGGER | bid_ask=-192.94bps ask_bid=175.73bps | leader=binance_futures lagger=gate_futures direction=SHORT_LAGGER bid_ask=-192.94 ask_bid=175.73
2026-02-27T16:24:22.030109Z  INFO lead_lag_classic signal #2065: ATHUSDT | spread=44.11bps | dir=SHORT_LAGGER | bid_ask=-62.39bps ask_bid=44.11bps | leader=binance_futures lagger=gate_futures direction=SHORT_LAGGER bid_ask=-62.39 ask_bid=44.11
2026-02-27T16:24:22.030203Z  INFO lead_lag_classic signal #2066: BULLAUSDT | spread=51.28bps | dir=LONG_LAGGER | bid_ask=51.28bps ask_bid=-121.10bps | leader=binance_futures lagger=gate_futures direction=LONG_LAGGER bid_ask=51.28 ask_bid=-121.10
2026-02-27T16:24:22.030249Z  INFO lead_lag_classic signal #2067: ENSOUSDT | spread=72.13bps | dir=SHORT_LAGGER | bid_ask=-84.59bps ask_bid=72.13bps | leader=binance_futures lagger=gate_futures direction=SHORT_LAGGER bid_ask=-84.59 ask_bid=72.13
2026-02-27T16:24:22.030363Z  INFO lead_lag_classic signal #2068: SAHARAUSDT | spread=184.18bps | dir=SHORT_LAGGER | bid_ask=-197.04bps ask_bid=184.18bps | leader=binance_futures lagger=gate_futures direction=SHORT_LAGGER bid_ask=-197.04 ask_bid=184.18
2026-02-27T16:24:22.345879Z  INFO lead_lag_classic signal #2069: ATHUSDT | spread=44.11bps | dir=SHORT_LAGGER | bid_ask=-62.39bps ask_bid=44.11bps | leader=binance_futures lagger=gate_futures direction=SHORT_LAGGER bid_ask=-62.39 ask_bid=44.11
2026-02-27T16:24:22.345967Z  INFO lead_lag_classic signal #2070: BULLAUSDT | spread=51.28bps | dir=LONG_LAGGER | bid_ask=51.28bps ask_bid=-121.10bps | leader=binance_futures lagger=gate_futures direction=LONG_LAGGER bid_ask=51.28 ask_bid=-121.10
2026-02-27T16:24:22.346018Z  INFO lead_lag_classic signal #2071: ENSOUSDT | spread=75.62bps | dir=SHORT_LAGGER | bid_ask=-88.03bps ask_bid=75.62bps | leader=binance_futures lagger=gate_futures direction=SHORT_LAGGER bid_ask=-88.03 ask_bid=75.62
2026-02-27T16:24:22.346071Z  INFO lead_lag_classic signal #2072: ESPUSDT | spread=34.08bps | dir=SHORT_LAGGER | bid_ask=-37.81bps ask_bid=34.08bps | leader=binance_futures lagger=gate_futures direction=SHORT_LAGGER bid_ask=-37.81 ask_bid=34.08
2026-02-27T16:24:22.346162Z  INFO lead_lag_classic signal #2073: POWERUSDT | spread=154.51bps | dir=SHORT_LAGGER | bid_ask=-161.55bps ask_bid=154.51bps | leader=binance_futures lagger=gate_futures direction=SHORT_LAGGER bid_ask=-161.55 ask_bid=154.51
2026-02-27T16:24:22.346218Z  INFO lead_lag_classic signal #2074: SAHARAUSDT | spread=184.18bps | dir=SHORT_LAGGER | bid_ask=-197.04bps ask_bid=184.18bps | leader=binance_futures lagger=gate_futures direction=SHORT_LAGGER bid_ask=-197.04 ask_bid=184.18
2026-02-27T16:24:23.621173Z  INFO lead_lag_classic signal #2075: ATHUSDT | spread=45.82bps | dir=SHORT_LAGGER | bid_ask=-64.08bps ask_bid=45.82bps | leader=binance_futures lagger=gate_futures direction=SHORT_LAGGER bid_ask=-64.08 ask_bid=45.82
2026-02-27T16:24:23.621274Z  INFO lead_lag_classic signal #2076: BULLAUSDT | spread=51.28bps | dir=LONG_LAGGER | bid_ask=51.28bps ask_bid=-121.10bps | leader=binance_futures lagger=gate_futures direction=LONG_LAGGER bid_ask=51.28 ask_bid=-121.10
2026-02-27T16:24:23.621346Z  INFO lead_lag_classic signal #2077: ENSOUSDT | spread=67.28bps | dir=SHORT_LAGGER | bid_ask=-82.55bps ask_bid=67.28bps | leader=binance_futures lagger=gate_futures direction=SHORT_LAGGER bid_ask=-82.55 ask_bid=67.28
2026-02-27T16:24:23.621385Z  INFO lead_lag_classic signal #2078: ESPUSDT | spread=35.63bps | dir=SHORT_LAGGER | bid_ask=-39.35bps ask_bid=35.63bps | leader=binance_futures lagger=gate_futures direction=SHORT_LAGGER bid_ask=-39.35 ask_bid=35.63
2026-02-27T16:24:23.621477Z  INFO lead_lag_classic signal #2079: POWERUSDT | spread=152.74bps | dir=SHORT_LAGGER | bid_ask=-160.26bps ask_bid=152.74bps | leader=binance_futures lagger=gate_futures direction=SHORT_LAGGER bid_ask=-160.26 ask_bid=152.74
2026-02-27T16:24:23.621537Z  INFO lead_lag_classic signal #2080: SAHARAUSDT | spread=175.88bps | dir=SHORT_LAGGER | bid_ask=-189.07bps ask_bid=175.88bps | leader=binance_futures lagger=gate_futures direction=SHORT_LAGGER bid_ask=-189.07 ask_bid=175.88
2026-02-27T16:24:24.100649Z  INFO lead_lag_classic signal #2081: ATHUSDT | spread=45.82bps | dir=SHORT_LAGGER | bid_ask=-64.08bps ask_bid=45.82bps | leader=binance_futures lagger=gate_futures direction=SHORT_LAGGER bid_ask=-64.08 ask_bid=45.82
2026-02-27T16:24:24.100795Z  INFO lead_lag_classic signal #2082: POWERUSDT | spread=144.61bps | dir=SHORT_LAGGER | bid_ask=-154.95bps ask_bid=144.61bps | leader=binance_futures lagger=gate_futures direction=SHORT_LAGGER bid_ask=-154.95 ask_bid=144.61
2026-02-27T16:24:24.100847Z  INFO lead_lag_classic signal #2083: SAHARAUSDT | spread=180.07bps | dir=SHORT_LAGGER | bid_ask=-193.10bps ask_bid=180.07bps | leader=binance_futures lagger=gate_futures direction=SHORT_LAGGER bid_ask=-193.10 ask_bid=180.07
2026-02-27T16:24:25.106184Z  INFO lead_lag_classic signal #2084: BULLAUSDT | spread=57.69bps | dir=LONG_LAGGER | bid_ask=57.69bps ask_bid=-127.38bps | leader=binance_futures lagger=gate_futures direction=LONG_LAGGER bid_ask=57.69 ask_bid=-127.38
2026-02-27T16:24:25.106685Z  INFO Status: tickers=76663 (+723/5s) signals=2084 drift=[n=723 avg=200ms p50=158ms p95=481ms p99=787ms max=1751ms]
2026-02-27T16:24:26.187043Z  INFO lead_lag_classic signal #2085: BULLAUSDT | spread=57.69bps | dir=LONG_LAGGER | bid_ask=57.69bps ask_bid=-127.38bps | leader=binance_futures lagger=gate_futures direction=LONG_LAGGER bid_ask=57.69 ask_bid=-127.38
2026-02-27T16:24:26.187134Z  INFO lead_lag_classic signal #2086: ENSOUSDT | spread=67.98bps | dir=SHORT_LAGGER | bid_ask=-83.24bps ask_bid=67.98bps | leader=binance_futures lagger=gate_futures direction=SHORT_LAGGER bid_ask=-83.24 ask_bid=67.98
2026-02-27T16:24:26.187179Z  INFO lead_lag_classic signal #2087: ESPUSDT | spread=30.98bps | dir=SHORT_LAGGER | bid_ask=-35.50bps ask_bid=30.98bps | leader=binance_futures lagger=gate_futures direction=SHORT_LAGGER bid_ask=-35.50 ask_bid=30.98
2026-02-27T16:24:26.187276Z  INFO lead_lag_classic signal #2088: POWERUSDT | spread=165.29bps | dir=SHORT_LAGGER | bid_ask=-179.21bps ask_bid=165.29bps | leader=binance_futures lagger=gate_futures direction=SHORT_LAGGER bid_ask=-179.21 ask_bid=165.29
2026-02-27T16:24:26.187347Z  INFO lead_lag_classic signal #2089: SAHARAUSDT | spread=179.99bps | dir=SHORT_LAGGER | bid_ask=-193.02bps ask_bid=179.99bps | leader=binance_futures lagger=gate_futures direction=SHORT_LAGGER bid_ask=-193.02 ask_bid=179.99
2026-02-27T16:24:27.445512Z  INFO lead_lag_classic signal #2090: SAHARAUSDT | spread=184.25bps | dir=SHORT_LAGGER | bid_ask=-197.13bps ask_bid=184.25bps | leader=binance_futures lagger=gate_futures direction=SHORT_LAGGER bid_ask=-197.13 ask_bid=184.25
2026-02-27T16:24:28.163464Z  INFO lead_lag_classic signal #2091: ESPUSDT | spread=32.53bps | dir=SHORT_LAGGER | bid_ask=-35.50bps ask_bid=32.53bps | leader=binance_futures lagger=gate_futures direction=SHORT_LAGGER bid_ask=-35.50 ask_bid=32.53
2026-02-27T16:24:28.977383Z  INFO lead_lag_classic signal #2092: ATHUSDT | spread=45.82bps | dir=SHORT_LAGGER | bid_ask=-64.08bps ask_bid=45.82bps | leader=binance_futures lagger=gate_futures direction=SHORT_LAGGER bid_ask=-64.08 ask_bid=45.82
2026-02-27T16:24:28.977480Z  INFO lead_lag_classic signal #2093: BULLAUSDT | spread=51.28bps | dir=LONG_LAGGER | bid_ask=51.28bps ask_bid=-121.10bps | leader=binance_futures lagger=gate_futures direction=LONG_LAGGER bid_ask=51.28 ask_bid=-121.10
2026-02-27T16:24:30.926547Z  INFO lead_lag_classic signal #2094: ATHUSDT | spread=45.82bps | dir=SHORT_LAGGER | bid_ask=-64.08bps ask_bid=45.82bps | leader=binance_futures lagger=gate_futures direction=SHORT_LAGGER bid_ask=-64.08 ask_bid=45.82
2026-02-27T16:24:30.926658Z  INFO lead_lag_classic signal #2095: ENSOUSDT | spread=73.57bps | dir=SHORT_LAGGER | bid_ask=-88.74bps ask_bid=73.57bps | leader=binance_futures lagger=gate_futures direction=SHORT_LAGGER bid_ask=-88.74 ask_bid=73.57
2026-02-27T16:24:30.926700Z  INFO lead_lag_classic signal #2096: ESPUSDT | spread=35.62bps | dir=SHORT_LAGGER | bid_ask=-40.11bps ask_bid=35.62bps | leader=binance_futures lagger=gate_futures direction=SHORT_LAGGER bid_ask=-40.11 ask_bid=35.62
2026-02-27T16:24:30.926787Z  INFO lead_lag_classic signal #2097: POWERUSDT | spread=163.67bps | dir=SHORT_LAGGER | bid_ask=-172.14bps ask_bid=163.67bps | leader=binance_futures lagger=gate_futures direction=SHORT_LAGGER bid_ask=-172.14 ask_bid=163.67
2026-02-27T16:24:30.926855Z  INFO lead_lag_classic signal #2098: SAHARAUSDT | spread=201.43bps | dir=SHORT_LAGGER | bid_ask=-209.62bps ask_bid=201.43bps | leader=binance_futures lagger=gate_futures direction=SHORT_LAGGER bid_ask=-209.62 ask_bid=201.43
2026-02-27T16:24:30.927318Z  INFO Status: tickers=77523 (+860/5s) signals=2098 drift=[n=860 avg=206ms p50=170ms p95=499ms p99=722ms max=1356ms]
2026-02-27T16:24:31.973558Z  INFO lead_lag_classic signal #2099: ATHUSDT | spread=45.82bps | dir=SHORT_LAGGER | bid_ask=-65.77bps ask_bid=45.82bps | leader=binance_futures lagger=gate_futures direction=SHORT_LAGGER bid_ask=-65.77 ask_bid=45.82
2026-02-27T16:24:31.973668Z  INFO lead_lag_classic signal #2100: ENSOUSDT | spread=72.17bps | dir=SHORT_LAGGER | bid_ask=-88.05bps ask_bid=72.17bps | leader=binance_futures lagger=gate_futures direction=SHORT_LAGGER bid_ask=-88.05 ask_bid=72.17
2026-02-27T16:24:31.973778Z  INFO lead_lag_classic signal #2101: POWERUSDT | spread=157.99bps | dir=SHORT_LAGGER | bid_ask=-172.79bps ask_bid=157.99bps | leader=binance_futures lagger=gate_futures direction=SHORT_LAGGER bid_ask=-172.79 ask_bid=157.99
2026-02-27T16:24:34.665186Z  INFO lead_lag_classic signal #2102: ESPUSDT | spread=32.53bps | dir=SHORT_LAGGER | bid_ask=-37.81bps ask_bid=32.53bps | leader=binance_futures lagger=gate_futures direction=SHORT_LAGGER bid_ask=-37.81 ask_bid=32.53
2026-02-27T16:24:34.665281Z  INFO lead_lag_classic signal #2103: HUSDT | spread=35.03bps | dir=LONG_LAGGER | bid_ask=35.03bps ask_bid=-53.13bps | leader=binance_futures lagger=gate_futures direction=LONG_LAGGER bid_ask=35.03 ask_bid=-53.13
2026-02-27T16:24:34.665386Z  INFO lead_lag_classic signal #2104: POWERUSDT | spread=197.22bps | dir=SHORT_LAGGER | bid_ask=-202.53bps ask_bid=197.22bps | leader=binance_futures lagger=gate_futures direction=SHORT_LAGGER bid_ask=-202.53 ask_bid=197.22
2026-02-27T16:24:34.665443Z  INFO lead_lag_classic signal #2105: SAHARAUSDT | spread=180.98bps | dir=SHORT_LAGGER | bid_ask=-198.10bps ask_bid=180.98bps | leader=binance_futures lagger=gate_futures direction=SHORT_LAGGER bid_ask=-198.10 ask_bid=180.98
2026-02-27T16:24:34.852774Z  INFO lead_lag_classic signal #2106: HUSDT | spread=37.53bps | dir=LONG_LAGGER | bid_ask=37.53bps ask_bid=-49.83bps | leader=binance_futures lagger=gate_futures direction=LONG_LAGGER bid_ask=37.53 ask_bid=-49.83
2026-02-27T16:24:34.852873Z  INFO lead_lag_classic signal #2107: POWERUSDT | spread=198.90bps | dir=SHORT_LAGGER | bid_ask=-203.63bps ask_bid=198.90bps | leader=binance_futures lagger=gate_futures direction=SHORT_LAGGER bid_ask=-203.63 ask_bid=198.90
2026-02-27T16:24:35.670088Z  INFO lead_lag_classic signal #2108: ESPUSDT | spread=34.85bps | dir=SHORT_LAGGER | bid_ask=-38.58bps ask_bid=34.85bps | leader=binance_futures lagger=gate_futures direction=SHORT_LAGGER bid_ask=-38.58 ask_bid=34.85
2026-02-27T16:24:35.670219Z  INFO lead_lag_classic signal #2109: POWERUSDT | spread=175.79bps | dir=SHORT_LAGGER | bid_ask=-180.84bps ask_bid=175.79bps | leader=binance_futures lagger=gate_futures direction=SHORT_LAGGER bid_ask=-180.84 ask_bid=175.79
2026-02-27T16:24:35.670282Z  INFO lead_lag_classic signal #2110: SAHARAUSDT | spread=185.11bps | dir=SHORT_LAGGER | bid_ask=-193.97bps ask_bid=185.11bps | leader=binance_futures lagger=gate_futures direction=SHORT_LAGGER bid_ask=-193.97 ask_bid=185.11
2026-02-27T16:24:36.281241Z  INFO Status: tickers=78371 (+848/5s) signals=2110 drift=[n=848 avg=186ms p50=143ms p95=458ms p99=1338ms max=1588ms]
2026-02-27T16:24:38.386480Z  INFO lead_lag_classic signal #2111: ESPUSDT | spread=34.83bps | dir=SHORT_LAGGER | bid_ask=-40.09bps ask_bid=34.83bps | leader=binance_futures lagger=gate_futures direction=SHORT_LAGGER bid_ask=-40.09 ask_bid=34.83
2026-02-27T16:24:38.386609Z  INFO lead_lag_classic signal #2112: POWERUSDT | spread=156.39bps | dir=SHORT_LAGGER | bid_ask=-162.05bps ask_bid=156.39bps | leader=binance_futures lagger=gate_futures direction=SHORT_LAGGER bid_ask=-162.05 ask_bid=156.39
2026-02-27T16:24:38.386664Z  INFO lead_lag_classic signal #2113: SAHARAUSDT | spread=180.75bps | dir=SHORT_LAGGER | bid_ask=-189.77bps ask_bid=180.75bps | leader=binance_futures lagger=gate_futures direction=SHORT_LAGGER bid_ask=-189.77 ask_bid=180.75
2026-02-27T16:24:39.160862Z  INFO lead_lag_classic signal #2114: ATHUSDT | spread=42.41bps | dir=SHORT_LAGGER | bid_ask=-62.39bps ask_bid=42.41bps | leader=binance_futures lagger=gate_futures direction=SHORT_LAGGER bid_ask=-62.39 ask_bid=42.41
2026-02-27T16:24:39.160971Z  INFO lead_lag_classic signal #2115: ENSOUSDT | spread=72.88bps | dir=SHORT_LAGGER | bid_ask=-84.66bps ask_bid=72.88bps | leader=binance_futures lagger=gate_futures direction=SHORT_LAGGER bid_ask=-84.66 ask_bid=72.88
2026-02-27T16:24:39.161013Z  INFO lead_lag_classic signal #2116: ESPUSDT | spread=31.73bps | dir=SHORT_LAGGER | bid_ask=-37.78bps ask_bid=31.73bps | leader=binance_futures lagger=gate_futures direction=SHORT_LAGGER bid_ask=-37.78 ask_bid=31.73
2026-02-27T16:24:39.161104Z  INFO lead_lag_classic signal #2117: POWERUSDT | spread=175.57bps | dir=SHORT_LAGGER | bid_ask=-184.53bps ask_bid=175.57bps | leader=binance_futures lagger=gate_futures direction=SHORT_LAGGER bid_ask=-184.53 ask_bid=175.57
2026-02-27T16:24:39.161163Z  INFO lead_lag_classic signal #2118: SAHARAUSDT | spread=185.03bps | dir=SHORT_LAGGER | bid_ask=-189.85bps ask_bid=185.03bps | leader=binance_futures lagger=gate_futures direction=SHORT_LAGGER bid_ask=-189.85 ask_bid=185.03
2026-02-27T16:24:40.954378Z  INFO lead_lag_classic signal #2119: ATHUSDT | spread=42.41bps | dir=SHORT_LAGGER | bid_ask=-67.45bps ask_bid=42.41bps | leader=binance_futures lagger=gate_futures direction=SHORT_LAGGER bid_ask=-67.45 ask_bid=42.41
2026-02-27T16:24:40.954519Z  INFO lead_lag_classic signal #2120: ESPUSDT | spread=34.82bps | dir=SHORT_LAGGER | bid_ask=-38.54bps ask_bid=34.82bps | leader=binance_futures lagger=gate_futures direction=SHORT_LAGGER bid_ask=-38.54 ask_bid=34.82
2026-02-27T16:24:40.954624Z  INFO lead_lag_classic signal #2121: POWERUSDT | spread=149.72bps | dir=SHORT_LAGGER | bid_ask=-161.94bps ask_bid=149.72bps | leader=binance_futures lagger=gate_futures direction=SHORT_LAGGER bid_ask=-161.94 ask_bid=149.72
2026-02-27T16:24:40.954690Z  INFO lead_lag_classic signal #2122: SAHARAUSDT | spread=189.31bps | dir=SHORT_LAGGER | bid_ask=-193.97bps ask_bid=189.31bps | leader=binance_futures lagger=gate_futures direction=SHORT_LAGGER bid_ask=-193.97 ask_bid=189.31
2026-02-27T16:24:41.486647Z  INFO Status: tickers=79180 (+809/5s) signals=2122 drift=[n=809 avg=205ms p50=160ms p95=500ms p99=1248ms max=2322ms]
2026-02-27T16:24:43.210039Z  INFO lead_lag_classic signal #2123: ATHUSDT | spread=35.60bps | dir=SHORT_LAGGER | bid_ask=-55.65bps ask_bid=35.60bps | leader=binance_futures lagger=gate_futures direction=SHORT_LAGGER bid_ask=-55.65 ask_bid=35.60
2026-02-27T16:24:43.210150Z  INFO lead_lag_classic signal #2124: ESPUSDT | spread=34.82bps | dir=SHORT_LAGGER | bid_ask=-38.54bps ask_bid=34.82bps | leader=binance_futures lagger=gate_futures direction=SHORT_LAGGER bid_ask=-38.54 ask_bid=34.82
2026-02-27T16:24:43.210242Z  INFO lead_lag_classic signal #2125: POWERUSDT | spread=163.32bps | dir=SHORT_LAGGER | bid_ask=-163.87bps ask_bid=163.32bps | leader=binance_futures lagger=gate_futures direction=SHORT_LAGGER bid_ask=-163.87 ask_bid=163.32
2026-02-27T16:24:43.210317Z  INFO lead_lag_classic signal #2126: SAHARAUSDT | spread=185.03bps | dir=SHORT_LAGGER | bid_ask=-193.89bps ask_bid=185.03bps | leader=binance_futures lagger=gate_futures direction=SHORT_LAGGER bid_ask=-193.89 ask_bid=185.03
2026-02-27T16:24:43.847272Z  INFO lead_lag_classic signal #2127: ENSOUSDT | spread=65.89bps | dir=SHORT_LAGGER | bid_ask=-83.24bps ask_bid=65.89bps | leader=binance_futures lagger=gate_futures direction=SHORT_LAGGER bid_ask=-83.24 ask_bid=65.89
2026-02-27T16:24:43.847414Z  INFO lead_lag_classic signal #2128: POWERUSDT | spread=162.86bps | dir=SHORT_LAGGER | bid_ask=-175.33bps ask_bid=162.86bps | leader=binance_futures lagger=gate_futures direction=SHORT_LAGGER bid_ask=-175.33 ask_bid=162.86
2026-02-27T16:24:43.847475Z  INFO lead_lag_classic signal #2129: SAHARAUSDT | spread=185.03bps | dir=SHORT_LAGGER | bid_ask=-193.89bps ask_bid=185.03bps | leader=binance_futures lagger=gate_futures direction=SHORT_LAGGER bid_ask=-193.89 ask_bid=185.03
2026-02-27T16:24:45.128771Z  INFO lead_lag_classic signal #2130: ATHUSDT | spread=32.20bps | dir=SHORT_LAGGER | bid_ask=-52.28bps ask_bid=32.20bps | leader=binance_futures lagger=gate_futures direction=SHORT_LAGGER bid_ask=-52.28 ask_bid=32.20
2026-02-27T16:24:45.128879Z  INFO lead_lag_classic signal #2131: ENSOUSDT | spread=67.28bps | dir=SHORT_LAGGER | bid_ask=-83.24bps ask_bid=67.28bps | leader=binance_futures lagger=gate_futures direction=SHORT_LAGGER bid_ask=-83.24 ask_bid=67.28
2026-02-27T16:24:47.719337Z  INFO lead_lag_classic signal #2132: ESPUSDT | spread=34.05bps | dir=SHORT_LAGGER | bid_ask=-37.78bps ask_bid=34.05bps | leader=binance_futures lagger=gate_futures direction=SHORT_LAGGER bid_ask=-37.78 ask_bid=34.05
2026-02-27T16:24:47.719471Z  INFO lead_lag_classic signal #2133: POWERUSDT | spread=158.18bps | dir=SHORT_LAGGER | bid_ask=-171.30bps ask_bid=158.18bps | leader=binance_futures lagger=gate_futures direction=SHORT_LAGGER bid_ask=-171.30 ask_bid=158.18
2026-02-27T16:24:47.719526Z  INFO lead_lag_classic signal #2134: SAHARAUSDT | spread=176.25bps | dir=SHORT_LAGGER | bid_ask=-189.46bps ask_bid=176.25bps | leader=binance_futures lagger=gate_futures direction=SHORT_LAGGER bid_ask=-189.46 ask_bid=176.25
2026-02-27T16:24:47.719995Z  INFO Status: tickers=80109 (+929/5s) signals=2134 drift=[n=929 avg=219ms p50=177ms p95=565ms p99=800ms max=1746ms]
2026-02-27T16:24:49.813747Z  INFO lead_lag_classic signal #2135: ATHUSDT | spread=40.71bps | dir=SHORT_LAGGER | bid_ask=-60.71bps ask_bid=40.71bps | leader=binance_futures lagger=gate_futures direction=SHORT_LAGGER bid_ask=-60.71 ask_bid=40.71
2026-02-27T16:24:49.813911Z  INFO lead_lag_classic signal #2136: POWERUSDT | spread=168.47bps | dir=SHORT_LAGGER | bid_ask=-173.84bps ask_bid=168.47bps | leader=binance_futures lagger=gate_futures direction=SHORT_LAGGER bid_ask=-173.84 ask_bid=168.47
2026-02-27T16:24:49.813985Z  INFO lead_lag_classic signal #2137: SAHARAUSDT | spread=175.95bps | dir=SHORT_LAGGER | bid_ask=-181.07bps ask_bid=175.95bps | leader=binance_futures lagger=gate_futures direction=SHORT_LAGGER bid_ask=-181.07 ask_bid=175.95
2026-02-27T16:24:51.223640Z  INFO lead_lag_classic signal #2138: ATHUSDT | spread=42.41bps | dir=SHORT_LAGGER | bid_ask=-60.71bps ask_bid=42.41bps | leader=binance_futures lagger=gate_futures direction=SHORT_LAGGER bid_ask=-60.71 ask_bid=42.41
2026-02-27T16:24:51.223750Z  INFO lead_lag_classic signal #2139: ESPUSDT | spread=33.26bps | dir=SHORT_LAGGER | bid_ask=-34.69bps ask_bid=33.26bps | leader=binance_futures lagger=gate_futures direction=SHORT_LAGGER bid_ask=-34.69 ask_bid=33.26
2026-02-27T16:24:51.223839Z  INFO lead_lag_classic signal #2140: POWERUSDT | spread=160.82bps | dir=SHORT_LAGGER | bid_ask=-171.98bps ask_bid=160.82bps | leader=binance_futures lagger=gate_futures direction=SHORT_LAGGER bid_ask=-171.98 ask_bid=160.82
2026-02-27T16:24:51.223902Z  INFO lead_lag_classic signal #2141: SAHARAUSDT | spread=176.03bps | dir=SHORT_LAGGER | bid_ask=-185.19bps ask_bid=176.03bps | leader=binance_futures lagger=gate_futures direction=SHORT_LAGGER bid_ask=-185.19 ask_bid=176.03
2026-02-27T16:24:54.689056Z  INFO lead_lag_classic signal #2142: ATHUSDT | spread=40.71bps | dir=SHORT_LAGGER | bid_ask=-64.08bps ask_bid=40.71bps | leader=binance_futures lagger=gate_futures direction=SHORT_LAGGER bid_ask=-64.08 ask_bid=40.71
2026-02-27T16:24:54.689162Z  INFO lead_lag_classic signal #2143: ENSOUSDT | spread=67.90bps | dir=SHORT_LAGGER | bid_ask=-81.78bps ask_bid=67.90bps | leader=binance_futures lagger=gate_futures direction=SHORT_LAGGER bid_ask=-81.78 ask_bid=67.90
2026-02-27T16:24:54.689284Z  INFO lead_lag_classic signal #2144: SAHARAUSDT | spread=180.22bps | dir=SHORT_LAGGER | bid_ask=-185.19bps ask_bid=180.22bps | leader=binance_futures lagger=gate_futures direction=SHORT_LAGGER bid_ask=-185.19 ask_bid=180.22
2026-02-27T16:24:54.689805Z  INFO Status: tickers=81116 (+1007/5s) signals=2144 drift=[n=1007 avg=218ms p50=182ms p95=534ms p99=803ms max=1153ms]
2026-02-27T16:24:55.487346Z  INFO Gate NATR refresh: fetched=12 missing=0 batch=12 symbols=43
2026-02-27T16:24:55.590225Z  INFO lead_lag_classic signal #2145: BULLAUSDT | spread=57.69bps | dir=LONG_LAGGER | bid_ask=57.69bps ask_bid=-127.38bps | leader=binance_futures lagger=gate_futures direction=LONG_LAGGER bid_ask=57.69 ask_bid=-127.38
2026-02-27T16:24:55.590325Z  INFO lead_lag_classic signal #2146: ENSOUSDT | spread=69.99bps | dir=SHORT_LAGGER | bid_ask=-84.52bps ask_bid=69.99bps | leader=binance_futures lagger=gate_futures direction=SHORT_LAGGER bid_ask=-84.52 ask_bid=69.99
2026-02-27T16:24:55.590370Z  INFO lead_lag_classic signal #2147: ESPUSDT | spread=33.27bps | dir=SHORT_LAGGER | bid_ask=-39.31bps ask_bid=33.27bps | leader=binance_futures lagger=gate_futures direction=SHORT_LAGGER bid_ask=-39.31 ask_bid=33.27
2026-02-27T16:24:55.590459Z  INFO lead_lag_classic signal #2148: POWERUSDT | spread=169.42bps | dir=SHORT_LAGGER | bid_ask=-175.82bps ask_bid=169.42bps | leader=binance_futures lagger=gate_futures direction=SHORT_LAGGER bid_ask=-175.82 ask_bid=169.42
2026-02-27T16:24:55.590521Z  INFO lead_lag_classic signal #2149: SAHARAUSDT | spread=180.14bps | dir=SHORT_LAGGER | bid_ask=-189.14bps ask_bid=180.14bps | leader=binance_futures lagger=gate_futures direction=SHORT_LAGGER bid_ask=-189.14 ask_bid=180.14
2026-02-27T16:24:55.793440Z  INFO lead_lag_classic signal #2150: ENSOUSDT | spread=69.99bps | dir=SHORT_LAGGER | bid_ask=-83.84bps ask_bid=69.99bps | leader=binance_futures lagger=gate_futures direction=SHORT_LAGGER bid_ask=-83.84 ask_bid=69.99
2026-02-27T16:24:56.055692Z  INFO lead_lag_classic signal #2151: BULLAUSDT | spread=57.69bps | dir=LONG_LAGGER | bid_ask=57.69bps ask_bid=-127.38bps | leader=binance_futures lagger=gate_futures direction=LONG_LAGGER bid_ask=57.69 ask_bid=-127.38
2026-02-27T16:24:56.055791Z  INFO lead_lag_classic signal #2152: ENSOUSDT | spread=69.29bps | dir=SHORT_LAGGER | bid_ask=-83.15bps ask_bid=69.29bps | leader=binance_futures lagger=gate_futures direction=SHORT_LAGGER bid_ask=-83.15 ask_bid=69.29
2026-02-27T16:24:56.055836Z  INFO lead_lag_classic signal #2153: ESPUSDT | spread=36.37bps | dir=SHORT_LAGGER | bid_ask=-41.61bps ask_bid=36.37bps | leader=binance_futures lagger=gate_futures direction=SHORT_LAGGER bid_ask=-41.61 ask_bid=36.37
2026-02-27T16:24:56.055920Z  INFO lead_lag_classic signal #2154: POWERUSDT | spread=158.30bps | dir=SHORT_LAGGER | bid_ask=-172.15bps ask_bid=158.30bps | leader=binance_futures lagger=gate_futures direction=SHORT_LAGGER bid_ask=-172.15 ask_bid=158.30
2026-02-27T16:24:56.055984Z  INFO lead_lag_classic signal #2155: SAHARAUSDT | spread=184.18bps | dir=SHORT_LAGGER | bid_ask=-188.99bps ask_bid=184.18bps | leader=binance_futures lagger=gate_futures direction=SHORT_LAGGER bid_ask=-188.99 ask_bid=184.18
2026-02-27T16:24:56.942794Z  INFO lead_lag_classic signal #2156: ATHUSDT | spread=44.19bps | dir=SHORT_LAGGER | bid_ask=-69.26bps ask_bid=44.19bps | leader=binance_futures lagger=gate_futures direction=SHORT_LAGGER bid_ask=-69.26 ask_bid=44.19
2026-02-27T16:24:56.942904Z  INFO lead_lag_classic signal #2157: ESPUSDT | spread=34.82bps | dir=SHORT_LAGGER | bid_ask=-38.54bps ask_bid=34.82bps | leader=binance_futures lagger=gate_futures direction=SHORT_LAGGER bid_ask=-38.54 ask_bid=34.82
2026-02-27T16:24:56.943023Z  INFO lead_lag_classic signal #2158: SAHARAUSDT | spread=180.07bps | dir=SHORT_LAGGER | bid_ask=-189.07bps ask_bid=180.07bps | leader=binance_futures lagger=gate_futures direction=SHORT_LAGGER bid_ask=-189.07 ask_bid=180.07
2026-02-27T16:24:58.281616Z  INFO lead_lag_classic signal #2159: ATHUSDT | spread=45.89bps | dir=SHORT_LAGGER | bid_ask=-67.57bps ask_bid=45.89bps | leader=binance_futures lagger=gate_futures direction=SHORT_LAGGER bid_ask=-67.57 ask_bid=45.89
2026-02-27T16:24:58.281720Z  INFO lead_lag_classic signal #2160: ESPUSDT | spread=34.82bps | dir=SHORT_LAGGER | bid_ask=-38.54bps ask_bid=34.82bps | leader=binance_futures lagger=gate_futures direction=SHORT_LAGGER bid_ask=-38.54 ask_bid=34.82
2026-02-27T16:24:59.699597Z  INFO lead_lag_classic signal #2161: ATHUSDT | spread=45.89bps | dir=SHORT_LAGGER | bid_ask=-69.26bps ask_bid=45.89bps | leader=binance_futures lagger=gate_futures direction=SHORT_LAGGER bid_ask=-69.26 ask_bid=45.89
2026-02-27T16:24:59.699704Z  INFO lead_lag_classic signal #2162: ENSOUSDT | spread=67.20bps | dir=SHORT_LAGGER | bid_ask=-81.09bps ask_bid=67.20bps | leader=binance_futures lagger=gate_futures direction=SHORT_LAGGER bid_ask=-81.09 ask_bid=67.20
2026-02-27T16:24:59.699749Z  INFO lead_lag_classic signal #2163: ESPUSDT | spread=35.59bps | dir=SHORT_LAGGER | bid_ask=-37.00bps ask_bid=35.59bps | leader=binance_futures lagger=gate_futures direction=SHORT_LAGGER bid_ask=-37.00 ask_bid=35.59
2026-02-27T16:24:59.699839Z  INFO lead_lag_classic signal #2164: POWERUSDT | spread=152.30bps | dir=SHORT_LAGGER | bid_ask=-168.93bps ask_bid=152.30bps | leader=binance_futures lagger=gate_futures direction=SHORT_LAGGER bid_ask=-168.93 ask_bid=152.30
2026-02-27T16:24:59.699897Z  INFO lead_lag_classic signal #2165: SAHARAUSDT | spread=175.88bps | dir=SHORT_LAGGER | bid_ask=-185.03bps ask_bid=175.88bps | leader=binance_futures lagger=gate_futures direction=SHORT_LAGGER bid_ask=-185.03 ask_bid=175.88
2026-02-27T16:24:59.700308Z  INFO Status: tickers=81876 (+760/5s) signals=2165 drift=[n=760 avg=216ms p50=187ms p95=502ms p99=849ms max=1423ms]
2026-02-27T16:24:59.884475Z  INFO lead_lag_classic signal #2166: POWERUSDT | spread=159.58bps | dir=SHORT_LAGGER | bid_ask=-171.67bps ask_bid=159.58bps | leader=binance_futures lagger=gate_futures direction=SHORT_LAGGER bid_ask=-171.67 ask_bid=159.58
2026-02-27T16:25:03.265272Z  INFO lead_lag_classic signal #2167: ATHUSDT | spread=49.31bps | dir=SHORT_LAGGER | bid_ask=-69.26bps ask_bid=49.31bps | leader=binance_futures lagger=gate_futures direction=SHORT_LAGGER bid_ask=-69.26 ask_bid=49.31
2026-02-27T16:25:03.265403Z  INFO lead_lag_classic signal #2168: ESPUSDT | spread=34.04bps | dir=SHORT_LAGGER | bid_ask=-37.01bps ask_bid=34.04bps | leader=binance_futures lagger=gate_futures direction=SHORT_LAGGER bid_ask=-37.01 ask_bid=34.04
2026-02-27T16:25:03.265493Z  INFO lead_lag_classic signal #2169: POWERUSDT | spread=160.06bps | dir=SHORT_LAGGER | bid_ask=-171.80bps ask_bid=160.06bps | leader=binance_futures lagger=gate_futures direction=SHORT_LAGGER bid_ask=-171.80 ask_bid=160.06
2026-02-27T16:25:03.265558Z  INFO lead_lag_classic signal #2170: SAHARAUSDT | spread=179.77bps | dir=SHORT_LAGGER | bid_ask=-188.76bps ask_bid=179.77bps | leader=binance_futures lagger=gate_futures direction=SHORT_LAGGER bid_ask=-188.76 ask_bid=179.77
2026-02-27T16:25:04.363545Z  INFO lead_lag_classic signal #2171: ATHUSDT | spread=45.89bps | dir=SHORT_LAGGER | bid_ask=-69.26bps ask_bid=45.89bps | leader=binance_futures lagger=gate_futures direction=SHORT_LAGGER bid_ask=-69.26 ask_bid=45.89
2026-02-27T16:25:04.363651Z  INFO lead_lag_classic signal #2172: ESPUSDT | spread=34.04bps | dir=SHORT_LAGGER | bid_ask=-36.24bps ask_bid=34.04bps | leader=binance_futures lagger=gate_futures direction=SHORT_LAGGER bid_ask=-36.24 ask_bid=34.04
2026-02-27T16:25:04.363741Z  INFO lead_lag_classic signal #2173: POWERUSDT | spread=157.96bps | dir=SHORT_LAGGER | bid_ask=-165.22bps ask_bid=157.96bps | leader=binance_futures lagger=gate_futures direction=SHORT_LAGGER bid_ask=-165.22 ask_bid=157.96
2026-02-27T16:25:04.363801Z  INFO lead_lag_classic signal #2174: SAHARAUSDT | spread=175.44bps | dir=SHORT_LAGGER | bid_ask=-184.58bps ask_bid=175.44bps | leader=binance_futures lagger=gate_futures direction=SHORT_LAGGER bid_ask=-184.58 ask_bid=175.44
2026-02-27T16:25:04.581647Z  INFO lead_lag_classic signal #2175: ATHUSDT | spread=45.89bps | dir=SHORT_LAGGER | bid_ask=-67.57bps ask_bid=45.89bps | leader=binance_futures lagger=gate_futures direction=SHORT_LAGGER bid_ask=-67.57 ask_bid=45.89
2026-02-27T16:25:04.581746Z  INFO lead_lag_classic signal #2176: ESPUSDT | spread=34.04bps | dir=SHORT_LAGGER | bid_ask=-36.24bps ask_bid=34.04bps | leader=binance_futures lagger=gate_futures direction=SHORT_LAGGER bid_ask=-36.24 ask_bid=34.04
2026-02-27T16:25:04.581818Z  INFO lead_lag_classic signal #2177: POWERUSDT | spread=159.79bps | dir=SHORT_LAGGER | bid_ask=-166.54bps ask_bid=159.79bps | leader=binance_futures lagger=gate_futures direction=SHORT_LAGGER bid_ask=-166.54 ask_bid=159.79
2026-02-27T16:25:04.581880Z  INFO lead_lag_classic signal #2178: SAHARAUSDT | spread=175.44bps | dir=SHORT_LAGGER | bid_ask=-184.58bps ask_bid=175.44bps | leader=binance_futures lagger=gate_futures direction=SHORT_LAGGER bid_ask=-184.58 ask_bid=175.44
2026-02-27T16:25:04.772173Z  INFO Status: tickers=82657 (+781/5s) signals=2178 drift=[n=781 avg=185ms p50=161ms p95=399ms p99=776ms max=1429ms]
2026-02-27T16:25:06.027113Z  INFO lead_lag_classic signal #2179: POWERUSDT | spread=145.05bps | dir=SHORT_LAGGER | bid_ask=-163.86bps ask_bid=145.05bps | leader=binance_futures lagger=gate_futures direction=SHORT_LAGGER bid_ask=-163.86 ask_bid=145.05
2026-02-27T16:25:06.027212Z  INFO lead_lag_classic signal #2180: SAHARAUSDT | spread=175.44bps | dir=SHORT_LAGGER | bid_ask=-188.60bps ask_bid=175.44bps | leader=binance_futures lagger=gate_futures direction=SHORT_LAGGER bid_ask=-188.60 ask_bid=175.44
2026-02-27T16:25:07.585874Z  INFO lead_lag_classic signal #2181: ATHUSDT | spread=39.07bps | dir=SHORT_LAGGER | bid_ask=-62.50bps ask_bid=39.07bps | leader=binance_futures lagger=gate_futures direction=SHORT_LAGGER bid_ask=-62.50 ask_bid=39.07
2026-02-27T16:25:08.946707Z  INFO lead_lag_classic signal #2182: ENSOUSDT | spread=78.50bps | dir=SHORT_LAGGER | bid_ask=-95.64bps ask_bid=78.50bps | leader=binance_futures lagger=gate_futures direction=SHORT_LAGGER bid_ask=-95.64 ask_bid=78.50
2026-02-27T16:25:08.946785Z  INFO lead_lag_classic signal #2183: ESPUSDT | spread=34.82bps | dir=SHORT_LAGGER | bid_ask=-37.01bps ask_bid=34.82bps | leader=binance_futures lagger=gate_futures direction=SHORT_LAGGER bid_ask=-37.01 ask_bid=34.82
2026-02-27T16:25:08.946886Z  INFO lead_lag_classic signal #2184: POWERUSDT | spread=147.93bps | dir=SHORT_LAGGER | bid_ask=-153.75bps ask_bid=147.93bps | leader=binance_futures lagger=gate_futures direction=SHORT_LAGGER bid_ask=-153.75 ask_bid=147.93
2026-02-27T16:25:08.946951Z  INFO lead_lag_classic signal #2185: SAHARAUSDT | spread=184.02bps | dir=SHORT_LAGGER | bid_ask=-192.86bps ask_bid=184.02bps | leader=binance_futures lagger=gate_futures direction=SHORT_LAGGER bid_ask=-192.86 ask_bid=184.02
2026-02-27T16:25:09.366235Z  INFO lead_lag_classic signal #2186: ENSOUSDT | spread=77.79bps | dir=SHORT_LAGGER | bid_ask=-94.94bps ask_bid=77.79bps | leader=binance_futures lagger=gate_futures direction=SHORT_LAGGER bid_ask=-94.94 ask_bid=77.79
2026-02-27T16:25:09.366331Z  INFO lead_lag_classic signal #2187: ESPUSDT | spread=35.55bps | dir=SHORT_LAGGER | bid_ask=-38.49bps ask_bid=35.55bps | leader=binance_futures lagger=gate_futures direction=SHORT_LAGGER bid_ask=-38.49 ask_bid=35.55
2026-02-27T16:25:09.366421Z  INFO lead_lag_classic signal #2188: POWERUSDT | spread=162.35bps | dir=SHORT_LAGGER | bid_ask=-175.30bps ask_bid=162.35bps | leader=binance_futures lagger=gate_futures direction=SHORT_LAGGER bid_ask=-175.30 ask_bid=162.35
2026-02-27T16:25:09.366470Z  INFO lead_lag_classic signal #2189: SAHARAUSDT | spread=184.10bps | dir=SHORT_LAGGER | bid_ask=-192.94bps ask_bid=184.10bps | leader=binance_futures lagger=gate_futures direction=SHORT_LAGGER bid_ask=-192.94 ask_bid=184.10
2026-02-27T16:25:10.914202Z  INFO lead_lag_classic signal #2190: BULLAUSDT | spread=57.69bps | dir=LONG_LAGGER | bid_ask=57.69bps ask_bid=-127.38bps | leader=binance_futures lagger=gate_futures direction=LONG_LAGGER bid_ask=57.69 ask_bid=-127.38
2026-02-27T16:25:10.914288Z  INFO lead_lag_classic signal #2191: ENSOUSDT | spread=75.00bps | dir=SHORT_LAGGER | bid_ask=-92.20bps ask_bid=75.00bps | leader=binance_futures lagger=gate_futures direction=SHORT_LAGGER bid_ask=-92.20 ask_bid=75.00
2026-02-27T16:25:10.914338Z  INFO lead_lag_classic signal #2192: ESPUSDT | spread=33.20bps | dir=SHORT_LAGGER | bid_ask=-34.63bps ask_bid=33.20bps | leader=binance_futures lagger=gate_futures direction=SHORT_LAGGER bid_ask=-34.63 ask_bid=33.20
2026-02-27T16:25:10.914433Z  INFO lead_lag_classic signal #2193: POWERUSDT | spread=138.06bps | dir=SHORT_LAGGER | bid_ask=-155.87bps ask_bid=138.06bps | leader=binance_futures lagger=gate_futures direction=SHORT_LAGGER bid_ask=-155.87 ask_bid=138.06
2026-02-27T16:25:10.914496Z  INFO lead_lag_classic signal #2194: SAHARAUSDT | spread=175.51bps | dir=SHORT_LAGGER | bid_ask=-180.62bps ask_bid=175.51bps | leader=binance_futures lagger=gate_futures direction=SHORT_LAGGER bid_ask=-180.62 ask_bid=175.51
2026-02-27T16:25:10.914942Z  INFO Status: tickers=83543 (+886/5s) signals=2194 drift=[n=886 avg=220ms p50=187ms p95=549ms p99=862ms max=1116ms]
2026-02-27T16:25:13.795652Z  INFO lead_lag_classic signal #2195: BULLAUSDT | spread=64.10bps | dir=LONG_LAGGER | bid_ask=64.10bps ask_bid=-139.95bps | leader=binance_futures lagger=gate_futures direction=LONG_LAGGER bid_ask=64.10 ask_bid=-139.95
2026-02-27T16:25:13.795744Z  INFO lead_lag_classic signal #2196: ESPUSDT | spread=33.99bps | dir=SHORT_LAGGER | bid_ask=-36.18bps ask_bid=33.99bps | leader=binance_futures lagger=gate_futures direction=SHORT_LAGGER bid_ask=-36.18 ask_bid=33.99
2026-02-27T16:25:13.795853Z  INFO lead_lag_classic signal #2197: SAHARAUSDT | spread=179.99bps | dir=SHORT_LAGGER | bid_ask=-188.99bps ask_bid=179.99bps | leader=binance_futures lagger=gate_futures direction=SHORT_LAGGER bid_ask=-188.99 ask_bid=179.99
2026-02-27T16:25:14.578777Z  INFO flushed 6 trades to db
2026-02-27T16:25:15.843067Z  INFO lead_lag_classic signal #2198: ATHUSDT | spread=33.96bps | dir=SHORT_LAGGER | bid_ask=-70.83bps ask_bid=33.96bps | leader=binance_futures lagger=gate_futures direction=SHORT_LAGGER bid_ask=-70.83 ask_bid=33.96
2026-02-27T16:25:15.843159Z  INFO lead_lag_classic signal #2199: BULLAUSDT | spread=70.51bps | dir=LONG_LAGGER | bid_ask=70.51bps ask_bid=-139.95bps | leader=binance_futures lagger=gate_futures direction=LONG_LAGGER bid_ask=70.51 ask_bid=-139.95
2026-02-27T16:25:16.581041Z  INFO Status: tickers=84405 (+862/5s) signals=2199 drift=[n=862 avg=223ms p50=179ms p95=598ms p99=845ms max=1908ms]
2026-02-27T16:25:17.669919Z  INFO lead_lag_classic signal #2200: ESPUSDT | spread=36.34bps | dir=SHORT_LAGGER | bid_ask=-39.28bps ask_bid=36.34bps | leader=binance_futures lagger=gate_futures direction=SHORT_LAGGER bid_ask=-39.28 ask_bid=36.34
2026-02-27T16:25:17.670058Z  INFO lead_lag_classic signal #2201: POWERUSDT | spread=148.31bps | dir=SHORT_LAGGER | bid_ask=-163.75bps ask_bid=148.31bps | leader=binance_futures lagger=gate_futures direction=SHORT_LAGGER bid_ask=-163.75 ask_bid=148.31
2026-02-27T16:25:19.579073Z  INFO flushed 8 trades to db
2026-02-27T16:25:20.008078Z  INFO lead_lag_classic signal #2202: ENSOUSDT | spread=70.77bps | dir=SHORT_LAGGER | bid_ask=-86.68bps ask_bid=70.77bps | leader=binance_futures lagger=gate_futures direction=SHORT_LAGGER bid_ask=-86.68 ask_bid=70.77
2026-02-27T16:25:20.008187Z  INFO lead_lag_classic signal #2203: ESPUSDT | spread=34.78bps | dir=SHORT_LAGGER | bid_ask=-40.04bps ask_bid=34.78bps | leader=binance_futures lagger=gate_futures direction=SHORT_LAGGER bid_ask=-40.04 ask_bid=34.78
2026-02-27T16:25:20.008308Z  INFO lead_lag_classic signal #2204: POWERUSDT | spread=145.45bps | dir=SHORT_LAGGER | bid_ask=-156.62bps ask_bid=145.45bps | leader=binance_futures lagger=gate_futures direction=SHORT_LAGGER bid_ask=-156.62 ask_bid=145.45
2026-02-27T16:25:20.008374Z  INFO lead_lag_classic signal #2205: SAHARAUSDT | spread=180.22bps | dir=SHORT_LAGGER | bid_ask=-189.22bps ask_bid=180.22bps | leader=binance_futures lagger=gate_futures direction=SHORT_LAGGER bid_ask=-189.22 ask_bid=180.22
2026-02-27T16:25:20.711596Z  INFO lead_lag_classic signal #2206: ESPUSDT | spread=35.55bps | dir=SHORT_LAGGER | bid_ask=-37.74bps ask_bid=35.55bps | leader=binance_futures lagger=gate_futures direction=SHORT_LAGGER bid_ask=-37.74 ask_bid=35.55
2026-02-27T16:25:20.711732Z  INFO lead_lag_classic signal #2207: POWERUSDT | spread=144.33bps | dir=SHORT_LAGGER | bid_ask=-157.71bps ask_bid=144.33bps | leader=binance_futures lagger=gate_futures direction=SHORT_LAGGER bid_ask=-157.71 ask_bid=144.33
2026-02-27T16:25:21.220341Z  INFO lead_lag_classic signal #2208: ENSOUSDT | spread=70.05bps | dir=SHORT_LAGGER | bid_ask=-81.86bps ask_bid=70.05bps | leader=binance_futures lagger=gate_futures direction=SHORT_LAGGER bid_ask=-81.86 ask_bid=70.05
2026-02-27T16:25:21.220425Z  INFO lead_lag_classic signal #2209: ESPUSDT | spread=36.33bps | dir=SHORT_LAGGER | bid_ask=-37.73bps ask_bid=36.33bps | leader=binance_futures lagger=gate_futures direction=SHORT_LAGGER bid_ask=-37.73 ask_bid=36.33
2026-02-27T16:25:21.220521Z  INFO lead_lag_classic signal #2210: POWERUSDT | spread=155.75bps | dir=SHORT_LAGGER | bid_ask=-165.99bps ask_bid=155.75bps | leader=binance_futures lagger=gate_futures direction=SHORT_LAGGER bid_ask=-165.99 ask_bid=155.75
2026-02-27T16:25:21.220589Z  INFO lead_lag_classic signal #2211: SAHARAUSDT | spread=171.84bps | dir=SHORT_LAGGER | bid_ask=-181.14bps ask_bid=171.84bps | leader=binance_futures lagger=gate_futures direction=SHORT_LAGGER bid_ask=-181.14 ask_bid=171.84
2026-02-27T16:25:22.672321Z  INFO lead_lag_classic signal #2212: ATHUSDT | spread=37.30bps | dir=SHORT_LAGGER | bid_ask=-57.34bps ask_bid=37.30bps | leader=binance_futures lagger=gate_futures direction=SHORT_LAGGER bid_ask=-57.34 ask_bid=37.30
2026-02-27T16:25:22.672424Z  INFO lead_lag_classic signal #2213: ENSOUSDT | spread=72.13bps | dir=SHORT_LAGGER | bid_ask=-88.68bps ask_bid=72.13bps | leader=binance_futures lagger=gate_futures direction=SHORT_LAGGER bid_ask=-88.68 ask_bid=72.13
2026-02-27T16:25:22.672981Z  INFO Status: tickers=85292 (+887/5s) signals=2213 drift=[n=887 avg=227ms p50=194ms p95=527ms p99=1034ms max=1392ms]
2026-02-27T16:25:24.139288Z  INFO lead_lag_classic signal #2214: ATHUSDT | spread=44.11bps | dir=SHORT_LAGGER | bid_ask=-62.39bps ask_bid=44.11bps | leader=binance_futures lagger=gate_futures direction=SHORT_LAGGER bid_ask=-62.39 ask_bid=44.11
2026-02-27T16:25:24.394012Z  INFO lead_lag_classic signal #2215: ATHUSDT | spread=44.11bps | dir=SHORT_LAGGER | bid_ask=-62.39bps ask_bid=44.11bps | leader=binance_futures lagger=gate_futures direction=SHORT_LAGGER bid_ask=-62.39 ask_bid=44.11
2026-02-27T16:25:24.394160Z  INFO lead_lag_classic signal #2216: POWERUSDT | spread=147.94bps | dir=SHORT_LAGGER | bid_ask=-156.44bps ask_bid=147.94bps | leader=binance_futures lagger=gate_futures direction=SHORT_LAGGER bid_ask=-156.44 ask_bid=147.94
2026-02-27T16:25:24.394233Z  INFO lead_lag_classic signal #2217: SAHARAUSDT | spread=176.40bps | dir=SHORT_LAGGER | bid_ask=-189.61bps ask_bid=176.40bps | leader=binance_futures lagger=gate_futures direction=SHORT_LAGGER bid_ask=-189.61 ask_bid=176.40
2026-02-27T16:25:24.579046Z  INFO flushed 5 trades to db
2026-02-27T16:25:24.812064Z  INFO lead_lag_classic signal #2218: SAHARAUSDT | spread=176.40bps | dir=SHORT_LAGGER | bid_ask=-189.61bps ask_bid=176.40bps | leader=binance_futures lagger=gate_futures direction=SHORT_LAGGER bid_ask=-189.61 ask_bid=176.40
2026-02-27T16:25:27.109900Z  INFO lead_lag_classic signal #2219: ATHUSDT | spread=33.96bps | dir=SHORT_LAGGER | bid_ask=-54.05bps ask_bid=33.96bps | leader=binance_futures lagger=gate_futures direction=SHORT_LAGGER bid_ask=-54.05 ask_bid=33.96
2026-02-27T16:25:28.804045Z  INFO lead_lag_classic signal #2220: ESPUSDT | spread=33.24bps | dir=SHORT_LAGGER | bid_ask=-35.43bps ask_bid=33.24bps | leader=binance_futures lagger=gate_futures direction=SHORT_LAGGER bid_ask=-35.43 ask_bid=33.24
2026-02-27T16:25:28.804629Z  INFO Status: tickers=86188 (+896/5s) signals=2220 drift=[n=896 avg=216ms p50=184ms p95=500ms p99=869ms max=1830ms]
2026-02-27T16:25:29.246945Z  INFO lead_lag_classic signal #2221: POWERUSDT | spread=148.17bps | dir=SHORT_LAGGER | bid_ask=-157.78bps ask_bid=148.17bps | leader=binance_futures lagger=gate_futures direction=SHORT_LAGGER bid_ask=-157.78 ask_bid=148.17
2026-02-27T16:25:29.247042Z  INFO lead_lag_classic signal #2222: SAHARAUSDT | spread=167.71bps | dir=SHORT_LAGGER | bid_ask=-181.22bps ask_bid=167.71bps | leader=binance_futures lagger=gate_futures direction=SHORT_LAGGER bid_ask=-181.22 ask_bid=167.71
2026-02-27T16:25:29.580884Z  INFO flushed 11 trades to db
2026-02-27T16:25:30.628945Z  INFO lead_lag_classic signal #2223: ESPUSDT | spread=34.78bps | dir=SHORT_LAGGER | bid_ask=-36.97bps ask_bid=34.78bps | leader=binance_futures lagger=gate_futures direction=SHORT_LAGGER bid_ask=-36.97 ask_bid=34.78
2026-02-27T16:25:30.629079Z  INFO lead_lag_classic signal #2224: POWERUSDT | spread=141.94bps | dir=SHORT_LAGGER | bid_ask=-153.74bps ask_bid=141.94bps | leader=binance_futures lagger=gate_futures direction=SHORT_LAGGER bid_ask=-153.74 ask_bid=141.94
2026-02-27T16:25:30.629133Z  INFO lead_lag_classic signal #2225: SAHARAUSDT | spread=180.29bps | dir=SHORT_LAGGER | bid_ask=-193.34bps ask_bid=180.29bps | leader=binance_futures lagger=gate_futures direction=SHORT_LAGGER bid_ask=-193.34 ask_bid=180.29
2026-02-27T16:25:31.258046Z  INFO lead_lag_classic signal #2226: ESPUSDT | spread=35.56bps | dir=SHORT_LAGGER | bid_ask=-36.97bps ask_bid=35.56bps | leader=binance_futures lagger=gate_futures direction=SHORT_LAGGER bid_ask=-36.97 ask_bid=35.56
2026-02-27T16:25:31.502561Z  INFO lead_lag_classic signal #2227: ATHUSDT | spread=33.96bps | dir=SHORT_LAGGER | bid_ask=-54.05bps ask_bid=33.96bps | leader=binance_futures lagger=gate_futures direction=SHORT_LAGGER bid_ask=-54.05 ask_bid=33.96
2026-02-27T16:25:31.502647Z  INFO lead_lag_classic signal #2228: BULLAUSDT | spread=70.51bps | dir=LONG_LAGGER | bid_ask=70.51bps ask_bid=-139.95bps | leader=binance_futures lagger=gate_futures direction=LONG_LAGGER bid_ask=70.51 ask_bid=-139.95
2026-02-27T16:25:31.502715Z  INFO lead_lag_classic signal #2229: ESPUSDT | spread=35.56bps | dir=SHORT_LAGGER | bid_ask=-36.97bps ask_bid=35.56bps | leader=binance_futures lagger=gate_futures direction=SHORT_LAGGER bid_ask=-36.97 ask_bid=35.56
2026-02-27T16:25:31.502802Z  INFO lead_lag_classic signal #2230: POWERUSDT | spread=150.29bps | dir=SHORT_LAGGER | bid_ask=-165.74bps ask_bid=150.29bps | leader=binance_futures lagger=gate_futures direction=SHORT_LAGGER bid_ask=-165.74 ask_bid=150.29
2026-02-27T16:25:31.502861Z  INFO lead_lag_classic signal #2231: SAHARAUSDT | spread=176.10bps | dir=SHORT_LAGGER | bid_ask=-185.26bps ask_bid=176.10bps | leader=binance_futures lagger=gate_futures direction=SHORT_LAGGER bid_ask=-185.26 ask_bid=176.10
2026-02-27T16:25:31.706423Z  INFO lead_lag_classic signal #2232: ATHUSDT | spread=33.96bps | dir=SHORT_LAGGER | bid_ask=-54.05bps ask_bid=33.96bps | leader=binance_futures lagger=gate_futures direction=SHORT_LAGGER bid_ask=-54.05 ask_bid=33.96
2026-02-27T16:25:31.706517Z  INFO lead_lag_classic signal #2233: ESPUSDT | spread=35.56bps | dir=SHORT_LAGGER | bid_ask=-36.97bps ask_bid=35.56bps | leader=binance_futures lagger=gate_futures direction=SHORT_LAGGER bid_ask=-36.97 ask_bid=35.56
2026-02-27T16:25:31.706604Z  INFO lead_lag_classic signal #2234: POWERUSDT | spread=148.73bps | dir=SHORT_LAGGER | bid_ask=-161.09bps ask_bid=148.73bps | leader=binance_futures lagger=gate_futures direction=SHORT_LAGGER bid_ask=-161.09 ask_bid=148.73
2026-02-27T16:25:31.706654Z  INFO lead_lag_classic signal #2235: SAHARAUSDT | spread=176.10bps | dir=SHORT_LAGGER | bid_ask=-185.26bps ask_bid=176.10bps | leader=binance_futures lagger=gate_futures direction=SHORT_LAGGER bid_ask=-185.26 ask_bid=176.10
2026-02-27T16:25:32.424324Z  INFO lead_lag_classic signal #2236: ATHUSDT | spread=33.96bps | dir=SHORT_LAGGER | bid_ask=-54.05bps ask_bid=33.96bps | leader=binance_futures lagger=gate_futures direction=SHORT_LAGGER bid_ask=-54.05 ask_bid=33.96
2026-02-27T16:25:33.256575Z  INFO lead_lag_classic signal #2237: BULLAUSDT | spread=76.92bps | dir=LONG_LAGGER | bid_ask=76.92bps ask_bid=-146.22bps | leader=binance_futures lagger=gate_futures direction=LONG_LAGGER bid_ask=76.92 ask_bid=-146.22
2026-02-27T16:25:33.672174Z  INFO lead_lag_classic signal #2238: ESPUSDT | spread=34.81bps | dir=SHORT_LAGGER | bid_ask=-36.99bps ask_bid=34.81bps | leader=binance_futures lagger=gate_futures direction=SHORT_LAGGER bid_ask=-36.99 ask_bid=34.81
2026-02-27T16:25:33.672310Z  INFO lead_lag_classic signal #2239: POWERUSDT | spread=153.56bps | dir=SHORT_LAGGER | bid_ask=-163.80bps ask_bid=153.56bps | leader=binance_futures lagger=gate_futures direction=SHORT_LAGGER bid_ask=-163.80 ask_bid=153.56
2026-02-27T16:25:33.672367Z  INFO lead_lag_classic signal #2240: SAHARAUSDT | spread=184.56bps | dir=SHORT_LAGGER | bid_ask=-193.42bps ask_bid=184.56bps | leader=binance_futures lagger=gate_futures direction=SHORT_LAGGER bid_ask=-193.42 ask_bid=184.56
2026-02-27T16:25:34.579798Z  INFO flushed 8 trades to db
2026-02-27T16:25:35.577410Z  INFO lead_lag_classic signal #2241: BULLAUSDT | spread=70.51bps | dir=LONG_LAGGER | bid_ask=70.51bps ask_bid=-139.95bps | leader=binance_futures lagger=gate_futures direction=LONG_LAGGER bid_ask=70.51 ask_bid=-139.95
2026-02-27T16:25:35.577498Z  INFO lead_lag_classic signal #2242: ESPUSDT | spread=34.81bps | dir=SHORT_LAGGER | bid_ask=-36.22bps ask_bid=34.81bps | leader=binance_futures lagger=gate_futures direction=SHORT_LAGGER bid_ask=-36.22 ask_bid=34.81
2026-02-27T16:25:35.577596Z  INFO lead_lag_classic signal #2243: POWERUSDT | spread=153.85bps | dir=SHORT_LAGGER | bid_ask=-165.05bps ask_bid=153.85bps | leader=binance_futures lagger=gate_futures direction=SHORT_LAGGER bid_ask=-165.05 ask_bid=153.85
2026-02-27T16:25:35.577668Z  INFO lead_lag_classic signal #2244: SAHARAUSDT | spread=180.37bps | dir=SHORT_LAGGER | bid_ask=-193.42bps ask_bid=180.37bps | leader=binance_futures lagger=gate_futures direction=SHORT_LAGGER bid_ask=-193.42 ask_bid=180.37
2026-02-27T16:25:35.578154Z  INFO Status: tickers=87135 (+947/5s) signals=2244 drift=[n=947 avg=212ms p50=185ms p95=521ms p99=743ms max=961ms]
2026-02-27T16:25:35.805543Z  INFO lead_lag_classic signal #2245: POWERUSDT | spread=153.44bps | dir=SHORT_LAGGER | bid_ask=-163.47bps ask_bid=153.44bps | leader=binance_futures lagger=gate_futures direction=SHORT_LAGGER bid_ask=-163.47 ask_bid=153.44
2026-02-27T16:25:35.805649Z  INFO lead_lag_classic signal #2246: SAHARAUSDT | spread=180.37bps | dir=SHORT_LAGGER | bid_ask=-193.42bps ask_bid=180.37bps | leader=binance_futures lagger=gate_futures direction=SHORT_LAGGER bid_ask=-193.42 ask_bid=180.37
2026-02-27T16:25:36.899163Z  INFO lead_lag_classic signal #2247: ESPUSDT | spread=34.04bps | dir=SHORT_LAGGER | bid_ask=-37.01bps ask_bid=34.04bps | leader=binance_futures lagger=gate_futures direction=SHORT_LAGGER bid_ask=-37.01 ask_bid=34.04
2026-02-27T16:25:36.899291Z  INFO lead_lag_classic signal #2248: POWERUSDT | spread=162.04bps | dir=SHORT_LAGGER | bid_ask=-172.16bps ask_bid=162.04bps | leader=binance_futures lagger=gate_futures direction=SHORT_LAGGER bid_ask=-172.16 ask_bid=162.04
2026-02-27T16:25:36.899357Z  INFO lead_lag_classic signal #2249: SAHARAUSDT | spread=167.57bps | dir=SHORT_LAGGER | bid_ask=-181.07bps ask_bid=167.57bps | leader=binance_futures lagger=gate_futures direction=SHORT_LAGGER bid_ask=-181.07 ask_bid=167.57
2026-02-27T16:25:38.645474Z  INFO lead_lag_classic signal #2250: POWERUSDT | spread=150.50bps | dir=SHORT_LAGGER | bid_ask=-165.84bps ask_bid=150.50bps | leader=binance_futures lagger=gate_futures direction=SHORT_LAGGER bid_ask=-165.84 ask_bid=150.50
2026-02-27T16:25:38.645569Z  INFO lead_lag_classic signal #2251: SAHARAUSDT | spread=180.07bps | dir=SHORT_LAGGER | bid_ask=-193.10bps ask_bid=180.07bps | leader=binance_futures lagger=gate_futures direction=SHORT_LAGGER bid_ask=-193.10 ask_bid=180.07
2026-02-27T16:25:39.578526Z  INFO lead_lag_classic signal #2252: BULLAUSDT | spread=70.51bps | dir=LONG_LAGGER | bid_ask=70.51bps ask_bid=-139.95bps | leader=binance_futures lagger=gate_futures direction=LONG_LAGGER bid_ask=70.51 ask_bid=-139.95
2026-02-27T16:25:40.193244Z  INFO lead_lag_classic signal #2253: ESPUSDT | spread=33.28bps | dir=SHORT_LAGGER | bid_ask=-37.02bps ask_bid=33.28bps | leader=binance_futures lagger=gate_futures direction=SHORT_LAGGER bid_ask=-37.02 ask_bid=33.28
2026-02-27T16:25:40.193377Z  INFO lead_lag_classic signal #2254: PIPPINUSDT | spread=39.75bps | dir=LONG_LAGGER | bid_ask=39.75bps ask_bid=-53.77bps | leader=binance_futures lagger=gate_futures direction=LONG_LAGGER bid_ask=39.75 ask_bid=-53.77
2026-02-27T16:25:40.193418Z  INFO lead_lag_classic signal #2255: POWERUSDT | spread=147.67bps | dir=SHORT_LAGGER | bid_ask=-161.51bps ask_bid=147.67bps | leader=binance_futures lagger=gate_futures direction=SHORT_LAGGER bid_ask=-161.51 ask_bid=147.67
2026-02-27T16:25:40.193478Z  INFO lead_lag_classic signal #2256: SAHARAUSDT | spread=192.63bps | dir=SHORT_LAGGER | bid_ask=-201.15bps ask_bid=192.63bps | leader=binance_futures lagger=gate_futures direction=SHORT_LAGGER bid_ask=-201.15 ask_bid=192.63
2026-02-27T16:25:40.532045Z  INFO lead_lag_classic signal #2257: PIPPINUSDT | spread=37.22bps | dir=LONG_LAGGER | bid_ask=37.22bps ask_bid=-52.04bps | leader=binance_futures lagger=gate_futures direction=LONG_LAGGER bid_ask=37.22 ask_bid=-52.04
2026-02-27T16:25:40.532125Z  INFO lead_lag_classic signal #2258: POWERUSDT | spread=136.56bps | dir=SHORT_LAGGER | bid_ask=-148.95bps ask_bid=136.56bps | leader=binance_futures lagger=gate_futures direction=SHORT_LAGGER bid_ask=-148.95 ask_bid=136.56
2026-02-27T16:25:40.869030Z  INFO Status: tickers=87857 (+722/5s) signals=2258 drift=[n=722 avg=213ms p50=185ms p95=518ms p99=752ms max=1079ms]
2026-02-27T16:25:42.945961Z  INFO lead_lag_classic signal #2259: ESPUSDT | spread=33.28bps | dir=SHORT_LAGGER | bid_ask=-38.55bps ask_bid=33.28bps | leader=binance_futures lagger=gate_futures direction=SHORT_LAGGER bid_ask=-38.55 ask_bid=33.28
2026-02-27T16:25:42.946106Z  INFO lead_lag_classic signal #2260: POWERUSDT | spread=151.45bps | dir=SHORT_LAGGER | bid_ask=-165.81bps ask_bid=151.45bps | leader=binance_futures lagger=gate_futures direction=SHORT_LAGGER bid_ask=-165.81 ask_bid=151.45
2026-02-27T16:25:42.946164Z  INFO lead_lag_classic signal #2261: SAHARAUSDT | spread=179.99bps | dir=SHORT_LAGGER | bid_ask=-193.02bps ask_bid=179.99bps | leader=binance_futures lagger=gate_futures direction=SHORT_LAGGER bid_ask=-193.02 ask_bid=179.99
2026-02-27T16:25:43.517834Z  INFO lead_lag_classic signal #2262: ENSOUSDT | spread=81.92bps | dir=SHORT_LAGGER | bid_ask=-90.81bps ask_bid=81.92bps | leader=binance_futures lagger=gate_futures direction=SHORT_LAGGER bid_ask=-90.81 ask_bid=81.92
2026-02-27T16:25:43.948371Z  INFO lead_lag_classic signal #2263: ENSOUSDT | spread=81.92bps | dir=SHORT_LAGGER | bid_ask=-90.81bps ask_bid=81.92bps | leader=binance_futures lagger=gate_futures direction=SHORT_LAGGER bid_ask=-90.81 ask_bid=81.92
2026-02-27T16:25:43.948450Z  INFO lead_lag_classic signal #2264: ESPUSDT | spread=35.60bps | dir=SHORT_LAGGER | bid_ask=-37.78bps ask_bid=35.60bps | leader=binance_futures lagger=gate_futures direction=SHORT_LAGGER bid_ask=-37.78 ask_bid=35.60
2026-02-27T16:25:45.199202Z  INFO lead_lag_classic signal #2265: BULLAUSDT | spread=70.51bps | dir=LONG_LAGGER | bid_ask=70.51bps ask_bid=-146.22bps | leader=binance_futures lagger=gate_futures direction=LONG_LAGGER bid_ask=70.51 ask_bid=-146.22
2026-02-27T16:25:45.199289Z  INFO lead_lag_classic signal #2266: ESPUSDT | spread=32.50bps | dir=SHORT_LAGGER | bid_ask=-37.77bps ask_bid=32.50bps | leader=binance_futures lagger=gate_futures direction=SHORT_LAGGER bid_ask=-37.77 ask_bid=32.50
2026-02-27T16:25:45.199399Z  INFO lead_lag_classic signal #2267: POWERUSDT | spread=151.66bps | dir=SHORT_LAGGER | bid_ask=-163.44bps ask_bid=151.66bps | leader=binance_futures lagger=gate_futures direction=SHORT_LAGGER bid_ask=-163.44 ask_bid=151.66
2026-02-27T16:25:46.195287Z  INFO lead_lag_classic signal #2268: SAHARAUSDT | spread=188.44bps | dir=SHORT_LAGGER | bid_ask=-201.15bps ask_bid=188.44bps | leader=binance_futures lagger=gate_futures direction=SHORT_LAGGER bid_ask=-201.15 ask_bid=188.44
2026-02-27T16:25:46.195715Z  INFO Status: tickers=88623 (+766/5s) signals=2268 drift=[n=766 avg=235ms p50=179ms p95=565ms p99=1245ms max=2434ms]
2026-02-27T16:25:48.784964Z  INFO lead_lag_classic signal #2269: ESPUSDT | spread=34.05bps | dir=SHORT_LAGGER | bid_ask=-36.24bps ask_bid=34.05bps | leader=binance_futures lagger=gate_futures direction=SHORT_LAGGER bid_ask=-36.24 ask_bid=34.05
2026-02-27T16:25:48.785097Z  INFO lead_lag_classic signal #2270: POWERUSDT | spread=150.77bps | dir=SHORT_LAGGER | bid_ask=-159.00bps ask_bid=150.77bps | leader=binance_futures lagger=gate_futures direction=SHORT_LAGGER bid_ask=-159.00 ask_bid=150.77
2026-02-27T16:25:48.785153Z  INFO lead_lag_classic signal #2271: SAHARAUSDT | spread=188.76bps | dir=SHORT_LAGGER | bid_ask=-201.48bps ask_bid=188.76bps | leader=binance_futures lagger=gate_futures direction=SHORT_LAGGER bid_ask=-201.48 ask_bid=188.76
2026-02-27T16:25:50.319968Z  INFO lead_lag_classic signal #2272: BULLAUSDT | spread=70.51bps | dir=LONG_LAGGER | bid_ask=70.51bps ask_bid=-139.95bps | leader=binance_futures lagger=gate_futures direction=LONG_LAGGER bid_ask=70.51 ask_bid=-139.95
2026-02-27T16:25:52.999113Z  INFO lead_lag_classic signal #2273: ESPUSDT | spread=35.62bps | dir=SHORT_LAGGER | bid_ask=-37.03bps ask_bid=35.62bps | leader=binance_futures lagger=gate_futures direction=SHORT_LAGGER bid_ask=-37.03 ask_bid=35.62
2026-02-27T16:25:52.999715Z  INFO Status: tickers=89539 (+916/5s) signals=2273 drift=[n=916 avg=227ms p50=195ms p95=540ms p99=782ms max=991ms]
2026-02-27T16:25:53.276705Z  INFO lead_lag_classic signal #2274: BULLAUSDT | spread=70.51bps | dir=LONG_LAGGER | bid_ask=70.51bps ask_bid=-139.95bps | leader=binance_futures lagger=gate_futures direction=LONG_LAGGER bid_ask=70.51 ask_bid=-139.95
2026-02-27T16:25:53.276791Z  INFO lead_lag_classic signal #2275: ENSOUSDT | spread=81.92bps | dir=SHORT_LAGGER | bid_ask=-91.50bps ask_bid=81.92bps | leader=binance_futures lagger=gate_futures direction=SHORT_LAGGER bid_ask=-91.50 ask_bid=81.92
2026-02-27T16:25:53.276840Z  INFO lead_lag_classic signal #2276: ESPUSDT | spread=35.62bps | dir=SHORT_LAGGER | bid_ask=-37.03bps ask_bid=35.62bps | leader=binance_futures lagger=gate_futures direction=SHORT_LAGGER bid_ask=-37.03 ask_bid=35.62
2026-02-27T16:25:53.276933Z  INFO lead_lag_classic signal #2277: POWERUSDT | spread=151.56bps | dir=SHORT_LAGGER | bid_ask=-158.42bps ask_bid=151.56bps | leader=binance_futures lagger=gate_futures direction=SHORT_LAGGER bid_ask=-158.42 ask_bid=151.56
2026-02-27T16:25:53.277001Z  INFO lead_lag_classic signal #2278: SAHARAUSDT | spread=180.60bps | dir=SHORT_LAGGER | bid_ask=-189.61bps ask_bid=180.60bps | leader=binance_futures lagger=gate_futures direction=SHORT_LAGGER bid_ask=-189.61 ask_bid=180.60
2026-02-27T16:25:53.707390Z  INFO lead_lag_classic signal #2279: ENSOUSDT | spread=81.92bps | dir=SHORT_LAGGER | bid_ask=-91.50bps ask_bid=81.92bps | leader=binance_futures lagger=gate_futures direction=SHORT_LAGGER bid_ask=-91.50 ask_bid=81.92
2026-02-27T16:25:53.707481Z  INFO lead_lag_classic signal #2280: ESPUSDT | spread=35.62bps | dir=SHORT_LAGGER | bid_ask=-37.03bps ask_bid=35.62bps | leader=binance_futures lagger=gate_futures direction=SHORT_LAGGER bid_ask=-37.03 ask_bid=35.62
2026-02-27T16:25:53.707568Z  INFO lead_lag_classic signal #2281: POWERUSDT | spread=147.77bps | dir=SHORT_LAGGER | bid_ask=-156.51bps ask_bid=147.77bps | leader=binance_futures lagger=gate_futures direction=SHORT_LAGGER bid_ask=-156.51 ask_bid=147.77
2026-02-27T16:25:53.707619Z  INFO lead_lag_classic signal #2282: SAHARAUSDT | spread=180.60bps | dir=SHORT_LAGGER | bid_ask=-189.61bps ask_bid=180.60bps | leader=binance_futures lagger=gate_futures direction=SHORT_LAGGER bid_ask=-189.61 ask_bid=180.60
2026-02-27T16:25:54.679774Z  INFO lead_lag_classic signal #2283: ENSOUSDT | spread=82.62bps | dir=SHORT_LAGGER | bid_ask=-91.50bps ask_bid=82.62bps | leader=binance_futures lagger=gate_futures direction=SHORT_LAGGER bid_ask=-91.50 ask_bid=82.62
2026-02-27T16:25:55.498891Z  INFO lead_lag_classic signal #2284: BULLAUSDT | spread=76.92bps | dir=LONG_LAGGER | bid_ask=76.92bps ask_bid=-146.22bps | leader=binance_futures lagger=gate_futures direction=LONG_LAGGER bid_ask=76.92 ask_bid=-146.22
2026-02-27T16:25:55.498985Z  INFO lead_lag_classic signal #2285: ENSOUSDT | spread=82.62bps | dir=SHORT_LAGGER | bid_ask=-91.50bps ask_bid=82.62bps | leader=binance_futures lagger=gate_futures direction=SHORT_LAGGER bid_ask=-91.50 ask_bid=82.62
2026-02-27T16:25:55.499080Z  INFO lead_lag_classic signal #2286: POWERUSDT | spread=147.39bps | dir=SHORT_LAGGER | bid_ask=-154.71bps ask_bid=147.39bps | leader=binance_futures lagger=gate_futures direction=SHORT_LAGGER bid_ask=-154.71 ask_bid=147.39
2026-02-27T16:25:55.499142Z  INFO lead_lag_classic signal #2287: SAHARAUSDT | spread=180.44bps | dir=SHORT_LAGGER | bid_ask=-193.50bps ask_bid=180.44bps | leader=binance_futures lagger=gate_futures direction=SHORT_LAGGER bid_ask=-193.50 ask_bid=180.44
2026-02-27T16:25:55.618265Z  INFO Gate NATR refresh: fetched=12 missing=0 batch=12 symbols=43
2026-02-27T16:25:56.446605Z  INFO lead_lag_classic signal #2288: ATHUSDT | spread=39.07bps | dir=SHORT_LAGGER | bid_ask=-60.81bps ask_bid=39.07bps | leader=binance_futures lagger=gate_futures direction=SHORT_LAGGER bid_ask=-60.81 ask_bid=39.07
2026-02-27T16:25:56.446688Z  INFO lead_lag_classic signal #2289: BULLAUSDT | spread=70.51bps | dir=LONG_LAGGER | bid_ask=70.51bps ask_bid=-146.22bps | leader=binance_futures lagger=gate_futures direction=LONG_LAGGER bid_ask=70.51 ask_bid=-146.22
2026-02-27T16:25:56.446737Z  INFO lead_lag_classic signal #2290: ENSOUSDT | spread=79.82bps | dir=SHORT_LAGGER | bid_ask=-88.75bps ask_bid=79.82bps | leader=binance_futures lagger=gate_futures direction=SHORT_LAGGER bid_ask=-88.75 ask_bid=79.82
2026-02-27T16:25:56.446824Z  INFO lead_lag_classic signal #2291: POWERUSDT | spread=141.31bps | dir=SHORT_LAGGER | bid_ask=-149.60bps ask_bid=141.31bps | leader=binance_futures lagger=gate_futures direction=SHORT_LAGGER bid_ask=-149.60 ask_bid=141.31
2026-02-27T16:25:56.446903Z  INFO lead_lag_classic signal #2292: SAHARAUSDT | spread=176.10bps | dir=SHORT_LAGGER | bid_ask=-193.42bps ask_bid=176.10bps | leader=binance_futures lagger=gate_futures direction=SHORT_LAGGER bid_ask=-193.42 ask_bid=176.10
2026-02-27T16:25:56.782095Z  INFO lead_lag_classic signal #2293: ATHUSDT | spread=39.07bps | dir=SHORT_LAGGER | bid_ask=-60.81bps ask_bid=39.07bps | leader=binance_futures lagger=gate_futures direction=SHORT_LAGGER bid_ask=-60.81 ask_bid=39.07
2026-02-27T16:25:57.318070Z  INFO lead_lag_classic signal #2294: ESPUSDT | spread=34.84bps | dir=SHORT_LAGGER | bid_ask=-37.80bps ask_bid=34.84bps | leader=binance_futures lagger=gate_futures direction=SHORT_LAGGER bid_ask=-37.80 ask_bid=34.84
2026-02-27T16:25:57.318194Z  INFO lead_lag_classic signal #2295: POWERUSDT | spread=138.29bps | dir=SHORT_LAGGER | bid_ask=-151.04bps ask_bid=138.29bps | leader=binance_futures lagger=gate_futures direction=SHORT_LAGGER bid_ask=-151.04 ask_bid=138.29
2026-02-27T16:25:57.318249Z  INFO lead_lag_classic signal #2296: SAHARAUSDT | spread=184.56bps | dir=SHORT_LAGGER | bid_ask=-193.42bps ask_bid=184.56bps | leader=binance_futures lagger=gate_futures direction=SHORT_LAGGER bid_ask=-193.42 ask_bid=184.56
2026-02-27T16:25:57.813366Z  INFO lead_lag_classic signal #2297: ATHUSDT | spread=32.25bps | dir=SHORT_LAGGER | bid_ask=-52.36bps ask_bid=32.25bps | leader=binance_futures lagger=gate_futures direction=SHORT_LAGGER bid_ask=-52.36 ask_bid=32.25
2026-02-27T16:25:57.813517Z  INFO lead_lag_classic signal #2298: POWERUSDT | spread=145.42bps | dir=SHORT_LAGGER | bid_ask=-157.63bps ask_bid=145.42bps | leader=binance_futures lagger=gate_futures direction=SHORT_LAGGER bid_ask=-157.63 ask_bid=145.42
2026-02-27T16:25:57.813578Z  INFO lead_lag_classic signal #2299: SAHARAUSDT | spread=188.76bps | dir=SHORT_LAGGER | bid_ask=-197.53bps ask_bid=188.76bps | leader=binance_futures lagger=gate_futures direction=SHORT_LAGGER bid_ask=-197.53 ask_bid=188.76
2026-02-27T16:25:58.726744Z  INFO lead_lag_classic signal #2300: BULLAUSDT | spread=70.51bps | dir=LONG_LAGGER | bid_ask=70.51bps ask_bid=-139.95bps | leader=binance_futures lagger=gate_futures direction=LONG_LAGGER bid_ask=70.51 ask_bid=-139.95
2026-02-27T16:25:58.726837Z  INFO lead_lag_classic signal #2301: ESPUSDT | spread=34.84bps | dir=SHORT_LAGGER | bid_ask=-37.03bps ask_bid=34.84bps | leader=binance_futures lagger=gate_futures direction=SHORT_LAGGER bid_ask=-37.03 ask_bid=34.84
2026-02-27T16:25:58.727323Z  INFO Status: tickers=90326 (+787/5s) signals=2301 drift=[n=787 avg=216ms p50=183ms p95=500ms p99=709ms max=1263ms]
2026-02-27T16:25:59.161889Z  INFO lead_lag_classic signal #2302: ATHUSDT | spread=32.25bps | dir=SHORT_LAGGER | bid_ask=-52.36bps ask_bid=32.25bps | leader=binance_futures lagger=gate_futures direction=SHORT_LAGGER bid_ask=-52.36 ask_bid=32.25
2026-02-27T16:25:59.161994Z  INFO lead_lag_classic signal #2303: ESPUSDT | spread=34.84bps | dir=SHORT_LAGGER | bid_ask=-37.03bps ask_bid=34.84bps | leader=binance_futures lagger=gate_futures direction=SHORT_LAGGER bid_ask=-37.03 ask_bid=34.84
2026-02-27T16:25:59.162079Z  INFO lead_lag_classic signal #2304: POWERUSDT | spread=134.01bps | dir=SHORT_LAGGER | bid_ask=-146.10bps ask_bid=134.01bps | leader=binance_futures lagger=gate_futures direction=SHORT_LAGGER bid_ask=-146.10 ask_bid=134.01
2026-02-27T16:25:59.162150Z  INFO lead_lag_classic signal #2305: SAHARAUSDT | spread=193.12bps | dir=SHORT_LAGGER | bid_ask=-205.68bps ask_bid=193.12bps | leader=binance_futures lagger=gate_futures direction=SHORT_LAGGER bid_ask=-205.68 ask_bid=193.12
2026-02-27T16:26:00.482155Z  INFO lead_lag_classic signal #2306: ESPUSDT | spread=35.62bps | dir=SHORT_LAGGER | bid_ask=-37.80bps ask_bid=35.62bps | leader=binance_futures lagger=gate_futures direction=SHORT_LAGGER bid_ask=-37.80 ask_bid=35.62
2026-02-27T16:26:00.482278Z  INFO lead_lag_classic signal #2307: POWERUSDT | spread=138.95bps | dir=SHORT_LAGGER | bid_ask=-148.30bps ask_bid=138.95bps | leader=binance_futures lagger=gate_futures direction=SHORT_LAGGER bid_ask=-148.30 ask_bid=138.95
2026-02-27T16:26:00.482362Z  INFO lead_lag_classic signal #2308: SAHARAUSDT | spread=179.99bps | dir=SHORT_LAGGER | bid_ask=-188.99bps ask_bid=179.99bps | leader=binance_futures lagger=gate_futures direction=SHORT_LAGGER bid_ask=-188.99 ask_bid=179.99
2026-02-27T16:26:01.038503Z  INFO lead_lag_classic signal #2309: ENSOUSDT | spread=79.82bps | dir=SHORT_LAGGER | bid_ask=-88.75bps ask_bid=79.82bps | leader=binance_futures lagger=gate_futures direction=SHORT_LAGGER bid_ask=-88.75 ask_bid=79.82
2026-02-27T16:26:01.372234Z  INFO lead_lag_classic signal #2310: ATHUSDT | spread=30.55bps | dir=SHORT_LAGGER | bid_ask=-50.68bps ask_bid=30.55bps | leader=binance_futures lagger=gate_futures direction=SHORT_LAGGER bid_ask=-50.68 ask_bid=30.55
2026-02-27T16:26:01.372356Z  INFO lead_lag_classic signal #2311: ENSOUSDT | spread=79.12bps | dir=SHORT_LAGGER | bid_ask=-88.06bps ask_bid=79.12bps | leader=binance_futures lagger=gate_futures direction=SHORT_LAGGER bid_ask=-88.06 ask_bid=79.12
2026-02-27T16:26:01.372396Z  INFO lead_lag_classic signal #2312: ESPUSDT | spread=33.30bps | dir=SHORT_LAGGER | bid_ask=-37.80bps ask_bid=33.30bps | leader=binance_futures lagger=gate_futures direction=SHORT_LAGGER bid_ask=-37.80 ask_bid=33.30
2026-02-27T16:26:01.372495Z  INFO lead_lag_classic signal #2313: POWERUSDT | spread=156.35bps | dir=SHORT_LAGGER | bid_ask=-170.08bps ask_bid=156.35bps | leader=binance_futures lagger=gate_futures direction=SHORT_LAGGER bid_ask=-170.08 ask_bid=156.35
2026-02-27T16:26:01.372566Z  INFO lead_lag_classic signal #2314: SAHARAUSDT | spread=197.15bps | dir=SHORT_LAGGER | bid_ask=-205.51bps ask_bid=197.15bps | leader=binance_futures lagger=gate_futures direction=SHORT_LAGGER bid_ask=-205.51 ask_bid=197.15
2026-02-27T16:26:03.029807Z  INFO lead_lag_classic signal #2315: BULLAUSDT | spread=51.28bps | dir=LONG_LAGGER | bid_ask=51.28bps ask_bid=-121.10bps | leader=binance_futures lagger=gate_futures direction=LONG_LAGGER bid_ask=51.28 ask_bid=-121.10
2026-02-27T16:26:03.029894Z  INFO lead_lag_classic signal #2316: ESPUSDT | spread=33.32bps | dir=SHORT_LAGGER | bid_ask=-40.90bps ask_bid=33.32bps | leader=binance_futures lagger=gate_futures direction=SHORT_LAGGER bid_ask=-40.90 ask_bid=33.32
2026-02-27T16:26:03.029983Z  INFO lead_lag_classic signal #2317: POWERUSDT | spread=155.03bps | dir=SHORT_LAGGER | bid_ask=-158.56bps ask_bid=155.03bps | leader=binance_futures lagger=gate_futures direction=SHORT_LAGGER bid_ask=-158.56 ask_bid=155.03
2026-02-27T16:26:04.009663Z  INFO lead_lag_classic signal #2318: SAHARAUSDT | spread=184.64bps | dir=SHORT_LAGGER | bid_ask=-197.53bps ask_bid=184.64bps | leader=binance_futures lagger=gate_futures direction=SHORT_LAGGER bid_ask=-197.53 ask_bid=184.64
2026-02-27T16:26:04.010087Z  INFO Status: tickers=91084 (+758/5s) signals=2318 drift=[n=758 avg=226ms p50=196ms p95=528ms p99=847ms max=1997ms]
2026-02-27T16:26:04.584421Z  INFO flushed 20 trades to db
2026-02-27T16:26:06.674880Z  INFO lead_lag_classic signal #2319: ATHUSDT | spread=40.77bps | dir=SHORT_LAGGER | bid_ask=-62.50bps ask_bid=40.77bps | leader=binance_futures lagger=gate_futures direction=SHORT_LAGGER bid_ask=-62.50 ask_bid=40.77
2026-02-27T16:26:06.674971Z  INFO lead_lag_classic signal #2320: BULLAUSDT | spread=57.69bps | dir=LONG_LAGGER | bid_ask=57.69bps ask_bid=-127.38bps | leader=binance_futures lagger=gate_futures direction=LONG_LAGGER bid_ask=57.69 ask_bid=-127.38
2026-02-27T16:26:06.675023Z  INFO lead_lag_classic signal #2321: ESPUSDT | spread=32.54bps | dir=SHORT_LAGGER | bid_ask=-37.82bps ask_bid=32.54bps | leader=binance_futures lagger=gate_futures direction=SHORT_LAGGER bid_ask=-37.82 ask_bid=32.54
2026-02-27T16:26:06.675111Z  INFO lead_lag_classic signal #2322: POWERUSDT | spread=142.28bps | dir=SHORT_LAGGER | bid_ask=-151.99bps ask_bid=142.28bps | leader=binance_futures lagger=gate_futures direction=SHORT_LAGGER bid_ask=-151.99 ask_bid=142.28
2026-02-27T16:26:06.675169Z  INFO lead_lag_classic signal #2323: SAHARAUSDT | spread=184.80bps | dir=SHORT_LAGGER | bid_ask=-189.61bps ask_bid=184.80bps | leader=binance_futures lagger=gate_futures direction=SHORT_LAGGER bid_ask=-189.61 ask_bid=184.80
2026-02-27T16:26:07.159032Z  INFO lead_lag_classic signal #2324: BULLAUSDT | spread=57.69bps | dir=LONG_LAGGER | bid_ask=57.69bps ask_bid=-127.38bps | leader=binance_futures lagger=gate_futures direction=LONG_LAGGER bid_ask=57.69 ask_bid=-127.38
2026-02-27T16:26:07.159124Z  INFO lead_lag_classic signal #2325: ENSOUSDT | spread=78.41bps | dir=SHORT_LAGGER | bid_ask=-92.82bps ask_bid=78.41bps | leader=binance_futures lagger=gate_futures direction=SHORT_LAGGER bid_ask=-92.82 ask_bid=78.41
2026-02-27T16:26:07.159170Z  INFO lead_lag_classic signal #2326: ESPUSDT | spread=35.64bps | dir=SHORT_LAGGER | bid_ask=-37.82bps ask_bid=35.64bps | leader=binance_futures lagger=gate_futures direction=SHORT_LAGGER bid_ask=-37.82 ask_bid=35.64
2026-02-27T16:26:07.159250Z  INFO lead_lag_classic signal #2327: POWERUSDT | spread=143.50bps | dir=SHORT_LAGGER | bid_ask=-152.01bps ask_bid=143.50bps | leader=binance_futures lagger=gate_futures direction=SHORT_LAGGER bid_ask=-152.01 ask_bid=143.50
2026-02-27T16:26:07.159325Z  INFO lead_lag_classic signal #2328: SAHARAUSDT | spread=180.52bps | dir=SHORT_LAGGER | bid_ask=-185.49bps ask_bid=180.52bps | leader=binance_futures lagger=gate_futures direction=SHORT_LAGGER bid_ask=-185.49 ask_bid=180.52
2026-02-27T16:26:08.049203Z  INFO lead_lag_classic signal #2329: ESPUSDT | spread=35.64bps | dir=SHORT_LAGGER | bid_ask=-37.82bps ask_bid=35.64bps | leader=binance_futures lagger=gate_futures direction=SHORT_LAGGER bid_ask=-37.82 ask_bid=35.64
2026-02-27T16:26:09.580023Z  INFO flushed 15 trades to db
2026-02-27T16:26:09.740696Z  INFO Status: tickers=91886 (+802/5s) signals=2329 drift=[n=802 avg=234ms p50=188ms p95=601ms p99=1015ms max=1552ms]
2026-02-27T16:26:10.504650Z  INFO lead_lag_classic signal #2330: ESPUSDT | spread=30.19bps | dir=SHORT_LAGGER | bid_ask=-33.18bps ask_bid=30.19bps | leader=binance_futures lagger=gate_futures direction=SHORT_LAGGER bid_ask=-33.18 ask_bid=30.19
2026-02-27T16:26:10.504842Z  INFO lead_lag_classic signal #2331: POWERUSDT | spread=126.78bps | dir=SHORT_LAGGER | bid_ask=-137.20bps ask_bid=126.78bps | leader=binance_futures lagger=gate_futures direction=SHORT_LAGGER bid_ask=-137.20 ask_bid=126.78
2026-02-27T16:26:10.504923Z  INFO lead_lag_classic signal #2332: SAHARAUSDT | spread=167.36bps | dir=SHORT_LAGGER | bid_ask=-185.03bps ask_bid=167.36bps | leader=binance_futures lagger=gate_futures direction=SHORT_LAGGER bid_ask=-185.03 ask_bid=167.36
2026-02-27T16:26:11.678044Z  INFO lead_lag_classic signal #2333: ATHUSDT | spread=32.31bps | dir=SHORT_LAGGER | bid_ask=-52.45bps ask_bid=32.31bps | leader=binance_futures lagger=gate_futures direction=SHORT_LAGGER bid_ask=-52.45 ask_bid=32.31
2026-02-27T16:26:11.678150Z  INFO lead_lag_classic signal #2334: ESPUSDT | spread=30.97bps | dir=SHORT_LAGGER | bid_ask=-37.03bps ask_bid=30.97bps | leader=binance_futures lagger=gate_futures direction=SHORT_LAGGER bid_ask=-37.03 ask_bid=30.97
2026-02-27T16:26:11.678238Z  INFO lead_lag_classic signal #2335: POWERUSDT | spread=140.74bps | dir=SHORT_LAGGER | bid_ask=-150.35bps ask_bid=140.74bps | leader=binance_futures lagger=gate_futures direction=SHORT_LAGGER bid_ask=-150.35 ask_bid=140.74
2026-02-27T16:26:11.678317Z  INFO lead_lag_classic signal #2336: SAHARAUSDT | spread=179.92bps | dir=SHORT_LAGGER | bid_ask=-192.94bps ask_bid=179.92bps | leader=binance_futures lagger=gate_futures direction=SHORT_LAGGER bid_ask=-192.94 ask_bid=179.92
2026-02-27T16:26:11.896355Z  INFO lead_lag_classic signal #2337: ATHUSDT | spread=32.31bps | dir=SHORT_LAGGER | bid_ask=-52.45bps ask_bid=32.31bps | leader=binance_futures lagger=gate_futures direction=SHORT_LAGGER bid_ask=-52.45 ask_bid=32.31
2026-02-27T16:26:11.896458Z  INFO lead_lag_classic signal #2338: ESPUSDT | spread=30.97bps | dir=SHORT_LAGGER | bid_ask=-37.03bps ask_bid=30.97bps | leader=binance_futures lagger=gate_futures direction=SHORT_LAGGER bid_ask=-37.03 ask_bid=30.97
2026-02-27T16:26:11.896550Z  INFO lead_lag_classic signal #2339: POWERUSDT | spread=138.92bps | dir=SHORT_LAGGER | bid_ask=-149.83bps ask_bid=138.92bps | leader=binance_futures lagger=gate_futures direction=SHORT_LAGGER bid_ask=-149.83 ask_bid=138.92
2026-02-27T16:26:11.896611Z  INFO lead_lag_classic signal #2340: SAHARAUSDT | spread=188.44bps | dir=SHORT_LAGGER | bid_ask=-205.25bps ask_bid=188.44bps | leader=binance_futures lagger=gate_futures direction=SHORT_LAGGER bid_ask=-205.25 ask_bid=188.44
2026-02-27T16:26:12.284335Z  INFO lead_lag_classic signal #2341: POWERUSDT | spread=129.04bps | dir=SHORT_LAGGER | bid_ask=-142.37bps ask_bid=129.04bps | leader=binance_futures lagger=gate_futures direction=SHORT_LAGGER bid_ask=-142.37 ask_bid=129.04
2026-02-27T16:26:12.625660Z  INFO lead_lag_classic signal #2342: SAHARAUSDT | spread=184.25bps | dir=SHORT_LAGGER | bid_ask=-197.21bps ask_bid=184.25bps | leader=binance_futures lagger=gate_futures direction=SHORT_LAGGER bid_ask=-197.21 ask_bid=184.25
2026-02-27T16:26:12.954097Z  INFO lead_lag_classic signal #2343: ENSOUSDT | spread=81.22bps | dir=SHORT_LAGGER | bid_ask=-87.39bps ask_bid=81.22bps | leader=binance_futures lagger=gate_futures direction=SHORT_LAGGER bid_ask=-87.39 ask_bid=81.22
2026-02-27T16:26:12.954182Z  INFO lead_lag_classic signal #2344: ESPUSDT | spread=34.84bps | dir=SHORT_LAGGER | bid_ask=-38.56bps ask_bid=34.84bps | leader=binance_futures lagger=gate_futures direction=SHORT_LAGGER bid_ask=-38.56 ask_bid=34.84
2026-02-27T16:26:12.954251Z  INFO lead_lag_classic signal #2345: POWERUSDT | spread=144.61bps | dir=SHORT_LAGGER | bid_ask=-152.81bps ask_bid=144.61bps | leader=binance_futures lagger=gate_futures direction=SHORT_LAGGER bid_ask=-152.81 ask_bid=144.61
2026-02-27T16:26:12.954315Z  INFO lead_lag_classic signal #2346: SAHARAUSDT | spread=175.73bps | dir=SHORT_LAGGER | bid_ask=-188.99bps ask_bid=175.73bps | leader=binance_futures lagger=gate_futures direction=SHORT_LAGGER bid_ask=-188.99 ask_bid=175.73
2026-02-27T16:26:13.393852Z  INFO lead_lag_classic signal #2347: ENSOUSDT | spread=81.22bps | dir=SHORT_LAGGER | bid_ask=-87.39bps ask_bid=81.22bps | leader=binance_futures lagger=gate_futures direction=SHORT_LAGGER bid_ask=-87.39 ask_bid=81.22
2026-02-27T16:26:13.393930Z  INFO lead_lag_classic signal #2348: ESPUSDT | spread=34.84bps | dir=SHORT_LAGGER | bid_ask=-38.56bps ask_bid=34.84bps | leader=binance_futures lagger=gate_futures direction=SHORT_LAGGER bid_ask=-38.56 ask_bid=34.84
2026-02-27T16:26:13.394006Z  INFO lead_lag_classic signal #2349: POWERUSDT | spread=154.51bps | dir=SHORT_LAGGER | bid_ask=-162.08bps ask_bid=154.51bps | leader=binance_futures lagger=gate_futures direction=SHORT_LAGGER bid_ask=-162.08 ask_bid=154.51
2026-02-27T16:26:13.394054Z  INFO lead_lag_classic signal #2350: SAHARAUSDT | spread=167.22bps | dir=SHORT_LAGGER | bid_ask=-176.66bps ask_bid=167.22bps | leader=binance_futures lagger=gate_futures direction=SHORT_LAGGER bid_ask=-176.66 ask_bid=167.22
2026-02-27T16:26:13.649277Z  INFO lead_lag_classic signal #2351: ENSOUSDT | spread=81.22bps | dir=SHORT_LAGGER | bid_ask=-87.39bps ask_bid=81.22bps | leader=binance_futures lagger=gate_futures direction=SHORT_LAGGER bid_ask=-87.39 ask_bid=81.22
2026-02-27T16:26:13.649364Z  INFO lead_lag_classic signal #2352: ESPUSDT | spread=34.06bps | dir=SHORT_LAGGER | bid_ask=-37.79bps ask_bid=34.06bps | leader=binance_futures lagger=gate_futures direction=SHORT_LAGGER bid_ask=-37.79 ask_bid=34.06
2026-02-27T16:26:13.649442Z  INFO lead_lag_classic signal #2353: POWERUSDT | spread=155.93bps | dir=SHORT_LAGGER | bid_ask=-163.52bps ask_bid=155.93bps | leader=binance_futures lagger=gate_futures direction=SHORT_LAGGER bid_ask=-163.52 ask_bid=155.93
2026-02-27T16:26:13.649496Z  INFO lead_lag_classic signal #2354: SAHARAUSDT | spread=167.22bps | dir=SHORT_LAGGER | bid_ask=-176.66bps ask_bid=167.22bps | leader=binance_futures lagger=gate_futures direction=SHORT_LAGGER bid_ask=-176.66 ask_bid=167.22
2026-02-27T16:26:14.343946Z  INFO lead_lag_classic signal #2355: ENSOUSDT | spread=81.22bps | dir=SHORT_LAGGER | bid_ask=-87.39bps ask_bid=81.22bps | leader=binance_futures lagger=gate_futures direction=SHORT_LAGGER bid_ask=-87.39 ask_bid=81.22
2026-02-27T16:26:14.344035Z  INFO lead_lag_classic signal #2356: ESPUSDT | spread=34.06bps | dir=SHORT_LAGGER | bid_ask=-37.02bps ask_bid=34.06bps | leader=binance_futures lagger=gate_futures direction=SHORT_LAGGER bid_ask=-37.02 ask_bid=34.06
2026-02-27T16:26:14.344127Z  INFO lead_lag_classic signal #2357: POWERUSDT | spread=145.53bps | dir=SHORT_LAGGER | bid_ask=-153.53bps ask_bid=145.53bps | leader=binance_futures lagger=gate_futures direction=SHORT_LAGGER bid_ask=-153.53 ask_bid=145.53
2026-02-27T16:26:14.344203Z  INFO lead_lag_classic signal #2358: SAHARAUSDT | spread=183.95bps | dir=SHORT_LAGGER | bid_ask=-192.78bps ask_bid=183.95bps | leader=binance_futures lagger=gate_futures direction=SHORT_LAGGER bid_ask=-192.78 ask_bid=183.95
2026-02-27T16:26:14.581998Z  INFO flushed 19 trades to db
2026-02-27T16:26:15.058195Z  INFO lead_lag_classic signal #2359: ENSOUSDT | spread=81.22bps | dir=SHORT_LAGGER | bid_ask=-86.71bps ask_bid=81.22bps | leader=binance_futures lagger=gate_futures direction=SHORT_LAGGER bid_ask=-86.71 ask_bid=81.22
2026-02-27T16:26:15.058740Z  INFO Status: tickers=92622 (+736/5s) signals=2359 drift=[n=736 avg=227ms p50=200ms p95=551ms p99=828ms max=1052ms]
2026-02-27T16:26:18.167569Z  INFO lead_lag_classic signal #2360: ENSOUSDT | spread=77.80bps | dir=SHORT_LAGGER | bid_ask=-92.23bps ask_bid=77.80bps | leader=binance_futures lagger=gate_futures direction=SHORT_LAGGER bid_ask=-92.23 ask_bid=77.80
2026-02-27T16:26:19.353359Z  INFO lead_lag_classic signal #2361: ATHUSDT | spread=44.19bps | dir=SHORT_LAGGER | bid_ask=-62.50bps ask_bid=44.19bps | leader=binance_futures lagger=gate_futures direction=SHORT_LAGGER bid_ask=-62.50 ask_bid=44.19
2026-02-27T16:26:19.353531Z  INFO lead_lag_classic signal #2362: POWERUSDT | spread=145.41bps | dir=SHORT_LAGGER | bid_ask=-157.89bps ask_bid=145.41bps | leader=binance_futures lagger=gate_futures direction=SHORT_LAGGER bid_ask=-157.89 ask_bid=145.41
2026-02-27T16:26:19.353589Z  INFO lead_lag_classic signal #2363: SAHARAUSDT | spread=192.39bps | dir=SHORT_LAGGER | bid_ask=-204.92bps ask_bid=192.39bps | leader=binance_futures lagger=gate_futures direction=SHORT_LAGGER bid_ask=-204.92 ask_bid=192.39
2026-02-27T16:26:19.581043Z  INFO flushed 14 trades to db
2026-02-27T16:26:19.582392Z  INFO lead_lag_classic signal #2364: POWERUSDT | spread=159.18bps | dir=SHORT_LAGGER | bid_ask=-167.96bps ask_bid=159.18bps | leader=binance_futures lagger=gate_futures direction=SHORT_LAGGER bid_ask=-167.96 ask_bid=159.18
2026-02-27T16:26:19.582480Z  INFO lead_lag_classic signal #2365: SAHARAUSDT | spread=179.62bps | dir=SHORT_LAGGER | bid_ask=-196.72bps ask_bid=179.62bps | leader=binance_futures lagger=gate_futures direction=SHORT_LAGGER bid_ask=-196.72 ask_bid=179.62
2026-02-27T16:26:19.833118Z  INFO lead_lag_classic signal #2366: ATHUSDT | spread=44.19bps | dir=SHORT_LAGGER | bid_ask=-62.50bps ask_bid=44.19bps | leader=binance_futures lagger=gate_futures direction=SHORT_LAGGER bid_ask=-62.50 ask_bid=44.19
2026-02-27T16:26:19.833427Z  INFO lead_lag_classic signal #2367: ESPUSDT | spread=37.13bps | dir=SHORT_LAGGER | bid_ask=-40.06bps ask_bid=37.13bps | leader=binance_futures lagger=gate_futures direction=SHORT_LAGGER bid_ask=-40.06 ask_bid=37.13
2026-02-27T16:26:19.833560Z  INFO lead_lag_classic signal #2368: POWERUSDT | spread=155.87bps | dir=SHORT_LAGGER | bid_ask=-166.59bps ask_bid=155.87bps | leader=binance_futures lagger=gate_futures direction=SHORT_LAGGER bid_ask=-166.59 ask_bid=155.87
2026-02-27T16:26:19.833628Z  INFO lead_lag_classic signal #2369: SAHARAUSDT | spread=188.13bps | dir=SHORT_LAGGER | bid_ask=-200.82bps ask_bid=188.13bps | leader=binance_futures lagger=gate_futures direction=SHORT_LAGGER bid_ask=-200.82 ask_bid=188.13
2026-02-27T16:26:20.521643Z  INFO lead_lag_classic signal #2370: ENSOUSDT | spread=77.80bps | dir=SHORT_LAGGER | bid_ask=-88.82bps ask_bid=77.80bps | leader=binance_futures lagger=gate_futures direction=SHORT_LAGGER bid_ask=-88.82 ask_bid=77.80
2026-02-27T16:26:20.521791Z  INFO lead_lag_classic signal #2371: POWERUSDT | spread=141.74bps | dir=SHORT_LAGGER | bid_ask=-150.65bps ask_bid=141.74bps | leader=binance_futures lagger=gate_futures direction=SHORT_LAGGER bid_ask=-150.65 ask_bid=141.74
2026-02-27T16:26:20.521850Z  INFO lead_lag_classic signal #2372: SAHARAUSDT | spread=188.05bps | dir=SHORT_LAGGER | bid_ask=-196.72bps ask_bid=188.05bps | leader=binance_futures lagger=gate_futures direction=SHORT_LAGGER bid_ask=-196.72 ask_bid=188.05
2026-02-27T16:26:20.522247Z  INFO Status: tickers=93366 (+744/5s) signals=2372 drift=[n=744 avg=234ms p50=200ms p95=540ms p99=932ms max=1345ms]
2026-02-27T16:26:23.867722Z  INFO lead_lag_classic signal #2373: ENSOUSDT | spread=78.50bps | dir=SHORT_LAGGER | bid_ask=-92.92bps ask_bid=78.50bps | leader=binance_futures lagger=gate_futures direction=SHORT_LAGGER bid_ask=-92.92 ask_bid=78.50
2026-02-27T16:26:24.580484Z  INFO flushed 10 trades to db
2026-02-27T16:26:25.826278Z  INFO lead_lag_classic signal #2374: ATHUSDT | spread=42.48bps | dir=SHORT_LAGGER | bid_ask=-64.19bps ask_bid=42.48bps | leader=binance_futures lagger=gate_futures direction=SHORT_LAGGER bid_ask=-64.19 ask_bid=42.48
2026-02-27T16:26:25.826445Z  INFO lead_lag_classic signal #2375: POWERUSDT | spread=146.58bps | dir=SHORT_LAGGER | bid_ask=-154.22bps ask_bid=146.58bps | leader=binance_futures lagger=gate_futures direction=SHORT_LAGGER bid_ask=-154.22 ask_bid=146.58
2026-02-27T16:26:25.826838Z  INFO Status: tickers=94098 (+732/5s) signals=2375 drift=[n=732 avg=240ms p50=203ms p95=620ms p99=974ms max=1351ms]
2026-02-27T16:26:26.541488Z  INFO lead_lag_classic signal #2376: ESPUSDT | spread=32.49bps | dir=SHORT_LAGGER | bid_ask=-40.06bps ask_bid=32.49bps | leader=binance_futures lagger=gate_futures direction=SHORT_LAGGER bid_ask=-40.06 ask_bid=32.49
2026-02-27T16:26:29.330450Z  INFO lead_lag_classic signal #2377: ESPUSDT | spread=36.36bps | dir=SHORT_LAGGER | bid_ask=-40.06bps ask_bid=36.36bps | leader=binance_futures lagger=gate_futures direction=SHORT_LAGGER bid_ask=-40.06 ask_bid=36.36
2026-02-27T16:26:29.330592Z  INFO lead_lag_classic signal #2378: POWERUSDT | spread=140.09bps | dir=SHORT_LAGGER | bid_ask=-151.91bps ask_bid=140.09bps | leader=binance_futures lagger=gate_futures direction=SHORT_LAGGER bid_ask=-151.91 ask_bid=140.09
2026-02-27T16:26:29.330647Z  INFO lead_lag_classic signal #2379: SAHARAUSDT | spread=188.21bps | dir=SHORT_LAGGER | bid_ask=-200.90bps ask_bid=188.21bps | leader=binance_futures lagger=gate_futures direction=SHORT_LAGGER bid_ask=-200.90 ask_bid=188.21
2026-02-27T16:26:29.580557Z  INFO flushed 12 trades to db
2026-02-27T16:26:33.047351Z  INFO lead_lag_classic signal #2380: ENSOUSDT | spread=75.62bps | dir=SHORT_LAGGER | bid_ask=-92.80bps ask_bid=75.62bps | leader=binance_futures lagger=gate_futures direction=SHORT_LAGGER bid_ask=-92.80 ask_bid=75.62
2026-02-27T16:26:33.047444Z  INFO lead_lag_classic signal #2381: ESPUSDT | spread=33.24bps | dir=SHORT_LAGGER | bid_ask=-37.74bps ask_bid=33.24bps | leader=binance_futures lagger=gate_futures direction=SHORT_LAGGER bid_ask=-37.74 ask_bid=33.24
2026-02-27T16:26:33.047534Z  INFO lead_lag_classic signal #2382: POWERUSDT | spread=151.99bps | dir=SHORT_LAGGER | bid_ask=-162.87bps ask_bid=151.99bps | leader=binance_futures lagger=gate_futures direction=SHORT_LAGGER bid_ask=-162.87 ask_bid=151.99
2026-02-27T16:26:33.047590Z  INFO lead_lag_classic signal #2383: SAHARAUSDT | spread=196.90bps | dir=SHORT_LAGGER | bid_ask=-205.25bps ask_bid=196.90bps | leader=binance_futures lagger=gate_futures direction=SHORT_LAGGER bid_ask=-205.25 ask_bid=196.90
2026-02-27T16:26:33.048073Z  INFO Status: tickers=95081 (+983/5s) signals=2383 drift=[n=983 avg=243ms p50=214ms p95=542ms p99=801ms max=1195ms]
2026-02-27T16:26:35.370239Z  INFO lead_lag_classic signal #2384: ENSOUSDT | spread=71.39bps | dir=SHORT_LAGGER | bid_ask=-87.27bps ask_bid=71.39bps | leader=binance_futures lagger=gate_futures direction=SHORT_LAGGER bid_ask=-87.27 ask_bid=71.39
2026-02-27T16:26:35.370341Z  INFO lead_lag_classic signal #2385: ESPUSDT | spread=36.30bps | dir=SHORT_LAGGER | bid_ask=-40.78bps ask_bid=36.30bps | leader=binance_futures lagger=gate_futures direction=SHORT_LAGGER bid_ask=-40.78 ask_bid=36.30
2026-02-27T16:26:35.370448Z  INFO lead_lag_classic signal #2386: POWERUSDT | spread=154.93bps | dir=SHORT_LAGGER | bid_ask=-164.08bps ask_bid=154.93bps | leader=binance_futures lagger=gate_futures direction=SHORT_LAGGER bid_ask=-164.08 ask_bid=154.93
2026-02-27T16:26:35.370516Z  INFO lead_lag_classic signal #2387: SAHARAUSDT | spread=192.71bps | dir=SHORT_LAGGER | bid_ask=-201.23bps ask_bid=192.71bps | leader=binance_futures lagger=gate_futures direction=SHORT_LAGGER bid_ask=-201.23 ask_bid=192.71
2026-02-27T16:26:36.012685Z  INFO lead_lag_classic signal #2388: ATHUSDT | spread=32.31bps | dir=SHORT_LAGGER | bid_ask=-70.95bps ask_bid=32.31bps | leader=binance_futures lagger=gate_futures direction=SHORT_LAGGER bid_ask=-70.95 ask_bid=32.31
2026-02-27T16:26:36.012793Z  INFO lead_lag_classic signal #2389: ENSOUSDT | spread=70.69bps | dir=SHORT_LAGGER | bid_ask=-85.89bps ask_bid=70.69bps | leader=binance_futures lagger=gate_futures direction=SHORT_LAGGER bid_ask=-85.89 ask_bid=70.69
2026-02-27T16:26:36.012884Z  INFO lead_lag_classic signal #2390: POWERUSDT | spread=154.82bps | dir=SHORT_LAGGER | bid_ask=-162.48bps ask_bid=154.82bps | leader=binance_futures lagger=gate_futures direction=SHORT_LAGGER bid_ask=-162.48 ask_bid=154.82
2026-02-27T16:26:36.012937Z  INFO lead_lag_classic signal #2391: SAHARAUSDT | spread=192.79bps | dir=SHORT_LAGGER | bid_ask=-205.34bps ask_bid=192.79bps | leader=binance_futures lagger=gate_futures direction=SHORT_LAGGER bid_ask=-205.34 ask_bid=192.79
2026-02-27T16:26:36.928128Z  INFO lead_lag_classic signal #2392: ENSOUSDT | spread=69.99bps | dir=SHORT_LAGGER | bid_ask=-85.21bps ask_bid=69.99bps | leader=binance_futures lagger=gate_futures direction=SHORT_LAGGER bid_ask=-85.21 ask_bid=69.99
2026-02-27T16:26:36.928283Z  INFO lead_lag_classic signal #2393: POWERUSDT | spread=141.62bps | dir=SHORT_LAGGER | bid_ask=-151.92bps ask_bid=141.62bps | leader=binance_futures lagger=gate_futures direction=SHORT_LAGGER bid_ask=-151.92 ask_bid=141.62
2026-02-27T16:26:36.928358Z  INFO lead_lag_classic signal #2394: SAHARAUSDT | spread=184.41bps | dir=SHORT_LAGGER | bid_ask=-197.29bps ask_bid=184.41bps | leader=binance_futures lagger=gate_futures direction=SHORT_LAGGER bid_ask=-197.29 ask_bid=184.41
2026-02-27T16:26:38.325272Z  INFO lead_lag_classic signal #2395: ESPUSDT | spread=37.85bps | dir=SHORT_LAGGER | bid_ask=-40.01bps ask_bid=37.85bps | leader=binance_futures lagger=gate_futures direction=SHORT_LAGGER bid_ask=-40.01 ask_bid=37.85
2026-02-27T16:26:38.325415Z  INFO lead_lag_classic signal #2396: POWERUSDT | spread=142.77bps | dir=SHORT_LAGGER | bid_ask=-151.25bps ask_bid=142.77bps | leader=binance_futures lagger=gate_futures direction=SHORT_LAGGER bid_ask=-151.25 ask_bid=142.77
2026-02-27T16:26:38.325472Z  INFO lead_lag_classic signal #2397: SAHARAUSDT | spread=188.84bps | dir=SHORT_LAGGER | bid_ask=-197.53bps ask_bid=188.84bps | leader=binance_futures lagger=gate_futures direction=SHORT_LAGGER bid_ask=-197.53 ask_bid=188.84
2026-02-27T16:26:38.325848Z  INFO Status: tickers=95793 (+712/5s) signals=2397 drift=[n=712 avg=239ms p50=189ms p95=591ms p99=1297ms max=1976ms]
2026-02-27T16:26:42.897817Z  INFO lead_lag_classic signal #2398: ENSOUSDT | spread=66.51bps | dir=SHORT_LAGGER | bid_ask=-81.09bps ask_bid=66.51bps | leader=binance_futures lagger=gate_futures direction=SHORT_LAGGER bid_ask=-81.09 ask_bid=66.51
2026-02-27T16:26:42.897908Z  INFO lead_lag_classic signal #2399: ESPUSDT | spread=37.07bps | dir=SHORT_LAGGER | bid_ask=-40.77bps ask_bid=37.07bps | leader=binance_futures lagger=gate_futures direction=SHORT_LAGGER bid_ask=-40.77 ask_bid=37.07
2026-02-27T16:26:42.898005Z  INFO lead_lag_classic signal #2400: POWERUSDT | spread=139.60bps | dir=SHORT_LAGGER | bid_ask=-147.65bps ask_bid=139.60bps | leader=binance_futures lagger=gate_futures direction=SHORT_LAGGER bid_ask=-147.65 ask_bid=139.60
2026-02-27T16:26:42.898088Z  INFO lead_lag_classic signal #2401: SAHARAUSDT | spread=188.68bps | dir=SHORT_LAGGER | bid_ask=-197.37bps ask_bid=188.68bps | leader=binance_futures lagger=gate_futures direction=SHORT_LAGGER bid_ask=-197.37 ask_bid=188.68
2026-02-27T16:26:43.622865Z  INFO lead_lag_classic signal #2402: SAHARAUSDT | spread=188.68bps | dir=SHORT_LAGGER | bid_ask=-197.37bps ask_bid=188.68bps | leader=binance_futures lagger=gate_futures direction=SHORT_LAGGER bid_ask=-197.37 ask_bid=188.68
2026-02-27T16:26:43.623280Z  INFO Status: tickers=96477 (+684/5s) signals=2402 drift=[n=684 avg=226ms p50=172ms p95=641ms p99=1263ms max=2268ms]
2026-02-27T16:26:43.891415Z  INFO lead_lag_classic signal #2403: ENSOUSDT | spread=76.17bps | dir=SHORT_LAGGER | bid_ask=-86.50bps ask_bid=76.17bps | leader=binance_futures lagger=gate_futures direction=SHORT_LAGGER bid_ask=-86.50 ask_bid=76.17
2026-02-27T16:26:43.891492Z  INFO lead_lag_classic signal #2404: ESPUSDT | spread=33.21bps | dir=SHORT_LAGGER | bid_ask=-39.24bps ask_bid=33.21bps | leader=binance_futures lagger=gate_futures direction=SHORT_LAGGER bid_ask=-39.24 ask_bid=33.21
2026-02-27T16:26:43.891576Z  INFO lead_lag_classic signal #2405: POWERUSDT | spread=143.17bps | dir=SHORT_LAGGER | bid_ask=-152.87bps ask_bid=143.17bps | leader=binance_futures lagger=gate_futures direction=SHORT_LAGGER bid_ask=-152.87 ask_bid=143.17
2026-02-27T16:26:43.891632Z  INFO lead_lag_classic signal #2406: SAHARAUSDT | spread=184.41bps | dir=SHORT_LAGGER | bid_ask=-193.26bps ask_bid=184.41bps | leader=binance_futures lagger=gate_futures direction=SHORT_LAGGER bid_ask=-193.26 ask_bid=184.41
2026-02-27T16:26:45.142705Z  INFO lead_lag_classic signal #2407: ATHUSDT | spread=39.07bps | dir=SHORT_LAGGER | bid_ask=-59.12bps ask_bid=39.07bps | leader=binance_futures lagger=gate_futures direction=SHORT_LAGGER bid_ask=-59.12 ask_bid=39.07
2026-02-27T16:26:45.142794Z  INFO lead_lag_classic signal #2408: BULLAUSDT | spread=64.10bps | dir=LONG_LAGGER | bid_ask=64.10bps ask_bid=-133.67bps | leader=binance_futures lagger=gate_futures direction=LONG_LAGGER bid_ask=64.10 ask_bid=-133.67
2026-02-27T16:26:46.921740Z  INFO lead_lag_classic signal #2409: ENSOUSDT | spread=76.17bps | dir=SHORT_LAGGER | bid_ask=-86.50bps ask_bid=76.17bps | leader=binance_futures lagger=gate_futures direction=SHORT_LAGGER bid_ask=-86.50 ask_bid=76.17
2026-02-27T16:26:49.790802Z  INFO lead_lag_classic signal #2410: ATHUSDT | spread=37.36bps | dir=SHORT_LAGGER | bid_ask=-55.74bps ask_bid=37.36bps | leader=binance_futures lagger=gate_futures direction=SHORT_LAGGER bid_ask=-55.74 ask_bid=37.36
2026-02-27T16:26:49.790920Z  INFO lead_lag_classic signal #2411: ENSOUSDT | spread=73.38bps | dir=SHORT_LAGGER | bid_ask=-83.07bps ask_bid=73.38bps | leader=binance_futures lagger=gate_futures direction=SHORT_LAGGER bid_ask=-83.07 ask_bid=73.38
2026-02-27T16:26:49.790966Z  INFO lead_lag_classic signal #2412: ESPUSDT | spread=33.22bps | dir=SHORT_LAGGER | bid_ask=-34.64bps ask_bid=33.22bps | leader=binance_futures lagger=gate_futures direction=SHORT_LAGGER bid_ask=-34.64 ask_bid=33.22
2026-02-27T16:26:49.791054Z  INFO lead_lag_classic signal #2413: POWERUSDT | spread=147.37bps | dir=SHORT_LAGGER | bid_ask=-157.18bps ask_bid=147.37bps | leader=binance_futures lagger=gate_futures direction=SHORT_LAGGER bid_ask=-157.18 ask_bid=147.37
2026-02-27T16:26:49.791114Z  INFO lead_lag_classic signal #2414: SAHARAUSDT | spread=201.17bps | dir=SHORT_LAGGER | bid_ask=-205.34bps ask_bid=201.17bps | leader=binance_futures lagger=gate_futures direction=SHORT_LAGGER bid_ask=-205.34 ask_bid=201.17
2026-02-27T16:26:49.791569Z  INFO Status: tickers=97295 (+818/5s) signals=2414 drift=[n=818 avg=245ms p50=203ms p95=590ms p99=865ms max=1019ms]
2026-02-27T16:26:50.203291Z  INFO lead_lag_classic signal #2415: ENSOUSDT | spread=73.38bps | dir=SHORT_LAGGER | bid_ask=-83.07bps ask_bid=73.38bps | leader=binance_futures lagger=gate_futures direction=SHORT_LAGGER bid_ask=-83.07 ask_bid=73.38
2026-02-27T16:26:50.203436Z  INFO lead_lag_classic signal #2416: POWERUSDT | spread=146.48bps | dir=SHORT_LAGGER | bid_ask=-154.60bps ask_bid=146.48bps | leader=binance_futures lagger=gate_futures direction=SHORT_LAGGER bid_ask=-154.60 ask_bid=146.48
2026-02-27T16:26:50.203506Z  INFO lead_lag_classic signal #2417: SAHARAUSDT | spread=201.17bps | dir=SHORT_LAGGER | bid_ask=-205.34bps ask_bid=201.17bps | leader=binance_futures lagger=gate_futures direction=SHORT_LAGGER bid_ask=-205.34 ask_bid=201.17
2026-02-27T16:26:51.268152Z  INFO lead_lag_classic signal #2418: ESPUSDT | spread=30.90bps | dir=SHORT_LAGGER | bid_ask=-35.41bps ask_bid=30.90bps | leader=binance_futures lagger=gate_futures direction=SHORT_LAGGER bid_ask=-35.41 ask_bid=30.90
2026-02-27T16:26:51.268297Z  INFO lead_lag_classic signal #2419: POWERUSDT | spread=143.01bps | dir=SHORT_LAGGER | bid_ask=-150.83bps ask_bid=143.01bps | leader=binance_futures lagger=gate_futures direction=SHORT_LAGGER bid_ask=-150.83 ask_bid=143.01
2026-02-27T16:26:51.268371Z  INFO lead_lag_classic signal #2420: SAHARAUSDT | spread=192.63bps | dir=SHORT_LAGGER | bid_ask=-201.15bps ask_bid=192.63bps | leader=binance_futures lagger=gate_futures direction=SHORT_LAGGER bid_ask=-201.15 ask_bid=192.63
2026-02-27T16:26:51.701372Z  INFO lead_lag_classic signal #2421: SAHARAUSDT | spread=201.01bps | dir=SHORT_LAGGER | bid_ask=-205.17bps ask_bid=201.01bps | leader=binance_futures lagger=gate_futures direction=SHORT_LAGGER bid_ask=-205.17 ask_bid=201.01
2026-02-27T16:26:52.638941Z  INFO lead_lag_classic signal #2422: ATHUSDT | spread=35.66bps | dir=SHORT_LAGGER | bid_ask=-54.05bps ask_bid=35.66bps | leader=binance_futures lagger=gate_futures direction=SHORT_LAGGER bid_ask=-54.05 ask_bid=35.66
2026-02-27T16:26:52.639033Z  INFO lead_lag_classic signal #2423: BULLAUSDT | spread=64.10bps | dir=LONG_LAGGER | bid_ask=64.10bps ask_bid=-133.67bps | leader=binance_futures lagger=gate_futures direction=LONG_LAGGER bid_ask=64.10 ask_bid=-133.67
2026-02-27T16:26:52.639091Z  INFO lead_lag_classic signal #2424: ESPUSDT | spread=32.44bps | dir=SHORT_LAGGER | bid_ask=-34.64bps ask_bid=32.44bps | leader=binance_futures lagger=gate_futures direction=SHORT_LAGGER bid_ask=-34.64 ask_bid=32.44
2026-02-27T16:26:52.639181Z  INFO lead_lag_classic signal #2425: POWERUSDT | spread=151.61bps | dir=SHORT_LAGGER | bid_ask=-160.98bps ask_bid=151.61bps | leader=binance_futures lagger=gate_futures direction=SHORT_LAGGER bid_ask=-160.98 ask_bid=151.61
2026-02-27T16:26:52.639243Z  INFO lead_lag_classic signal #2426: SAHARAUSDT | spread=201.01bps | dir=SHORT_LAGGER | bid_ask=-205.17bps ask_bid=201.01bps | leader=binance_futures lagger=gate_futures direction=SHORT_LAGGER bid_ask=-205.17 ask_bid=201.01
2026-02-27T16:26:55.763660Z  INFO Gate NATR refresh: fetched=12 missing=0 batch=12 symbols=43
2026-02-27T16:26:55.814129Z  INFO lead_lag_classic signal #2427: ATHUSDT | spread=40.77bps | dir=SHORT_LAGGER | bid_ask=-59.12bps ask_bid=40.77bps | leader=binance_futures lagger=gate_futures direction=SHORT_LAGGER bid_ask=-59.12 ask_bid=40.77
2026-02-27T16:26:55.814254Z  INFO lead_lag_classic signal #2428: ESPUSDT | spread=33.21bps | dir=SHORT_LAGGER | bid_ask=-35.40bps ask_bid=33.21bps | leader=binance_futures lagger=gate_futures direction=SHORT_LAGGER bid_ask=-35.40 ask_bid=33.21
2026-02-27T16:26:55.814356Z  INFO lead_lag_classic signal #2429: POWERUSDT | spread=151.12bps | dir=SHORT_LAGGER | bid_ask=-152.31bps ask_bid=151.12bps | leader=binance_futures lagger=gate_futures direction=SHORT_LAGGER bid_ask=-152.31 ask_bid=151.12
2026-02-27T16:26:55.814429Z  INFO lead_lag_classic signal #2430: SAHARAUSDT | spread=209.47bps | dir=SHORT_LAGGER | bid_ask=-217.30bps ask_bid=209.47bps | leader=binance_futures lagger=gate_futures direction=SHORT_LAGGER bid_ask=-217.30 ask_bid=209.47
2026-02-27T16:26:55.814841Z  INFO Status: tickers=98102 (+807/5s) signals=2430 drift=[n=807 avg=226ms p50=188ms p95=525ms p99=920ms max=1730ms]
2026-02-27T16:26:56.859814Z  INFO lead_lag_classic signal #2431: ATHUSDT | spread=37.36bps | dir=SHORT_LAGGER | bid_ask=-57.43bps ask_bid=37.36bps | leader=binance_futures lagger=gate_futures direction=SHORT_LAGGER bid_ask=-57.43 ask_bid=37.36
2026-02-27T16:26:56.859937Z  INFO lead_lag_classic signal #2432: ESPUSDT | spread=33.21bps | dir=SHORT_LAGGER | bid_ask=-35.40bps ask_bid=33.21bps | leader=binance_futures lagger=gate_futures direction=SHORT_LAGGER bid_ask=-35.40 ask_bid=33.21
2026-02-27T16:26:56.860027Z  INFO lead_lag_classic signal #2433: POWERUSDT | spread=153.32bps | dir=SHORT_LAGGER | bid_ask=-158.55bps ask_bid=153.32bps | leader=binance_futures lagger=gate_futures direction=SHORT_LAGGER bid_ask=-158.55 ask_bid=153.32
2026-02-27T16:26:56.860096Z  INFO lead_lag_classic signal #2434: SAHARAUSDT | spread=201.01bps | dir=SHORT_LAGGER | bid_ask=-213.20bps ask_bid=201.01bps | leader=binance_futures lagger=gate_futures direction=SHORT_LAGGER bid_ask=-213.20 ask_bid=201.01
2026-02-27T16:26:57.006398Z  INFO lead_lag_classic signal #2435: SAHARAUSDT | spread=201.01bps | dir=SHORT_LAGGER | bid_ask=-209.19bps ask_bid=201.01bps | leader=binance_futures lagger=gate_futures direction=SHORT_LAGGER bid_ask=-209.19 ask_bid=201.01
2026-02-27T16:26:58.729381Z  INFO lead_lag_classic signal #2436: ATHUSDT | spread=54.35bps | dir=SHORT_LAGGER | bid_ask=-75.89bps ask_bid=54.35bps | leader=binance_futures lagger=gate_futures direction=SHORT_LAGGER bid_ask=-75.89 ask_bid=54.35
2026-02-27T16:26:58.729499Z  INFO lead_lag_classic signal #2437: ENSOUSDT | spread=74.12bps | dir=SHORT_LAGGER | bid_ask=-85.16bps ask_bid=74.12bps | leader=binance_futures lagger=gate_futures direction=SHORT_LAGGER bid_ask=-85.16 ask_bid=74.12
2026-02-27T16:26:59.996460Z  INFO lead_lag_classic signal #2438: ATHUSDT | spread=33.96bps | dir=SHORT_LAGGER | bid_ask=-72.51bps ask_bid=33.96bps | leader=binance_futures lagger=gate_futures direction=SHORT_LAGGER bid_ask=-72.51 ask_bid=33.96
2026-02-27T16:26:59.996574Z  INFO lead_lag_classic signal #2439: ENSOUSDT | spread=72.02bps | dir=SHORT_LAGGER | bid_ask=-83.10bps ask_bid=72.02bps | leader=binance_futures lagger=gate_futures direction=SHORT_LAGGER bid_ask=-83.10 ask_bid=72.02
2026-02-27T16:26:59.996613Z  INFO lead_lag_classic signal #2440: ESPUSDT | spread=33.98bps | dir=SHORT_LAGGER | bid_ask=-36.94bps ask_bid=33.98bps | leader=binance_futures lagger=gate_futures direction=SHORT_LAGGER bid_ask=-36.94 ask_bid=33.98
2026-02-27T16:26:59.996697Z  INFO lead_lag_classic signal #2441: POWERUSDT | spread=151.46bps | dir=SHORT_LAGGER | bid_ask=-156.36bps ask_bid=151.46bps | leader=binance_futures lagger=gate_futures direction=SHORT_LAGGER bid_ask=-156.36 ask_bid=151.46
2026-02-27T16:27:00.195776Z  INFO lead_lag_classic signal #2442: ENSOUSDT | spread=72.02bps | dir=SHORT_LAGGER | bid_ask=-83.10bps ask_bid=72.02bps | leader=binance_futures lagger=gate_futures direction=SHORT_LAGGER bid_ask=-83.10 ask_bid=72.02
2026-02-27T16:27:00.195905Z  INFO lead_lag_classic signal #2443: POWERUSDT | spread=150.65bps | dir=SHORT_LAGGER | bid_ask=-156.29bps ask_bid=150.65bps | leader=binance_futures lagger=gate_futures direction=SHORT_LAGGER bid_ask=-156.29 ask_bid=150.65
2026-02-27T16:27:00.420436Z  INFO lead_lag_classic signal #2444: ESPUSDT | spread=34.75bps | dir=SHORT_LAGGER | bid_ask=-36.94bps ask_bid=34.75bps | leader=binance_futures lagger=gate_futures direction=SHORT_LAGGER bid_ask=-36.94 ask_bid=34.75
2026-02-27T16:27:00.420559Z  INFO lead_lag_classic signal #2445: POWERUSDT | spread=146.50bps | dir=SHORT_LAGGER | bid_ask=-151.08bps ask_bid=146.50bps | leader=binance_futures lagger=gate_futures direction=SHORT_LAGGER bid_ask=-151.08 ask_bid=146.50
2026-02-27T16:27:02.952447Z  INFO lead_lag_classic signal #2446: ATHUSDT | spread=45.82bps | dir=SHORT_LAGGER | bid_ask=-67.45bps ask_bid=45.82bps | leader=binance_futures lagger=gate_futures direction=SHORT_LAGGER bid_ask=-67.45 ask_bid=45.82
2026-02-27T16:27:02.952549Z  INFO lead_lag_classic signal #2447: BULLAUSDT | spread=64.10bps | dir=LONG_LAGGER | bid_ask=64.10bps ask_bid=-133.67bps | leader=binance_futures lagger=gate_futures direction=LONG_LAGGER bid_ask=64.10 ask_bid=-133.67
2026-02-27T16:27:02.952596Z  INFO lead_lag_classic signal #2448: ENSOUSDT | spread=79.74bps | dir=SHORT_LAGGER | bid_ask=-92.75bps ask_bid=79.74bps | leader=binance_futures lagger=gate_futures direction=SHORT_LAGGER bid_ask=-92.75 ask_bid=79.74
2026-02-27T16:27:02.952721Z  INFO lead_lag_classic signal #2449: SAHARAUSDT | spread=188.44bps | dir=SHORT_LAGGER | bid_ask=-205.25bps ask_bid=188.44bps | leader=binance_futures lagger=gate_futures direction=SHORT_LAGGER bid_ask=-205.25 ask_bid=188.44
2026-02-27T16:27:02.953214Z  INFO Status: tickers=99053 (+951/5s) signals=2449 drift=[n=951 avg=229ms p50=200ms p95=549ms p99=711ms max=1000ms]
2026-02-27T16:27:03.614258Z  INFO lead_lag_classic signal #2450: ESPUSDT | spread=33.98bps | dir=SHORT_LAGGER | bid_ask=-36.93bps ask_bid=33.98bps | leader=binance_futures lagger=gate_futures direction=SHORT_LAGGER bid_ask=-36.93 ask_bid=33.98
2026-02-27T16:27:03.614403Z  INFO lead_lag_classic signal #2451: PIPPINUSDT | spread=32.40bps | dir=LONG_LAGGER | bid_ask=32.40bps ask_bid=-47.02bps | leader=binance_futures lagger=gate_futures direction=LONG_LAGGER bid_ask=32.40 ask_bid=-47.02
2026-02-27T16:27:03.614446Z  INFO lead_lag_classic signal #2452: POWERUSDT | spread=153.01bps | dir=SHORT_LAGGER | bid_ask=-164.56bps ask_bid=153.01bps | leader=binance_futures lagger=gate_futures direction=SHORT_LAGGER bid_ask=-164.56 ask_bid=153.01
2026-02-27T16:27:05.016896Z  INFO lead_lag_classic signal #2453: ATHUSDT | spread=45.82bps | dir=SHORT_LAGGER | bid_ask=-67.45bps ask_bid=45.82bps | leader=binance_futures lagger=gate_futures direction=SHORT_LAGGER bid_ask=-67.45 ask_bid=45.82
2026-02-27T16:27:05.017012Z  INFO lead_lag_classic signal #2454: ENSOUSDT | spread=83.24bps | dir=SHORT_LAGGER | bid_ask=-93.46bps ask_bid=83.24bps | leader=binance_futures lagger=gate_futures direction=SHORT_LAGGER bid_ask=-93.46 ask_bid=83.24
2026-02-27T16:27:05.017052Z  INFO lead_lag_classic signal #2455: ESPUSDT | spread=33.20bps | dir=SHORT_LAGGER | bid_ask=-35.40bps ask_bid=33.20bps | leader=binance_futures lagger=gate_futures direction=SHORT_LAGGER bid_ask=-35.40 ask_bid=33.20
2026-02-27T16:27:05.017140Z  INFO lead_lag_classic signal #2456: POWERUSDT | spread=135.45bps | dir=SHORT_LAGGER | bid_ask=-140.03bps ask_bid=135.45bps | leader=binance_futures lagger=gate_futures direction=SHORT_LAGGER bid_ask=-140.03 ask_bid=135.45
2026-02-27T16:27:05.017199Z  INFO lead_lag_classic signal #2457: SAHARAUSDT | spread=205.45bps | dir=SHORT_LAGGER | bid_ask=-209.45bps ask_bid=205.45bps | leader=binance_futures lagger=gate_futures direction=SHORT_LAGGER bid_ask=-209.45 ask_bid=205.45
2026-02-27T16:27:05.278513Z  INFO lead_lag_classic signal #2458: ENSOUSDT | spread=83.24bps | dir=SHORT_LAGGER | bid_ask=-92.78bps ask_bid=83.24bps | leader=binance_futures lagger=gate_futures direction=SHORT_LAGGER bid_ask=-92.78 ask_bid=83.24
2026-02-27T16:27:05.556384Z  INFO lead_lag_classic signal #2459: ENSOUSDT | spread=87.43bps | dir=SHORT_LAGGER | bid_ask=-96.90bps ask_bid=87.43bps | leader=binance_futures lagger=gate_futures direction=SHORT_LAGGER bid_ask=-96.90 ask_bid=87.43
2026-02-27T16:27:05.556511Z  INFO lead_lag_classic signal #2460: POWERUSDT | spread=150.27bps | dir=SHORT_LAGGER | bid_ask=-157.89bps ask_bid=150.27bps | leader=binance_futures lagger=gate_futures direction=SHORT_LAGGER bid_ask=-157.89 ask_bid=150.27
2026-02-27T16:27:05.556566Z  INFO lead_lag_classic signal #2461: SAHARAUSDT | spread=197.23bps | dir=SHORT_LAGGER | bid_ask=-205.59bps ask_bid=197.23bps | leader=binance_futures lagger=gate_futures direction=SHORT_LAGGER bid_ask=-205.59 ask_bid=197.23
2026-02-27T16:27:06.080286Z  INFO lead_lag_classic signal #2462: ATHUSDT | spread=50.85bps | dir=SHORT_LAGGER | bid_ask=-70.71bps ask_bid=50.85bps | leader=binance_futures lagger=gate_futures direction=SHORT_LAGGER bid_ask=-70.71 ask_bid=50.85
2026-02-27T16:27:06.080408Z  INFO lead_lag_classic signal #2463: ESPUSDT | spread=31.66bps | dir=SHORT_LAGGER | bid_ask=-36.16bps ask_bid=31.66bps | leader=binance_futures lagger=gate_futures direction=SHORT_LAGGER bid_ask=-36.16 ask_bid=31.66
2026-02-27T16:27:08.821602Z  INFO lead_lag_classic signal #2464: ATHUSDT | spread=54.26bps | dir=SHORT_LAGGER | bid_ask=-74.07bps ask_bid=54.26bps | leader=binance_futures lagger=gate_futures direction=SHORT_LAGGER bid_ask=-74.07 ask_bid=54.26
2026-02-27T16:27:08.821727Z  INFO lead_lag_classic signal #2465: ENSOUSDT | spread=69.43bps | dir=SHORT_LAGGER | bid_ask=-81.27bps ask_bid=69.43bps | leader=binance_futures lagger=gate_futures direction=SHORT_LAGGER bid_ask=-81.27 ask_bid=69.43
2026-02-27T16:27:08.821772Z  INFO lead_lag_classic signal #2466: ESPUSDT | spread=33.20bps | dir=SHORT_LAGGER | bid_ask=-35.40bps ask_bid=33.20bps | leader=binance_futures lagger=gate_futures direction=SHORT_LAGGER bid_ask=-35.40 ask_bid=33.20
2026-02-27T16:27:08.821861Z  INFO lead_lag_classic signal #2467: POWERUSDT | spread=150.07bps | dir=SHORT_LAGGER | bid_ask=-157.68bps ask_bid=150.07bps | leader=binance_futures lagger=gate_futures direction=SHORT_LAGGER bid_ask=-157.68 ask_bid=150.07
2026-02-27T16:27:08.821925Z  INFO lead_lag_classic signal #2468: SAHARAUSDT | spread=193.12bps | dir=SHORT_LAGGER | bid_ask=-201.65bps ask_bid=193.12bps | leader=binance_futures lagger=gate_futures direction=SHORT_LAGGER bid_ask=-201.65 ask_bid=193.12
2026-02-27T16:27:08.822345Z  INFO Status: tickers=99839 (+786/5s) signals=2468 drift=[n=786 avg=254ms p50=216ms p95=656ms p99=851ms max=1404ms]
2026-02-27T16:27:11.166753Z  INFO lead_lag_classic signal #2469: ATHUSDT | spread=57.67bps | dir=SHORT_LAGGER | bid_ask=-77.44bps ask_bid=57.67bps | leader=binance_futures lagger=gate_futures direction=SHORT_LAGGER bid_ask=-77.44 ask_bid=57.67
2026-02-27T16:27:11.166858Z  INFO lead_lag_classic signal #2470: ENSOUSDT | spread=69.40bps | dir=SHORT_LAGGER | bid_ask=-85.32bps ask_bid=69.40bps | leader=binance_futures lagger=gate_futures direction=SHORT_LAGGER bid_ask=-85.32 ask_bid=69.40
2026-02-27T16:27:11.166901Z  INFO lead_lag_classic signal #2471: ESPUSDT | spread=33.20bps | dir=SHORT_LAGGER | bid_ask=-36.16bps ask_bid=33.20bps | leader=binance_futures lagger=gate_futures direction=SHORT_LAGGER bid_ask=-36.16 ask_bid=33.20
2026-02-27T16:27:11.166997Z  INFO lead_lag_classic signal #2472: POWERUSDT | spread=152.87bps | dir=SHORT_LAGGER | bid_ask=-160.26bps ask_bid=152.87bps | leader=binance_futures lagger=gate_futures direction=SHORT_LAGGER bid_ask=-160.26 ask_bid=152.87
2026-02-27T16:27:11.167058Z  INFO lead_lag_classic signal #2473: SAHARAUSDT | spread=193.28bps | dir=SHORT_LAGGER | bid_ask=-201.81bps ask_bid=193.28bps | leader=binance_futures lagger=gate_futures direction=SHORT_LAGGER bid_ask=-201.81 ask_bid=193.28
2026-02-27T16:27:11.840881Z  INFO lead_lag_classic signal #2474: ENSOUSDT | spread=69.40bps | dir=SHORT_LAGGER | bid_ask=-84.64bps ask_bid=69.40bps | leader=binance_futures lagger=gate_futures direction=SHORT_LAGGER bid_ask=-84.64 ask_bid=69.40
2026-02-27T16:27:12.624421Z  INFO lead_lag_classic signal #2475: ENSOUSDT | spread=69.40bps | dir=SHORT_LAGGER | bid_ask=-84.64bps ask_bid=69.40bps | leader=binance_futures lagger=gate_futures direction=SHORT_LAGGER bid_ask=-84.64 ask_bid=69.40
2026-02-27T16:27:12.624511Z  INFO lead_lag_classic signal #2476: ESPUSDT | spread=32.44bps | dir=SHORT_LAGGER | bid_ask=-37.71bps ask_bid=32.44bps | leader=binance_futures lagger=gate_futures direction=SHORT_LAGGER bid_ask=-37.71 ask_bid=32.44
2026-02-27T16:27:12.624602Z  INFO lead_lag_classic signal #2477: POWERUSDT | spread=125.92bps | dir=SHORT_LAGGER | bid_ask=-135.14bps ask_bid=125.92bps | leader=binance_futures lagger=gate_futures direction=SHORT_LAGGER bid_ask=-135.14 ask_bid=125.92
2026-02-27T16:27:12.624657Z  INFO lead_lag_classic signal #2478: SAHARAUSDT | spread=197.31bps | dir=SHORT_LAGGER | bid_ask=-205.68bps ask_bid=197.31bps | leader=binance_futures lagger=gate_futures direction=SHORT_LAGGER bid_ask=-205.68 ask_bid=197.31
2026-02-27T16:27:13.615841Z  INFO lead_lag_classic signal #2479: ESPUSDT | spread=33.21bps | dir=SHORT_LAGGER | bid_ask=-34.64bps ask_bid=33.21bps | leader=binance_futures lagger=gate_futures direction=SHORT_LAGGER bid_ask=-34.64 ask_bid=33.21
2026-02-27T16:27:13.615980Z  INFO lead_lag_classic signal #2480: POWERUSDT | spread=153.59bps | dir=SHORT_LAGGER | bid_ask=-162.36bps ask_bid=153.59bps | leader=binance_futures lagger=gate_futures direction=SHORT_LAGGER bid_ask=-162.36 ask_bid=153.59
2026-02-27T16:27:13.616063Z  INFO lead_lag_classic signal #2481: SAHARAUSDT | spread=193.12bps | dir=SHORT_LAGGER | bid_ask=-205.68bps ask_bid=193.12bps | leader=binance_futures lagger=gate_futures direction=SHORT_LAGGER bid_ask=-205.68 ask_bid=193.12
2026-02-27T16:27:14.299244Z  INFO Status: tickers=100593 (+754/5s) signals=2481 drift=[n=754 avg=232ms p50=197ms p95=585ms p99=1177ms max=2016ms]
2026-02-27T16:27:15.578039Z  INFO lead_lag_classic signal #2482: ENSOUSDT | spread=71.47bps | dir=SHORT_LAGGER | bid_ask=-83.95bps ask_bid=71.47bps | leader=binance_futures lagger=gate_futures direction=SHORT_LAGGER bid_ask=-83.95 ask_bid=71.47
2026-02-27T16:27:15.578117Z  INFO lead_lag_classic signal #2483: ESPUSDT | spread=33.21bps | dir=SHORT_LAGGER | bid_ask=-35.41bps ask_bid=33.21bps | leader=binance_futures lagger=gate_futures direction=SHORT_LAGGER bid_ask=-35.41 ask_bid=33.21
2026-02-27T16:27:15.578205Z  INFO lead_lag_classic signal #2484: POWERUSDT | spread=159.99bps | dir=SHORT_LAGGER | bid_ask=-160.55bps ask_bid=159.99bps | leader=binance_futures lagger=gate_futures direction=SHORT_LAGGER bid_ask=-160.55 ask_bid=159.99
2026-02-27T16:27:15.578267Z  INFO lead_lag_classic signal #2485: SAHARAUSDT | spread=188.76bps | dir=SHORT_LAGGER | bid_ask=-201.48bps ask_bid=188.76bps | leader=binance_futures lagger=gate_futures direction=SHORT_LAGGER bid_ask=-201.48 ask_bid=188.76
2026-02-27T16:27:17.905912Z  INFO lead_lag_classic signal #2486: ENSOUSDT | spread=76.37bps | dir=SHORT_LAGGER | bid_ask=-88.77bps ask_bid=76.37bps | leader=binance_futures lagger=gate_futures direction=SHORT_LAGGER bid_ask=-88.77 ask_bid=76.37
2026-02-27T16:27:17.906000Z  INFO lead_lag_classic signal #2487: ESPUSDT | spread=32.42bps | dir=SHORT_LAGGER | bid_ask=-34.62bps ask_bid=32.42bps | leader=binance_futures lagger=gate_futures direction=SHORT_LAGGER bid_ask=-34.62 ask_bid=32.42
2026-02-27T16:27:19.509738Z  INFO lead_lag_classic signal #2488: ENSOUSDT | spread=74.27bps | dir=SHORT_LAGGER | bid_ask=-87.39bps ask_bid=74.27bps | leader=binance_futures lagger=gate_futures direction=SHORT_LAGGER bid_ask=-87.39 ask_bid=74.27
2026-02-27T16:27:19.509867Z  INFO lead_lag_classic signal #2489: POWERUSDT | spread=144.07bps | dir=SHORT_LAGGER | bid_ask=-150.31bps ask_bid=144.07bps | leader=binance_futures lagger=gate_futures direction=SHORT_LAGGER bid_ask=-150.31 ask_bid=144.07
2026-02-27T16:27:19.509925Z  INFO lead_lag_classic signal #2490: SAHARAUSDT | spread=197.56bps | dir=SHORT_LAGGER | bid_ask=-201.90bps ask_bid=197.56bps | leader=binance_futures lagger=gate_futures direction=SHORT_LAGGER bid_ask=-201.90 ask_bid=197.56
2026-02-27T16:27:19.510273Z  INFO Status: tickers=101278 (+685/5s) signals=2490 drift=[n=685 avg=257ms p50=208ms p95=712ms p99=1140ms max=1489ms]
2026-02-27T16:27:20.792712Z  INFO lead_lag_classic signal #2491: ATHUSDT | spread=57.67bps | dir=SHORT_LAGGER | bid_ask=-75.76bps ask_bid=57.67bps | leader=binance_futures lagger=gate_futures direction=SHORT_LAGGER bid_ask=-75.76 ask_bid=57.67
2026-02-27T16:27:20.792810Z  INFO lead_lag_classic signal #2492: BULLAUSDT | spread=70.51bps | dir=LONG_LAGGER | bid_ask=70.51bps ask_bid=-139.95bps | leader=binance_futures lagger=gate_futures direction=LONG_LAGGER bid_ask=70.51 ask_bid=-139.95
2026-02-27T16:27:20.792916Z  INFO lead_lag_classic signal #2493: POWERUSDT | spread=148.39bps | dir=SHORT_LAGGER | bid_ask=-155.39bps ask_bid=148.39bps | leader=binance_futures lagger=gate_futures direction=SHORT_LAGGER bid_ask=-155.39 ask_bid=148.39
2026-02-27T16:27:20.792974Z  INFO lead_lag_classic signal #2494: SAHARAUSDT | spread=193.36bps | dir=SHORT_LAGGER | bid_ask=-205.93bps ask_bid=193.36bps | leader=binance_futures lagger=gate_futures direction=SHORT_LAGGER bid_ask=-205.93 ask_bid=193.36
2026-02-27T16:27:20.956542Z  INFO lead_lag_classic signal #2495: POWERUSDT | spread=149.07bps | dir=SHORT_LAGGER | bid_ask=-157.44bps ask_bid=149.07bps | leader=binance_futures lagger=gate_futures direction=SHORT_LAGGER bid_ask=-157.44 ask_bid=149.07
2026-02-27T16:27:22.648076Z  INFO lead_lag_classic signal #2496: ESPUSDT | spread=34.75bps | dir=SHORT_LAGGER | bid_ask=-40.00bps ask_bid=34.75bps | leader=binance_futures lagger=gate_futures direction=SHORT_LAGGER bid_ask=-40.00 ask_bid=34.75
2026-02-27T16:27:22.648225Z  INFO lead_lag_classic signal #2497: POWERUSDT | spread=140.23bps | dir=SHORT_LAGGER | bid_ask=-144.23bps ask_bid=140.23bps | leader=binance_futures lagger=gate_futures direction=SHORT_LAGGER bid_ask=-144.23 ask_bid=140.23
2026-02-27T16:27:22.648298Z  INFO lead_lag_classic signal #2498: SAHARAUSDT | spread=189.47bps | dir=SHORT_LAGGER | bid_ask=-202.23bps ask_bid=189.47bps | leader=binance_futures lagger=gate_futures direction=SHORT_LAGGER bid_ask=-202.23 ask_bid=189.47
2026-02-27T16:27:22.825638Z  INFO lead_lag_classic signal #2499: POWERUSDT | spread=136.15bps | dir=SHORT_LAGGER | bid_ask=-140.86bps ask_bid=136.15bps | leader=binance_futures lagger=gate_futures direction=SHORT_LAGGER bid_ask=-140.86 ask_bid=136.15
2026-02-27T16:27:22.825717Z  INFO lead_lag_classic signal #2500: SAHARAUSDT | spread=189.47bps | dir=SHORT_LAGGER | bid_ask=-202.23bps ask_bid=189.47bps | leader=binance_futures lagger=gate_futures direction=SHORT_LAGGER bid_ask=-202.23 ask_bid=189.47
2026-02-27T16:27:24.924515Z  INFO Status: tickers=101987 (+709/5s) signals=2500 drift=[n=709 avg=232ms p50=193ms p95=596ms p99=899ms max=1437ms]
2026-02-27T16:27:26.181158Z  INFO lead_lag_classic signal #2501: BULLAUSDT | spread=76.92bps | dir=LONG_LAGGER | bid_ask=76.92bps ask_bid=-146.22bps | leader=binance_futures lagger=gate_futures direction=LONG_LAGGER bid_ask=76.92 ask_bid=-146.22
2026-02-27T16:27:26.181244Z  INFO lead_lag_classic signal #2502: ENSOUSDT | spread=67.96bps | dir=SHORT_LAGGER | bid_ask=-79.81bps ask_bid=67.96bps | leader=binance_futures lagger=gate_futures direction=SHORT_LAGGER bid_ask=-79.81 ask_bid=67.96
2026-02-27T16:27:26.435838Z  INFO lead_lag_classic signal #2503: BULLAUSDT | spread=76.92bps | dir=LONG_LAGGER | bid_ask=76.92bps ask_bid=-146.22bps | leader=binance_futures lagger=gate_futures direction=LONG_LAGGER bid_ask=76.92 ask_bid=-146.22
2026-02-27T16:27:26.435924Z  INFO lead_lag_classic signal #2504: ENSOUSDT | spread=67.96bps | dir=SHORT_LAGGER | bid_ask=-79.81bps ask_bid=67.96bps | leader=binance_futures lagger=gate_futures direction=SHORT_LAGGER bid_ask=-79.81 ask_bid=67.96
2026-02-27T16:27:26.436004Z  INFO lead_lag_classic signal #2505: POWERUSDT | spread=148.15bps | dir=SHORT_LAGGER | bid_ask=-159.23bps ask_bid=148.15bps | leader=binance_futures lagger=gate_futures direction=SHORT_LAGGER bid_ask=-159.23 ask_bid=148.15
2026-02-27T16:27:26.436060Z  INFO lead_lag_classic signal #2506: SAHARAUSDT | spread=189.79bps | dir=SHORT_LAGGER | bid_ask=-198.51bps ask_bid=189.79bps | leader=binance_futures lagger=gate_futures direction=SHORT_LAGGER bid_ask=-198.51 ask_bid=189.79
2026-02-27T16:27:27.530050Z  INFO lead_lag_classic signal #2507: BULLAUSDT | spread=70.51bps | dir=LONG_LAGGER | bid_ask=70.51bps ask_bid=-146.22bps | leader=binance_futures lagger=gate_futures direction=LONG_LAGGER bid_ask=70.51 ask_bid=-146.22
2026-02-27T16:27:27.991250Z  INFO lead_lag_classic signal #2508: ATHUSDT | spread=50.85bps | dir=SHORT_LAGGER | bid_ask=-69.02bps ask_bid=50.85bps | leader=binance_futures lagger=gate_futures direction=SHORT_LAGGER bid_ask=-69.02 ask_bid=50.85
2026-02-27T16:27:29.424283Z  INFO lead_lag_classic signal #2509: ENSOUSDT | spread=65.84bps | dir=SHORT_LAGGER | bid_ask=-83.17bps ask_bid=65.84bps | leader=binance_futures lagger=gate_futures direction=SHORT_LAGGER bid_ask=-83.17 ask_bid=65.84
2026-02-27T16:27:29.424438Z  INFO lead_lag_classic signal #2510: SAHARAUSDT | spread=185.26bps | dir=SHORT_LAGGER | bid_ask=-194.13bps ask_bid=185.26bps | leader=binance_futures lagger=gate_futures direction=SHORT_LAGGER bid_ask=-194.13 ask_bid=185.26
2026-02-27T16:27:30.089784Z  INFO lead_lag_classic signal #2511: POWERUSDT | spread=143.36bps | dir=SHORT_LAGGER | bid_ask=-151.54bps ask_bid=143.36bps | leader=binance_futures lagger=gate_futures direction=SHORT_LAGGER bid_ask=-151.54 ask_bid=143.36
2026-02-27T16:27:30.089886Z  INFO lead_lag_classic signal #2512: SAHARAUSDT | spread=193.85bps | dir=SHORT_LAGGER | bid_ask=-202.40bps ask_bid=193.85bps | leader=binance_futures lagger=gate_futures direction=SHORT_LAGGER bid_ask=-202.40 ask_bid=193.85
2026-02-27T16:27:30.090245Z  INFO Status: tickers=102666 (+679/5s) signals=2512 drift=[n=679 avg=262ms p50=228ms p95=632ms p99=875ms max=1022ms]
2026-02-27T16:27:33.961368Z  INFO lead_lag_classic signal #2513: POWERUSDT | spread=147.08bps | dir=SHORT_LAGGER | bid_ask=-152.21bps ask_bid=147.08bps | leader=binance_futures lagger=gate_futures direction=SHORT_LAGGER bid_ask=-152.21 ask_bid=147.08
2026-02-27T16:27:33.961463Z  INFO lead_lag_classic signal #2514: SAHARAUSDT | spread=194.09bps | dir=SHORT_LAGGER | bid_ask=-198.59bps ask_bid=194.09bps | leader=binance_futures lagger=gate_futures direction=SHORT_LAGGER bid_ask=-198.59 ask_bid=194.09
2026-02-27T16:27:34.491590Z  INFO lead_lag_classic signal #2515: ESPUSDT | spread=34.73bps | dir=SHORT_LAGGER | bid_ask=-38.45bps ask_bid=34.73bps | leader=binance_futures lagger=gate_futures direction=SHORT_LAGGER bid_ask=-38.45 ask_bid=34.73
2026-02-27T16:27:35.097085Z  INFO lead_lag_classic signal #2516: ATHUSDT | spread=50.85bps | dir=SHORT_LAGGER | bid_ask=-69.02bps ask_bid=50.85bps | leader=binance_futures lagger=gate_futures direction=SHORT_LAGGER bid_ask=-69.02 ask_bid=50.85
2026-02-27T16:27:35.097186Z  INFO lead_lag_classic signal #2517: ESPUSDT | spread=34.73bps | dir=SHORT_LAGGER | bid_ask=-36.91bps ask_bid=34.73bps | leader=binance_futures lagger=gate_futures direction=SHORT_LAGGER bid_ask=-36.91 ask_bid=34.73
2026-02-27T16:27:35.097618Z  INFO Status: tickers=103339 (+673/5s) signals=2517 drift=[n=673 avg=245ms p50=177ms p95=573ms p99=1852ms max=2855ms]
2026-02-27T16:27:35.600179Z  INFO lead_lag_classic signal #2518: ATHUSDT | spread=50.85bps | dir=SHORT_LAGGER | bid_ask=-69.02bps ask_bid=50.85bps | leader=binance_futures lagger=gate_futures direction=SHORT_LAGGER bid_ask=-69.02 ask_bid=50.85
2026-02-27T16:27:35.600337Z  INFO lead_lag_classic signal #2519: POWERUSDT | spread=149.46bps | dir=SHORT_LAGGER | bid_ask=-156.79bps ask_bid=149.46bps | leader=binance_futures lagger=gate_futures direction=SHORT_LAGGER bid_ask=-156.79 ask_bid=149.46
2026-02-27T16:27:35.600399Z  INFO lead_lag_classic signal #2520: SAHARAUSDT | spread=198.48bps | dir=SHORT_LAGGER | bid_ask=-206.87bps ask_bid=198.48bps | leader=binance_futures lagger=gate_futures direction=SHORT_LAGGER bid_ask=-206.87 ask_bid=198.48
2026-02-27T16:27:36.815854Z  INFO lead_lag_classic signal #2521: ESPUSDT | spread=34.73bps | dir=SHORT_LAGGER | bid_ask=-36.15bps ask_bid=34.73bps | leader=binance_futures lagger=gate_futures direction=SHORT_LAGGER bid_ask=-36.15 ask_bid=34.73
2026-02-27T16:27:36.815995Z  INFO lead_lag_classic signal #2522: POWERUSDT | spread=153.33bps | dir=SHORT_LAGGER | bid_ask=-158.53bps ask_bid=153.33bps | leader=binance_futures lagger=gate_futures direction=SHORT_LAGGER bid_ask=-158.53 ask_bid=153.33
2026-02-27T16:27:38.054634Z  INFO lead_lag_classic signal #2523: ENSOUSDT | spread=64.44bps | dir=SHORT_LAGGER | bid_ask=-79.74bps ask_bid=64.44bps | leader=binance_futures lagger=gate_futures direction=SHORT_LAGGER bid_ask=-79.74 ask_bid=64.44
2026-02-27T16:27:38.054715Z  INFO lead_lag_classic signal #2524: ESPUSDT | spread=34.73bps | dir=SHORT_LAGGER | bid_ask=-41.50bps ask_bid=34.73bps | leader=binance_futures lagger=gate_futures direction=SHORT_LAGGER bid_ask=-41.50 ask_bid=34.73
2026-02-27T16:27:38.054810Z  INFO lead_lag_classic signal #2525: POWERUSDT | spread=152.31bps | dir=SHORT_LAGGER | bid_ask=-158.79bps ask_bid=152.31bps | leader=binance_futures lagger=gate_futures direction=SHORT_LAGGER bid_ask=-158.79 ask_bid=152.31
2026-02-27T16:27:38.054867Z  INFO lead_lag_classic signal #2526: SAHARAUSDT | spread=211.06bps | dir=SHORT_LAGGER | bid_ask=-218.92bps ask_bid=211.06bps | leader=binance_futures lagger=gate_futures direction=SHORT_LAGGER bid_ask=-218.92 ask_bid=211.06
2026-02-27T16:27:39.285361Z  INFO lead_lag_classic signal #2527: ATHUSDT | spread=43.96bps | dir=SHORT_LAGGER | bid_ask=-62.18bps ask_bid=43.96bps | leader=binance_futures lagger=gate_futures direction=SHORT_LAGGER bid_ask=-62.18 ask_bid=43.96
2026-02-27T16:27:39.285470Z  INFO lead_lag_classic signal #2528: ENSOUSDT | spread=70.01bps | dir=SHORT_LAGGER | bid_ask=-85.90bps ask_bid=70.01bps | leader=binance_futures lagger=gate_futures direction=SHORT_LAGGER bid_ask=-85.90 ask_bid=70.01
2026-02-27T16:27:39.285515Z  INFO lead_lag_classic signal #2529: ESPUSDT | spread=33.96bps | dir=SHORT_LAGGER | bid_ask=-36.91bps ask_bid=33.96bps | leader=binance_futures lagger=gate_futures direction=SHORT_LAGGER bid_ask=-36.91 ask_bid=33.96
2026-02-27T16:27:39.285601Z  INFO lead_lag_classic signal #2530: POWERUSDT | spread=142.88bps | dir=SHORT_LAGGER | bid_ask=-149.99bps ask_bid=142.88bps | leader=binance_futures lagger=gate_futures direction=SHORT_LAGGER bid_ask=-149.99 ask_bid=142.88
2026-02-27T16:27:39.285672Z  INFO lead_lag_classic signal #2531: SAHARAUSDT | spread=211.24bps | dir=SHORT_LAGGER | bid_ask=-219.10bps ask_bid=211.24bps | leader=binance_futures lagger=gate_futures direction=SHORT_LAGGER bid_ask=-219.10 ask_bid=211.24
2026-02-27T16:27:43.022547Z  INFO Status: tickers=104358 (+1019/5s) signals=2531 drift=[n=1019 avg=239ms p50=198ms p95=574ms p99=977ms max=1478ms]
2026-02-27T16:27:43.317885Z  INFO lead_lag_classic signal #2532: ATHUSDT | spread=50.68bps | dir=SHORT_LAGGER | bid_ask=-68.79bps ask_bid=50.68bps | leader=binance_futures lagger=gate_futures direction=SHORT_LAGGER bid_ask=-68.79 ask_bid=50.68
2026-02-27T16:27:43.317988Z  INFO lead_lag_classic signal #2533: ESPUSDT | spread=33.96bps | dir=SHORT_LAGGER | bid_ask=-35.38bps ask_bid=33.96bps | leader=binance_futures lagger=gate_futures direction=SHORT_LAGGER bid_ask=-35.38 ask_bid=33.96
2026-02-27T16:27:43.318077Z  INFO lead_lag_classic signal #2534: POWERUSDT | spread=160.60bps | dir=SHORT_LAGGER | bid_ask=-170.27bps ask_bid=160.60bps | leader=binance_futures lagger=gate_futures direction=SHORT_LAGGER bid_ask=-170.27 ask_bid=160.60
2026-02-27T16:27:43.318131Z  INFO lead_lag_classic signal #2535: SAHARAUSDT | spread=190.11bps | dir=SHORT_LAGGER | bid_ask=-202.90bps ask_bid=190.11bps | leader=binance_futures lagger=gate_futures direction=SHORT_LAGGER bid_ask=-202.90 ask_bid=190.11
2026-02-27T16:27:43.550679Z  INFO lead_lag_classic signal #2536: ATHUSDT | spread=50.68bps | dir=SHORT_LAGGER | bid_ask=-70.47bps ask_bid=50.68bps | leader=binance_futures lagger=gate_futures direction=SHORT_LAGGER bid_ask=-70.47 ask_bid=50.68
2026-02-27T16:27:43.550775Z  INFO lead_lag_classic signal #2537: ESPUSDT | spread=32.41bps | dir=SHORT_LAGGER | bid_ask=-33.84bps ask_bid=32.41bps | leader=binance_futures lagger=gate_futures direction=SHORT_LAGGER bid_ask=-33.84 ask_bid=32.41
2026-02-27T16:27:43.550853Z  INFO lead_lag_classic signal #2538: POWERUSDT | spread=166.84bps | dir=SHORT_LAGGER | bid_ask=-176.37bps ask_bid=166.84bps | leader=binance_futures lagger=gate_futures direction=SHORT_LAGGER bid_ask=-176.37 ask_bid=166.84
2026-02-27T16:27:43.550908Z  INFO lead_lag_classic signal #2539: SAHARAUSDT | spread=185.81bps | dir=SHORT_LAGGER | bid_ask=-198.76bps ask_bid=185.81bps | leader=binance_futures lagger=gate_futures direction=SHORT_LAGGER bid_ask=-198.76 ask_bid=185.81
2026-02-27T16:27:45.404958Z  INFO lead_lag_classic signal #2540: BULLAUSDT | spread=64.10bps | dir=LONG_LAGGER | bid_ask=64.10bps ask_bid=-133.67bps | leader=binance_futures lagger=gate_futures direction=LONG_LAGGER bid_ask=64.10 ask_bid=-133.67
2026-02-27T16:27:45.405048Z  INFO lead_lag_classic signal #2541: ESPUSDT | spread=33.18bps | dir=SHORT_LAGGER | bid_ask=-34.61bps ask_bid=33.18bps | leader=binance_futures lagger=gate_futures direction=SHORT_LAGGER bid_ask=-34.61 ask_bid=33.18
2026-02-27T16:27:45.405129Z  INFO lead_lag_classic signal #2542: POWERUSDT | spread=150.54bps | dir=SHORT_LAGGER | bid_ask=-155.32bps ask_bid=150.54bps | leader=binance_futures lagger=gate_futures direction=SHORT_LAGGER bid_ask=-155.32 ask_bid=150.54
2026-02-27T16:27:45.405209Z  INFO lead_lag_classic signal #2543: SAHARAUSDT | spread=194.50bps | dir=SHORT_LAGGER | bid_ask=-203.07bps ask_bid=194.50bps | leader=binance_futures lagger=gate_futures direction=SHORT_LAGGER bid_ask=-203.07 ask_bid=194.50
2026-02-27T16:27:48.177084Z  INFO lead_lag_classic signal #2544: ATHUSDT | spread=50.68bps | dir=SHORT_LAGGER | bid_ask=-68.79bps ask_bid=50.68bps | leader=binance_futures lagger=gate_futures direction=SHORT_LAGGER bid_ask=-68.79 ask_bid=50.68
2026-02-27T16:27:48.177191Z  INFO lead_lag_classic signal #2545: BULLAUSDT | spread=57.69bps | dir=LONG_LAGGER | bid_ask=57.69bps ask_bid=-127.38bps | leader=binance_futures lagger=gate_futures direction=LONG_LAGGER bid_ask=57.69 ask_bid=-127.38
2026-02-27T16:27:48.177242Z  INFO lead_lag_classic signal #2546: ESPUSDT | spread=33.18bps | dir=SHORT_LAGGER | bid_ask=-35.37bps ask_bid=33.18bps | leader=binance_futures lagger=gate_futures direction=SHORT_LAGGER bid_ask=-35.37 ask_bid=33.18
2026-02-27T16:27:48.177369Z  INFO lead_lag_classic signal #2547: POWERUSDT | spread=150.51bps | dir=SHORT_LAGGER | bid_ask=-157.83bps ask_bid=150.51bps | leader=binance_futures lagger=gate_futures direction=SHORT_LAGGER bid_ask=-157.83 ask_bid=150.51
2026-02-27T16:27:48.177456Z  INFO lead_lag_classic signal #2548: SAHARAUSDT | spread=207.54bps | dir=SHORT_LAGGER | bid_ask=-215.59bps ask_bid=207.54bps | leader=binance_futures lagger=gate_futures direction=SHORT_LAGGER bid_ask=-215.59 ask_bid=207.54
2026-02-27T16:27:48.177797Z  INFO Status: tickers=105010 (+652/5s) signals=2548 drift=[n=652 avg=234ms p50=184ms p95=531ms p99=1123ms max=1729ms]
2026-02-27T16:27:48.415663Z  INFO lead_lag_classic signal #2549: ESPUSDT | spread=33.18bps | dir=SHORT_LAGGER | bid_ask=-35.37bps ask_bid=33.18bps | leader=binance_futures lagger=gate_futures direction=SHORT_LAGGER bid_ask=-35.37 ask_bid=33.18
2026-02-27T16:27:48.415772Z  INFO lead_lag_classic signal #2550: POWERUSDT | spread=150.99bps | dir=SHORT_LAGGER | bid_ask=-156.58bps ask_bid=150.99bps | leader=binance_futures lagger=gate_futures direction=SHORT_LAGGER bid_ask=-156.58 ask_bid=150.99
2026-02-27T16:27:48.415828Z  INFO lead_lag_classic signal #2551: SAHARAUSDT | spread=207.54bps | dir=SHORT_LAGGER | bid_ask=-215.59bps ask_bid=207.54bps | leader=binance_futures lagger=gate_futures direction=SHORT_LAGGER bid_ask=-215.59 ask_bid=207.54
2026-02-27T16:27:48.415888Z  INFO lead_lag_classic signal #2552: WETUSDT | spread=32.55bps | dir=LONG_LAGGER | bid_ask=32.55bps ask_bid=-59.04bps | leader=binance_futures lagger=gate_futures direction=LONG_LAGGER bid_ask=32.55 ask_bid=-59.04
2026-02-27T16:27:50.998073Z  INFO lead_lag_classic signal #2553: BULLAUSDT | spread=64.10bps | dir=LONG_LAGGER | bid_ask=64.10bps ask_bid=-133.67bps | leader=binance_futures lagger=gate_futures direction=LONG_LAGGER bid_ask=64.10 ask_bid=-133.67
2026-02-27T16:27:52.820242Z  INFO lead_lag_classic signal #2554: ATHUSDT | spread=54.07bps | dir=SHORT_LAGGER | bid_ask=-73.83bps ask_bid=54.07bps | leader=binance_futures lagger=gate_futures direction=SHORT_LAGGER bid_ask=-73.83 ask_bid=54.07
2026-02-27T16:27:52.820343Z  INFO lead_lag_classic signal #2555: BULLAUSDT | spread=64.10bps | dir=LONG_LAGGER | bid_ask=64.10bps ask_bid=-133.67bps | leader=binance_futures lagger=gate_futures direction=LONG_LAGGER bid_ask=64.10 ask_bid=-133.67
2026-02-27T16:27:52.820405Z  INFO lead_lag_classic signal #2556: ESPUSDT | spread=32.41bps | dir=SHORT_LAGGER | bid_ask=-33.84bps ask_bid=32.41bps | leader=binance_futures lagger=gate_futures direction=SHORT_LAGGER bid_ask=-33.84 ask_bid=32.41
2026-02-27T16:27:52.820502Z  INFO lead_lag_classic signal #2557: POWERUSDT | spread=141.47bps | dir=SHORT_LAGGER | bid_ask=-150.00bps ask_bid=141.47bps | leader=binance_futures lagger=gate_futures direction=SHORT_LAGGER bid_ask=-150.00 ask_bid=141.47
2026-02-27T16:27:52.820560Z  INFO lead_lag_classic signal #2558: SAHARAUSDT | spread=194.75bps | dir=SHORT_LAGGER | bid_ask=-203.32bps ask_bid=194.75bps | leader=binance_futures lagger=gate_futures direction=SHORT_LAGGER bid_ask=-203.32 ask_bid=194.75
2026-02-27T16:27:54.240105Z  INFO lead_lag_classic signal #2559: ESPUSDT | spread=34.72bps | dir=SHORT_LAGGER | bid_ask=-36.90bps ask_bid=34.72bps | leader=binance_futures lagger=gate_futures direction=SHORT_LAGGER bid_ask=-36.90 ask_bid=34.72
2026-02-27T16:27:54.240643Z  INFO Status: tickers=105781 (+771/5s) signals=2559 drift=[n=771 avg=256ms p50=205ms p95=653ms p99=1105ms max=1785ms]
2026-02-27T16:27:55.327171Z  INFO lead_lag_classic signal #2560: BULLAUSDT | spread=64.10bps | dir=LONG_LAGGER | bid_ask=64.10bps ask_bid=-133.67bps | leader=binance_futures lagger=gate_futures direction=LONG_LAGGER bid_ask=64.10 ask_bid=-133.67
2026-02-27T16:27:55.915260Z  INFO Gate NATR refresh: fetched=12 missing=0 batch=12 symbols=43
2026-02-27T16:27:56.358738Z  INFO lead_lag_classic signal #2561: ESPUSDT | spread=30.86bps | dir=SHORT_LAGGER | bid_ask=-35.37bps ask_bid=30.86bps | leader=binance_futures lagger=gate_futures direction=SHORT_LAGGER bid_ask=-35.37 ask_bid=30.86
2026-02-27T16:27:56.358865Z  INFO lead_lag_classic signal #2562: POWERUSDT | spread=149.46bps | dir=SHORT_LAGGER | bid_ask=-154.45bps ask_bid=149.46bps | leader=binance_futures lagger=gate_futures direction=SHORT_LAGGER bid_ask=-154.45 ask_bid=149.46
2026-02-27T16:27:56.358925Z  INFO lead_lag_classic signal #2563: SAHARAUSDT | spread=194.09bps | dir=SHORT_LAGGER | bid_ask=-206.78bps ask_bid=194.09bps | leader=binance_futures lagger=gate_futures direction=SHORT_LAGGER bid_ask=-206.78 ask_bid=194.09
2026-02-27T16:27:58.518802Z  INFO lead_lag_classic signal #2564: ATHUSDT | spread=60.87bps | dir=SHORT_LAGGER | bid_ask=-80.54bps ask_bid=60.87bps | leader=binance_futures lagger=gate_futures direction=SHORT_LAGGER bid_ask=-80.54 ask_bid=60.87
2026-02-27T16:27:58.518907Z  INFO lead_lag_classic signal #2565: ESPUSDT | spread=33.18bps | dir=SHORT_LAGGER | bid_ask=-35.37bps ask_bid=33.18bps | leader=binance_futures lagger=gate_futures direction=SHORT_LAGGER bid_ask=-35.37 ask_bid=33.18
2026-02-27T16:27:58.518989Z  INFO lead_lag_classic signal #2566: POWERUSDT | spread=146.11bps | dir=SHORT_LAGGER | bid_ask=-153.79bps ask_bid=146.11bps | leader=binance_futures lagger=gate_futures direction=SHORT_LAGGER bid_ask=-153.79 ask_bid=146.11
2026-02-27T16:27:58.519062Z  INFO lead_lag_classic signal #2567: SAHARAUSDT | spread=198.48bps | dir=SHORT_LAGGER | bid_ask=-206.87bps ask_bid=198.48bps | leader=binance_futures lagger=gate_futures direction=SHORT_LAGGER bid_ask=-206.87 ask_bid=198.48
2026-02-27T16:27:58.721098Z  INFO lead_lag_classic signal #2568: POWERUSDT | spread=156.15bps | dir=SHORT_LAGGER | bid_ask=-164.57bps ask_bid=156.15bps | leader=binance_futures lagger=gate_futures direction=SHORT_LAGGER bid_ask=-164.57 ask_bid=156.15
2026-02-27T16:27:58.721187Z  INFO lead_lag_classic signal #2569: SAHARAUSDT | spread=194.17bps | dir=SHORT_LAGGER | bid_ask=-202.73bps ask_bid=194.17bps | leader=binance_futures lagger=gate_futures direction=SHORT_LAGGER bid_ask=-202.73 ask_bid=194.17
2026-02-27T16:27:59.520198Z  INFO lead_lag_classic signal #2570: ESPUSDT | spread=33.95bps | dir=SHORT_LAGGER | bid_ask=-36.91bps ask_bid=33.95bps | leader=binance_futures lagger=gate_futures direction=SHORT_LAGGER bid_ask=-36.91 ask_bid=33.95
2026-02-27T16:27:59.520668Z  INFO Status: tickers=106447 (+666/5s) signals=2570 drift=[n=666 avg=227ms p50=183ms p95=565ms p99=1148ms max=2233ms]
2026-02-27T16:28:00.361428Z  INFO lead_lag_classic signal #2571: ENSOUSDT | spread=72.10bps | dir=SHORT_LAGGER | bid_ask=-87.28bps ask_bid=72.10bps | leader=binance_futures lagger=gate_futures direction=SHORT_LAGGER bid_ask=-87.28 ask_bid=72.10
2026-02-27T16:28:00.361526Z  INFO lead_lag_classic signal #2572: ESPUSDT | spread=33.95bps | dir=SHORT_LAGGER | bid_ask=-36.14bps ask_bid=33.95bps | leader=binance_futures lagger=gate_futures direction=SHORT_LAGGER bid_ask=-36.14 ask_bid=33.95
2026-02-27T16:28:00.361617Z  INFO lead_lag_classic signal #2573: POWERUSDT | spread=146.85bps | dir=SHORT_LAGGER | bid_ask=-152.20bps ask_bid=146.85bps | leader=binance_futures lagger=gate_futures direction=SHORT_LAGGER bid_ask=-152.20 ask_bid=146.85
2026-02-27T16:28:00.361697Z  INFO lead_lag_classic signal #2574: SAHARAUSDT | spread=194.09bps | dir=SHORT_LAGGER | bid_ask=-202.65bps ask_bid=194.09bps | leader=binance_futures lagger=gate_futures direction=SHORT_LAGGER bid_ask=-202.65 ask_bid=194.09
2026-02-27T16:28:04.043651Z  INFO lead_lag_classic signal #2575: BULLAUSDT | spread=51.28bps | dir=LONG_LAGGER | bid_ask=51.28bps ask_bid=-121.10bps | leader=binance_futures lagger=gate_futures direction=LONG_LAGGER bid_ask=51.28 ask_bid=-121.10
2026-02-27T16:28:04.043756Z  INFO lead_lag_classic signal #2576: ESPUSDT | spread=33.18bps | dir=SHORT_LAGGER | bid_ask=-36.13bps ask_bid=33.18bps | leader=binance_futures lagger=gate_futures direction=SHORT_LAGGER bid_ask=-36.13 ask_bid=33.18
2026-02-27T16:28:04.043848Z  INFO lead_lag_classic signal #2577: POWERUSDT | spread=140.50bps | dir=SHORT_LAGGER | bid_ask=-148.98bps ask_bid=140.50bps | leader=binance_futures lagger=gate_futures direction=SHORT_LAGGER bid_ask=-148.98 ask_bid=140.50
2026-02-27T16:28:04.043915Z  INFO lead_lag_classic signal #2578: SAHARAUSDT | spread=206.66bps | dir=SHORT_LAGGER | bid_ask=-214.70bps ask_bid=206.66bps | leader=binance_futures lagger=gate_futures direction=SHORT_LAGGER bid_ask=-214.70 ask_bid=206.66
2026-02-27T16:28:04.284852Z  INFO lead_lag_classic signal #2579: ENSOUSDT | spread=70.71bps | dir=SHORT_LAGGER | bid_ask=-80.46bps ask_bid=70.71bps | leader=binance_futures lagger=gate_futures direction=SHORT_LAGGER bid_ask=-80.46 ask_bid=70.71
2026-02-27T16:28:04.284930Z  INFO lead_lag_classic signal #2580: ESPUSDT | spread=33.95bps | dir=SHORT_LAGGER | bid_ask=-36.90bps ask_bid=33.95bps | leader=binance_futures lagger=gate_futures direction=SHORT_LAGGER bid_ask=-36.90 ask_bid=33.95
2026-02-27T16:28:06.803430Z  INFO lead_lag_classic signal #2581: ATHUSDT | spread=37.17bps | dir=SHORT_LAGGER | bid_ask=-72.15bps ask_bid=37.17bps | leader=binance_futures lagger=gate_futures direction=SHORT_LAGGER bid_ask=-72.15 ask_bid=37.17
2026-02-27T16:28:06.803537Z  INFO lead_lag_classic signal #2582: ENSOUSDT | spread=70.01bps | dir=SHORT_LAGGER | bid_ask=-79.77bps ask_bid=70.01bps | leader=binance_futures lagger=gate_futures direction=SHORT_LAGGER bid_ask=-79.77 ask_bid=70.01
2026-02-27T16:28:06.803575Z  INFO lead_lag_classic signal #2583: ESPUSDT | spread=30.86bps | dir=SHORT_LAGGER | bid_ask=-36.90bps ask_bid=30.86bps | leader=binance_futures lagger=gate_futures direction=SHORT_LAGGER bid_ask=-36.90 ask_bid=30.86
2026-02-27T16:28:06.803666Z  INFO lead_lag_classic signal #2584: POWERUSDT | spread=146.96bps | dir=SHORT_LAGGER | bid_ask=-152.96bps ask_bid=146.96bps | leader=binance_futures lagger=gate_futures direction=SHORT_LAGGER bid_ask=-152.96 ask_bid=146.96
2026-02-27T16:28:06.803726Z  INFO lead_lag_classic signal #2585: SAHARAUSDT | spread=189.79bps | dir=SHORT_LAGGER | bid_ask=-198.51bps ask_bid=189.79bps | leader=binance_futures lagger=gate_futures direction=SHORT_LAGGER bid_ask=-198.51 ask_bid=189.79
2026-02-27T16:28:06.804252Z  INFO Status: tickers=107390 (+943/5s) signals=2585 drift=[n=943 avg=256ms p50=219ms p95=615ms p99=934ms max=1640ms]
2026-02-27T16:28:08.155249Z  INFO lead_lag_classic signal #2586: ATHUSDT | spread=50.76bps | dir=SHORT_LAGGER | bid_ask=-93.96bps ask_bid=50.76bps | leader=binance_futures lagger=gate_futures direction=SHORT_LAGGER bid_ask=-93.96 ask_bid=50.76
2026-02-27T16:28:08.155362Z  INFO lead_lag_classic signal #2587: BULLAUSDT | spread=38.46bps | dir=LONG_LAGGER | bid_ask=38.46bps ask_bid=-108.49bps | leader=binance_futures lagger=gate_futures direction=LONG_LAGGER bid_ask=38.46 ask_bid=-108.49
2026-02-27T16:28:08.155468Z  INFO lead_lag_classic signal #2588: POWERUSDT | spread=140.08bps | dir=SHORT_LAGGER | bid_ask=-147.45bps ask_bid=140.08bps | leader=binance_futures lagger=gate_futures direction=SHORT_LAGGER bid_ask=-147.45 ask_bid=140.08
2026-02-27T16:28:08.155525Z  INFO lead_lag_classic signal #2589: SAHARAUSDT | spread=185.42bps | dir=SHORT_LAGGER | bid_ask=-194.30bps ask_bid=185.42bps | leader=binance_futures lagger=gate_futures direction=SHORT_LAGGER bid_ask=-194.30 ask_bid=185.42
2026-02-27T16:28:09.166726Z  INFO lead_lag_classic signal #2590: ATHUSDT | spread=35.54bps | dir=SHORT_LAGGER | bid_ask=-60.61bps ask_bid=35.54bps | leader=binance_futures lagger=gate_futures direction=SHORT_LAGGER bid_ask=-60.61 ask_bid=35.54
2026-02-27T16:28:09.166821Z  INFO lead_lag_classic signal #2591: BULLAUSDT | spread=38.46bps | dir=LONG_LAGGER | bid_ask=38.46bps ask_bid=-108.49bps | leader=binance_futures lagger=gate_futures direction=LONG_LAGGER bid_ask=38.46 ask_bid=-108.49
2026-02-27T16:28:09.166933Z  INFO lead_lag_classic signal #2592: POWERUSDT | spread=137.61bps | dir=SHORT_LAGGER | bid_ask=-143.22bps ask_bid=137.61bps | leader=binance_futures lagger=gate_futures direction=SHORT_LAGGER bid_ask=-143.22 ask_bid=137.61
2026-02-27T16:28:09.166987Z  INFO lead_lag_classic signal #2593: SAHARAUSDT | spread=198.23bps | dir=SHORT_LAGGER | bid_ask=-202.56bps ask_bid=198.23bps | leader=binance_futures lagger=gate_futures direction=SHORT_LAGGER bid_ask=-202.56 ask_bid=198.23
2026-02-27T16:28:10.384527Z  INFO lead_lag_classic signal #2594: ENSOUSDT | spread=73.50bps | dir=SHORT_LAGGER | bid_ask=-82.53bps ask_bid=73.50bps | leader=binance_futures lagger=gate_futures direction=SHORT_LAGGER bid_ask=-82.53 ask_bid=73.50
2026-02-27T16:28:10.384614Z  INFO lead_lag_classic signal #2595: ESPUSDT | spread=37.78bps | dir=SHORT_LAGGER | bid_ask=-39.17bps ask_bid=37.78bps | leader=binance_futures lagger=gate_futures direction=SHORT_LAGGER bid_ask=-39.17 ask_bid=37.78
2026-02-27T16:28:10.384716Z  INFO lead_lag_classic signal #2596: POWERUSDT | spread=150.49bps | dir=SHORT_LAGGER | bid_ask=-153.58bps ask_bid=150.49bps | leader=binance_futures lagger=gate_futures direction=SHORT_LAGGER bid_ask=-153.58 ask_bid=150.49
2026-02-27T16:28:10.384771Z  INFO lead_lag_classic signal #2597: SAHARAUSDT | spread=193.93bps | dir=SHORT_LAGGER | bid_ask=-202.48bps ask_bid=193.93bps | leader=binance_futures lagger=gate_futures direction=SHORT_LAGGER bid_ask=-202.48 ask_bid=193.93
2026-02-27T16:28:11.021224Z  INFO lead_lag_classic signal #2598: ESPUSDT | spread=40.88bps | dir=SHORT_LAGGER | bid_ask=-42.24bps ask_bid=40.88bps | leader=binance_futures lagger=gate_futures direction=SHORT_LAGGER bid_ask=-42.24 ask_bid=40.88
2026-02-27T16:28:11.021357Z  INFO lead_lag_classic signal #2599: POWERUSDT | spread=190.82bps | dir=SHORT_LAGGER | bid_ask=-192.88bps ask_bid=190.82bps | leader=binance_futures lagger=gate_futures direction=SHORT_LAGGER bid_ask=-192.88 ask_bid=190.82
2026-02-27T16:28:11.021414Z  INFO lead_lag_classic signal #2600: SAHARAUSDT | spread=198.23bps | dir=SHORT_LAGGER | bid_ask=-206.61bps ask_bid=198.23bps | leader=binance_futures lagger=gate_futures direction=SHORT_LAGGER bid_ask=-206.61 ask_bid=198.23
2026-02-27T16:28:11.790531Z  INFO lead_lag_classic signal #2601: BULLAUSDT | spread=38.46bps | dir=LONG_LAGGER | bid_ask=38.46bps ask_bid=-108.49bps | leader=binance_futures lagger=gate_futures direction=LONG_LAGGER bid_ask=38.46 ask_bid=-108.49
2026-02-27T16:28:11.790633Z  INFO lead_lag_classic signal #2602: ESPUSDT | spread=33.93bps | dir=SHORT_LAGGER | bid_ask=-39.18bps ask_bid=33.93bps | leader=binance_futures lagger=gate_futures direction=SHORT_LAGGER bid_ask=-39.18 ask_bid=33.93
2026-02-27T16:28:11.790731Z  INFO lead_lag_classic signal #2603: POWERUSDT | spread=148.67bps | dir=SHORT_LAGGER | bid_ask=-150.16bps ask_bid=148.67bps | leader=binance_futures lagger=gate_futures direction=SHORT_LAGGER bid_ask=-150.16 ask_bid=148.67
2026-02-27T16:28:11.790793Z  INFO lead_lag_classic signal #2604: SAHARAUSDT | spread=189.71bps | dir=SHORT_LAGGER | bid_ask=-206.61bps ask_bid=189.71bps | leader=binance_futures lagger=gate_futures direction=SHORT_LAGGER bid_ask=-206.61 ask_bid=189.71
2026-02-27T16:28:12.271174Z  INFO lead_lag_classic signal #2605: POWERUSDT | spread=145.47bps | dir=SHORT_LAGGER | bid_ask=-147.91bps ask_bid=145.47bps | leader=binance_futures lagger=gate_futures direction=SHORT_LAGGER bid_ask=-147.91 ask_bid=145.47
2026-02-27T16:28:12.271589Z  INFO Status: tickers=108074 (+684/5s) signals=2605 drift=[n=684 avg=265ms p50=223ms p95=684ms p99=1086ms max=1274ms]
2026-02-27T16:28:13.357217Z  INFO lead_lag_classic signal #2606: ATHUSDT | spread=37.24bps | dir=SHORT_LAGGER | bid_ask=-58.92bps ask_bid=37.24bps | leader=binance_futures lagger=gate_futures direction=SHORT_LAGGER bid_ask=-58.92 ask_bid=37.24
2026-02-27T16:28:13.357337Z  INFO lead_lag_classic signal #2607: ESPUSDT | spread=30.84bps | dir=SHORT_LAGGER | bid_ask=-36.12bps ask_bid=30.84bps | leader=binance_futures lagger=gate_futures direction=SHORT_LAGGER bid_ask=-36.12 ask_bid=30.84
2026-02-27T16:28:13.357448Z  INFO lead_lag_classic signal #2608: POWERUSDT | spread=144.46bps | dir=SHORT_LAGGER | bid_ask=-149.73bps ask_bid=144.46bps | leader=binance_futures lagger=gate_futures direction=SHORT_LAGGER bid_ask=-149.73 ask_bid=144.46
2026-02-27T16:28:13.357512Z  INFO lead_lag_classic signal #2609: SAHARAUSDT | spread=185.50bps | dir=SHORT_LAGGER | bid_ask=-194.38bps ask_bid=185.50bps | leader=binance_futures lagger=gate_futures direction=SHORT_LAGGER bid_ask=-194.38 ask_bid=185.50
2026-02-27T16:28:13.603063Z  INFO lead_lag_classic signal #2610: ESPUSDT | spread=31.62bps | dir=SHORT_LAGGER | bid_ask=-36.12bps ask_bid=31.62bps | leader=binance_futures lagger=gate_futures direction=SHORT_LAGGER bid_ask=-36.12 ask_bid=31.62
2026-02-27T16:28:14.127951Z  INFO lead_lag_classic signal #2611: ATHUSDT | spread=38.94bps | dir=SHORT_LAGGER | bid_ask=-58.92bps ask_bid=38.94bps | leader=binance_futures lagger=gate_futures direction=SHORT_LAGGER bid_ask=-58.92 ask_bid=38.94
2026-02-27T16:28:14.566490Z  INFO lead_lag_classic signal #2612: ESPUSDT | spread=30.84bps | dir=SHORT_LAGGER | bid_ask=-35.35bps ask_bid=30.84bps | leader=binance_futures lagger=gate_futures direction=SHORT_LAGGER bid_ask=-35.35 ask_bid=30.84
2026-02-27T16:28:14.566633Z  INFO lead_lag_classic signal #2613: POWERUSDT | spread=143.87bps | dir=SHORT_LAGGER | bid_ask=-147.82bps ask_bid=143.87bps | leader=binance_futures lagger=gate_futures direction=SHORT_LAGGER bid_ask=-147.82 ask_bid=143.87
2026-02-27T16:28:14.566730Z  INFO lead_lag_classic signal #2614: SAHARAUSDT | spread=194.01bps | dir=SHORT_LAGGER | bid_ask=-202.56bps ask_bid=194.01bps | leader=binance_futures lagger=gate_futures direction=SHORT_LAGGER bid_ask=-202.56 ask_bid=194.01
2026-02-27T16:28:14.805288Z  INFO lead_lag_classic signal #2615: POWERUSDT | spread=148.84bps | dir=SHORT_LAGGER | bid_ask=-153.76bps ask_bid=148.84bps | leader=binance_futures lagger=gate_futures direction=SHORT_LAGGER bid_ask=-153.76 ask_bid=148.84
2026-02-27T16:28:14.805387Z  INFO lead_lag_classic signal #2616: SAHARAUSDT | spread=198.31bps | dir=SHORT_LAGGER | bid_ask=-206.70bps ask_bid=198.31bps | leader=binance_futures lagger=gate_futures direction=SHORT_LAGGER bid_ask=-206.70 ask_bid=198.31
2026-02-27T16:28:15.412471Z  INFO lead_lag_classic signal #2617: ESPUSDT | spread=30.84bps | dir=SHORT_LAGGER | bid_ask=-35.35bps ask_bid=30.84bps | leader=binance_futures lagger=gate_futures direction=SHORT_LAGGER bid_ask=-35.35 ask_bid=30.84
2026-02-27T16:28:16.207520Z  INFO lead_lag_classic signal #2618: ATHUSDT | spread=38.87bps | dir=SHORT_LAGGER | bid_ask=-62.18bps ask_bid=38.87bps | leader=binance_futures lagger=gate_futures direction=SHORT_LAGGER bid_ask=-62.18 ask_bid=38.87
2026-02-27T16:28:16.207607Z  INFO lead_lag_classic signal #2619: BULLAUSDT | spread=38.46bps | dir=LONG_LAGGER | bid_ask=38.46bps ask_bid=-108.49bps | leader=binance_futures lagger=gate_futures direction=LONG_LAGGER bid_ask=38.46 ask_bid=-108.49
2026-02-27T16:28:16.432445Z  INFO lead_lag_classic signal #2620: ATHUSDT | spread=38.87bps | dir=SHORT_LAGGER | bid_ask=-62.18bps ask_bid=38.87bps | leader=binance_futures lagger=gate_futures direction=SHORT_LAGGER bid_ask=-62.18 ask_bid=38.87
2026-02-27T16:28:16.432542Z  INFO lead_lag_classic signal #2621: ESPUSDT | spread=33.16bps | dir=SHORT_LAGGER | bid_ask=-38.42bps ask_bid=33.16bps | leader=binance_futures lagger=gate_futures direction=SHORT_LAGGER bid_ask=-38.42 ask_bid=33.16
2026-02-27T16:28:16.432609Z  INFO lead_lag_classic signal #2622: POWERUSDT | spread=147.91bps | dir=SHORT_LAGGER | bid_ask=-156.44bps ask_bid=147.91bps | leader=binance_futures lagger=gate_futures direction=SHORT_LAGGER bid_ask=-156.44 ask_bid=147.91
2026-02-27T16:28:16.432674Z  INFO lead_lag_classic signal #2623: SAHARAUSDT | spread=197.98bps | dir=SHORT_LAGGER | bid_ask=-206.36bps ask_bid=197.98bps | leader=binance_futures lagger=gate_futures direction=SHORT_LAGGER bid_ask=-206.36 ask_bid=197.98
2026-02-27T16:28:18.272138Z  INFO lead_lag_classic signal #2624: ATHUSDT | spread=33.84bps | dir=SHORT_LAGGER | bid_ask=-70.59bps ask_bid=33.84bps | leader=binance_futures lagger=gate_futures direction=SHORT_LAGGER bid_ask=-70.59 ask_bid=33.84
2026-02-27T16:28:18.272257Z  INFO lead_lag_classic signal #2625: ENSOUSDT | spread=70.01bps | dir=SHORT_LAGGER | bid_ask=-78.41bps ask_bid=70.01bps | leader=binance_futures lagger=gate_futures direction=SHORT_LAGGER bid_ask=-78.41 ask_bid=70.01
2026-02-27T16:28:18.272297Z  INFO lead_lag_classic signal #2626: ESPUSDT | spread=33.16bps | dir=SHORT_LAGGER | bid_ask=-37.65bps ask_bid=33.16bps | leader=binance_futures lagger=gate_futures direction=SHORT_LAGGER bid_ask=-37.65 ask_bid=33.16
2026-02-27T16:28:18.272399Z  INFO lead_lag_classic signal #2627: POWERUSDT | spread=150.67bps | dir=SHORT_LAGGER | bid_ask=-153.05bps ask_bid=150.67bps | leader=binance_futures lagger=gate_futures direction=SHORT_LAGGER bid_ask=-153.05 ask_bid=150.67
2026-02-27T16:28:18.272460Z  INFO lead_lag_classic signal #2628: SAHARAUSDT | spread=193.77bps | dir=SHORT_LAGGER | bid_ask=-206.44bps ask_bid=193.77bps | leader=binance_futures lagger=gate_futures direction=SHORT_LAGGER bid_ask=-206.44 ask_bid=193.77
2026-02-27T16:28:18.272840Z  INFO Status: tickers=108830 (+756/5s) signals=2628 drift=[n=756 avg=265ms p50=211ms p95=681ms p99=1121ms max=1766ms]
2026-02-27T16:28:18.494234Z  INFO lead_lag_classic signal #2629: ATHUSDT | spread=35.54bps | dir=SHORT_LAGGER | bid_ask=-70.59bps ask_bid=35.54bps | leader=binance_futures lagger=gate_futures direction=SHORT_LAGGER bid_ask=-70.59 ask_bid=35.54
2026-02-27T16:28:18.494350Z  INFO lead_lag_classic signal #2630: ENSOUSDT | spread=70.01bps | dir=SHORT_LAGGER | bid_ask=-78.41bps ask_bid=70.01bps | leader=binance_futures lagger=gate_futures direction=SHORT_LAGGER bid_ask=-78.41 ask_bid=70.01
2026-02-27T16:28:18.494434Z  INFO lead_lag_classic signal #2631: POWERUSDT | spread=144.75bps | dir=SHORT_LAGGER | bid_ask=-147.97bps ask_bid=144.75bps | leader=binance_futures lagger=gate_futures direction=SHORT_LAGGER bid_ask=-147.97 ask_bid=144.75
2026-02-27T16:28:18.494487Z  INFO lead_lag_classic signal #2632: SAHARAUSDT | spread=202.36bps | dir=SHORT_LAGGER | bid_ask=-210.57bps ask_bid=202.36bps | leader=binance_futures lagger=gate_futures direction=SHORT_LAGGER bid_ask=-210.57 ask_bid=202.36
2026-02-27T16:28:21.552470Z  INFO lead_lag_classic signal #2633: ATHUSDT | spread=32.14bps | dir=SHORT_LAGGER | bid_ask=-70.59bps ask_bid=32.14bps | leader=binance_futures lagger=gate_futures direction=SHORT_LAGGER bid_ask=-70.59 ask_bid=32.14
2026-02-27T16:28:21.552579Z  INFO lead_lag_classic signal #2634: ESPUSDT | spread=36.25bps | dir=SHORT_LAGGER | bid_ask=-39.94bps ask_bid=36.25bps | leader=binance_futures lagger=gate_futures direction=SHORT_LAGGER bid_ask=-39.94 ask_bid=36.25
2026-02-27T16:28:21.552663Z  INFO lead_lag_classic signal #2635: POWERUSDT | spread=151.70bps | dir=SHORT_LAGGER | bid_ask=-160.17bps ask_bid=151.70bps | leader=binance_futures lagger=gate_futures direction=SHORT_LAGGER bid_ask=-160.17 ask_bid=151.70
2026-02-27T16:28:21.552733Z  INFO lead_lag_classic signal #2636: SAHARAUSDT | spread=193.77bps | dir=SHORT_LAGGER | bid_ask=-206.36bps ask_bid=193.77bps | leader=binance_futures lagger=gate_futures direction=SHORT_LAGGER bid_ask=-206.36 ask_bid=193.77
2026-02-27T16:28:21.996657Z  INFO lead_lag_classic signal #2637: ATHUSDT | spread=32.14bps | dir=SHORT_LAGGER | bid_ask=-70.59bps ask_bid=32.14bps | leader=binance_futures lagger=gate_futures direction=SHORT_LAGGER bid_ask=-70.59 ask_bid=32.14
2026-02-27T16:28:21.996758Z  INFO lead_lag_classic signal #2638: ENSOUSDT | spread=72.10bps | dir=SHORT_LAGGER | bid_ask=-80.47bps ask_bid=72.10bps | leader=binance_futures lagger=gate_futures direction=SHORT_LAGGER bid_ask=-80.47 ask_bid=72.10
2026-02-27T16:28:21.996806Z  INFO lead_lag_classic signal #2639: ESPUSDT | spread=36.25bps | dir=SHORT_LAGGER | bid_ask=-39.94bps ask_bid=36.25bps | leader=binance_futures lagger=gate_futures direction=SHORT_LAGGER bid_ask=-39.94 ask_bid=36.25
2026-02-27T16:28:24.118807Z  INFO lead_lag_classic signal #2640: ATHUSDT | spread=38.94bps | dir=SHORT_LAGGER | bid_ask=-60.61bps ask_bid=38.94bps | leader=binance_futures lagger=gate_futures direction=SHORT_LAGGER bid_ask=-60.61 ask_bid=38.94
2026-02-27T16:28:24.119020Z  INFO lead_lag_classic signal #2641: SAHARAUSDT | spread=185.03bps | dir=SHORT_LAGGER | bid_ask=-193.89bps ask_bid=185.03bps | leader=binance_futures lagger=gate_futures direction=SHORT_LAGGER bid_ask=-193.89 ask_bid=185.03
2026-02-27T16:28:24.119458Z  INFO Status: tickers=109604 (+774/5s) signals=2641 drift=[n=774 avg=249ms p50=198ms p95=613ms p99=1733ms max=2087ms]
2026-02-27T16:28:24.408707Z  INFO lead_lag_classic signal #2642: ATHUSDT | spread=38.94bps | dir=SHORT_LAGGER | bid_ask=-60.61bps ask_bid=38.94bps | leader=binance_futures lagger=gate_futures direction=SHORT_LAGGER bid_ask=-60.61 ask_bid=38.94
2026-02-27T16:28:24.408806Z  INFO lead_lag_classic signal #2643: ESPUSDT | spread=36.24bps | dir=SHORT_LAGGER | bid_ask=-39.17bps ask_bid=36.24bps | leader=binance_futures lagger=gate_futures direction=SHORT_LAGGER bid_ask=-39.17 ask_bid=36.24
2026-02-27T16:28:25.173967Z  INFO lead_lag_classic signal #2644: BULLAUSDT | spread=38.46bps | dir=LONG_LAGGER | bid_ask=38.46bps ask_bid=-108.49bps | leader=binance_futures lagger=gate_futures direction=LONG_LAGGER bid_ask=38.46 ask_bid=-108.49
2026-02-27T16:28:25.174055Z  INFO lead_lag_classic signal #2645: ENSOUSDT | spread=72.11bps | dir=SHORT_LAGGER | bid_ask=-81.16bps ask_bid=72.11bps | leader=binance_futures lagger=gate_futures direction=SHORT_LAGGER bid_ask=-81.16 ask_bid=72.11
2026-02-27T16:28:26.472987Z  INFO lead_lag_classic signal #2646: BULLAUSDT | spread=38.46bps | dir=LONG_LAGGER | bid_ask=38.46bps ask_bid=-108.49bps | leader=binance_futures lagger=gate_futures direction=LONG_LAGGER bid_ask=38.46 ask_bid=-108.49
2026-02-27T16:28:26.473145Z  INFO lead_lag_classic signal #2647: SAHARAUSDT | spread=201.94bps | dir=SHORT_LAGGER | bid_ask=-206.10bps ask_bid=201.94bps | leader=binance_futures lagger=gate_futures direction=SHORT_LAGGER bid_ask=-206.10 ask_bid=201.94
2026-02-27T16:28:26.961550Z  INFO lead_lag_classic signal #2648: ATHUSDT | spread=45.66bps | dir=SHORT_LAGGER | bid_ask=-68.91bps ask_bid=45.66bps | leader=binance_futures lagger=gate_futures direction=SHORT_LAGGER bid_ask=-68.91 ask_bid=45.66
2026-02-27T16:28:26.961676Z  INFO lead_lag_classic signal #2649: ENSOUSDT | spread=72.81bps | dir=SHORT_LAGGER | bid_ask=-80.48bps ask_bid=72.81bps | leader=binance_futures lagger=gate_futures direction=SHORT_LAGGER bid_ask=-80.48 ask_bid=72.81
2026-02-27T16:28:26.961768Z  INFO lead_lag_classic signal #2650: POWERUSDT | spread=143.40bps | dir=SHORT_LAGGER | bid_ask=-145.35bps ask_bid=143.40bps | leader=binance_futures lagger=gate_futures direction=SHORT_LAGGER bid_ask=-145.35 ask_bid=143.40
2026-02-27T16:28:27.502553Z  INFO lead_lag_classic signal #2651: ENSOUSDT | spread=74.21bps | dir=SHORT_LAGGER | bid_ask=-81.86bps ask_bid=74.21bps | leader=binance_futures lagger=gate_futures direction=SHORT_LAGGER bid_ask=-81.86 ask_bid=74.21
2026-02-27T16:28:27.502693Z  INFO lead_lag_classic signal #2652: POWERUSDT | spread=151.13bps | dir=SHORT_LAGGER | bid_ask=-154.80bps ask_bid=151.13bps | leader=binance_futures lagger=gate_futures direction=SHORT_LAGGER bid_ask=-154.80 ask_bid=151.13
2026-02-27T16:28:27.502748Z  INFO lead_lag_classic signal #2653: SAHARAUSDT | spread=193.36bps | dir=SHORT_LAGGER | bid_ask=-201.90bps ask_bid=193.36bps | leader=binance_futures lagger=gate_futures direction=SHORT_LAGGER bid_ask=-201.90 ask_bid=193.36
2026-02-27T16:28:28.688612Z  INFO lead_lag_classic signal #2654: ATHUSDT | spread=38.94bps | dir=SHORT_LAGGER | bid_ask=-60.61bps ask_bid=38.94bps | leader=binance_futures lagger=gate_futures direction=SHORT_LAGGER bid_ask=-60.61 ask_bid=38.94
2026-02-27T16:28:28.688730Z  INFO lead_lag_classic signal #2655: ENSOUSDT | spread=74.91bps | dir=SHORT_LAGGER | bid_ask=-81.18bps ask_bid=74.91bps | leader=binance_futures lagger=gate_futures direction=SHORT_LAGGER bid_ask=-81.18 ask_bid=74.91
2026-02-27T16:28:28.688847Z  INFO lead_lag_classic signal #2656: SAHARAUSDT | spread=197.56bps | dir=SHORT_LAGGER | bid_ask=-205.93bps ask_bid=197.56bps | leader=binance_futures lagger=gate_futures direction=SHORT_LAGGER bid_ask=-205.93 ask_bid=197.56
2026-02-27T16:28:29.025881Z  INFO lead_lag_classic signal #2657: ATHUSDT | spread=40.64bps | dir=SHORT_LAGGER | bid_ask=-60.61bps ask_bid=40.64bps | leader=binance_futures lagger=gate_futures direction=SHORT_LAGGER bid_ask=-60.61 ask_bid=40.64
2026-02-27T16:28:29.025970Z  INFO lead_lag_classic signal #2658: ENSOUSDT | spread=75.61bps | dir=SHORT_LAGGER | bid_ask=-81.87bps ask_bid=75.61bps | leader=binance_futures lagger=gate_futures direction=SHORT_LAGGER bid_ask=-81.87 ask_bid=75.61
2026-02-27T16:28:29.026073Z  INFO lead_lag_classic signal #2659: SAHARAUSDT | spread=197.56bps | dir=SHORT_LAGGER | bid_ask=-205.93bps ask_bid=197.56bps | leader=binance_futures lagger=gate_futures direction=SHORT_LAGGER bid_ask=-205.93 ask_bid=197.56
2026-02-27T16:28:30.062926Z  INFO lead_lag_classic signal #2660: ENSOUSDT | spread=74.21bps | dir=SHORT_LAGGER | bid_ask=-82.54bps ask_bid=74.21bps | leader=binance_futures lagger=gate_futures direction=SHORT_LAGGER bid_ask=-82.54 ask_bid=74.21
2026-02-27T16:28:30.063055Z  INFO lead_lag_classic signal #2661: POWERUSDT | spread=145.56bps | dir=SHORT_LAGGER | bid_ask=-150.69bps ask_bid=145.56bps | leader=binance_futures lagger=gate_futures direction=SHORT_LAGGER bid_ask=-150.69 ask_bid=145.56
2026-02-27T16:28:30.063112Z  INFO lead_lag_classic signal #2662: SAHARAUSDT | spread=201.94bps | dir=SHORT_LAGGER | bid_ask=-210.14bps ask_bid=201.94bps | leader=binance_futures lagger=gate_futures direction=SHORT_LAGGER bid_ask=-210.14 ask_bid=201.94
2026-02-27T16:28:30.063519Z  INFO Status: tickers=110352 (+748/5s) signals=2662 drift=[n=748 avg=284ms p50=225ms p95=752ms p99=1020ms max=1226ms]
2026-02-27T16:28:30.682653Z  INFO lead_lag_classic signal #2663: ENSOUSDT | spread=74.21bps | dir=SHORT_LAGGER | bid_ask=-81.86bps ask_bid=74.21bps | leader=binance_futures lagger=gate_futures direction=SHORT_LAGGER bid_ask=-81.86 ask_bid=74.21
2026-02-27T16:28:30.682782Z  INFO lead_lag_classic signal #2664: POWERUSDT | spread=149.15bps | dir=SHORT_LAGGER | bid_ask=-154.82bps ask_bid=149.15bps | leader=binance_futures lagger=gate_futures direction=SHORT_LAGGER bid_ask=-154.82 ask_bid=149.15
2026-02-27T16:28:30.682838Z  INFO lead_lag_classic signal #2665: SAHARAUSDT | spread=197.73bps | dir=SHORT_LAGGER | bid_ask=-206.10bps ask_bid=197.73bps | leader=binance_futures lagger=gate_futures direction=SHORT_LAGGER bid_ask=-206.10 ask_bid=197.73
2026-02-27T16:28:30.915057Z  INFO lead_lag_classic signal #2666: POWERUSDT | spread=149.15bps | dir=SHORT_LAGGER | bid_ask=-154.82bps ask_bid=149.15bps | leader=binance_futures lagger=gate_futures direction=SHORT_LAGGER bid_ask=-154.82 ask_bid=149.15
2026-02-27T16:28:30.915159Z  INFO lead_lag_classic signal #2667: SAHARAUSDT | spread=197.73bps | dir=SHORT_LAGGER | bid_ask=-206.10bps ask_bid=197.73bps | leader=binance_futures lagger=gate_futures direction=SHORT_LAGGER bid_ask=-206.10 ask_bid=197.73
2026-02-27T16:28:32.032497Z  INFO lead_lag_classic signal #2668: ATHUSDT | spread=37.24bps | dir=SHORT_LAGGER | bid_ask=-57.24bps ask_bid=37.24bps | leader=binance_futures lagger=gate_futures direction=SHORT_LAGGER bid_ask=-57.24 ask_bid=37.24
2026-02-27T16:28:32.032639Z  INFO lead_lag_classic signal #2669: ESPUSDT | spread=33.16bps | dir=SHORT_LAGGER | bid_ask=-37.64bps ask_bid=33.16bps | leader=binance_futures lagger=gate_futures direction=SHORT_LAGGER bid_ask=-37.64 ask_bid=33.16
2026-02-27T16:28:32.032742Z  INFO lead_lag_classic signal #2670: POWERUSDT | spread=146.35bps | dir=SHORT_LAGGER | bid_ask=-152.38bps ask_bid=146.35bps | leader=binance_futures lagger=gate_futures direction=SHORT_LAGGER bid_ask=-152.38 ask_bid=146.35
2026-02-27T16:28:32.032818Z  INFO lead_lag_classic signal #2671: SAHARAUSDT | spread=197.73bps | dir=SHORT_LAGGER | bid_ask=-206.10bps ask_bid=197.73bps | leader=binance_futures lagger=gate_futures direction=SHORT_LAGGER bid_ask=-206.10 ask_bid=197.73
2026-02-27T16:28:33.481296Z  INFO lead_lag_classic signal #2672: ENSOUSDT | spread=74.21bps | dir=SHORT_LAGGER | bid_ask=-83.22bps ask_bid=74.21bps | leader=binance_futures lagger=gate_futures direction=SHORT_LAGGER bid_ask=-83.22 ask_bid=74.21
2026-02-27T16:28:33.481446Z  INFO lead_lag_classic signal #2673: POWERUSDT | spread=146.20bps | dir=SHORT_LAGGER | bid_ask=-153.07bps ask_bid=146.20bps | leader=binance_futures lagger=gate_futures direction=SHORT_LAGGER bid_ask=-153.07 ask_bid=146.20
2026-02-27T16:28:33.481502Z  INFO lead_lag_classic signal #2674: SAHARAUSDT | spread=197.73bps | dir=SHORT_LAGGER | bid_ask=-206.10bps ask_bid=197.73bps | leader=binance_futures lagger=gate_futures direction=SHORT_LAGGER bid_ask=-206.10 ask_bid=197.73
2026-02-27T16:28:34.969447Z  INFO lead_lag_classic signal #2675: ENSOUSDT | spread=74.91bps | dir=SHORT_LAGGER | bid_ask=-83.91bps ask_bid=74.91bps | leader=binance_futures lagger=gate_futures direction=SHORT_LAGGER bid_ask=-83.91 ask_bid=74.91
2026-02-27T16:28:34.969585Z  INFO lead_lag_classic signal #2676: POWERUSDT | spread=149.59bps | dir=SHORT_LAGGER | bid_ask=-161.04bps ask_bid=149.59bps | leader=binance_futures lagger=gate_futures direction=SHORT_LAGGER bid_ask=-161.04 ask_bid=149.59
2026-02-27T16:28:34.969641Z  INFO lead_lag_classic signal #2677: SAHARAUSDT | spread=180.75bps | dir=SHORT_LAGGER | bid_ask=-193.81bps ask_bid=180.75bps | leader=binance_futures lagger=gate_futures direction=SHORT_LAGGER bid_ask=-193.81 ask_bid=180.75
2026-02-27T16:28:35.527211Z  INFO Status: tickers=111017 (+665/5s) signals=2677 drift=[n=665 avg=238ms p50=197ms p95=617ms p99=1007ms max=1451ms]
2026-02-27T16:28:36.145255Z  INFO lead_lag_classic signal #2678: ENSOUSDT | spread=73.51bps | dir=SHORT_LAGGER | bid_ask=-81.17bps ask_bid=73.51bps | leader=binance_futures lagger=gate_futures direction=SHORT_LAGGER bid_ask=-81.17 ask_bid=73.51
2026-02-27T16:28:36.754309Z  INFO lead_lag_classic signal #2679: ESPUSDT | spread=34.70bps | dir=SHORT_LAGGER | bid_ask=-39.18bps ask_bid=34.70bps | leader=binance_futures lagger=gate_futures direction=SHORT_LAGGER bid_ask=-39.18 ask_bid=34.70
2026-02-27T16:28:36.754449Z  INFO lead_lag_classic signal #2680: POWERUSDT | spread=147.28bps | dir=SHORT_LAGGER | bid_ask=-159.51bps ask_bid=147.28bps | leader=binance_futures lagger=gate_futures direction=SHORT_LAGGER bid_ask=-159.51 ask_bid=147.28
2026-02-27T16:28:36.754501Z  INFO lead_lag_classic signal #2681: SAHARAUSDT | spread=193.36bps | dir=SHORT_LAGGER | bid_ask=-205.93bps ask_bid=193.36bps | leader=binance_futures lagger=gate_futures direction=SHORT_LAGGER bid_ask=-205.93 ask_bid=193.36
2026-02-27T16:28:37.003662Z  INFO lead_lag_classic signal #2682: ESPUSDT | spread=34.70bps | dir=SHORT_LAGGER | bid_ask=-39.18bps ask_bid=34.70bps | leader=binance_futures lagger=gate_futures direction=SHORT_LAGGER bid_ask=-39.18 ask_bid=34.70
2026-02-27T16:28:37.003780Z  INFO lead_lag_classic signal #2683: POWERUSDT | spread=148.16bps | dir=SHORT_LAGGER | bid_ask=-160.37bps ask_bid=148.16bps | leader=binance_futures lagger=gate_futures direction=SHORT_LAGGER bid_ask=-160.37 ask_bid=148.16
2026-02-27T16:28:37.003831Z  INFO lead_lag_classic signal #2684: SAHARAUSDT | spread=193.36bps | dir=SHORT_LAGGER | bid_ask=-205.93bps ask_bid=193.36bps | leader=binance_futures lagger=gate_futures direction=SHORT_LAGGER bid_ask=-205.93 ask_bid=193.36
2026-02-27T16:28:37.274918Z  INFO lead_lag_classic signal #2685: POWERUSDT | spread=148.16bps | dir=SHORT_LAGGER | bid_ask=-160.37bps ask_bid=148.16bps | leader=binance_futures lagger=gate_futures direction=SHORT_LAGGER bid_ask=-160.37 ask_bid=148.16
2026-02-27T16:28:37.275022Z  INFO lead_lag_classic signal #2686: SAHARAUSDT | spread=180.52bps | dir=SHORT_LAGGER | bid_ask=-193.57bps ask_bid=180.52bps | leader=binance_futures lagger=gate_futures direction=SHORT_LAGGER bid_ask=-193.57 ask_bid=180.52
2026-02-27T16:28:38.856500Z  INFO lead_lag_classic signal #2687: POWERUSDT | spread=147.41bps | dir=SHORT_LAGGER | bid_ask=-156.86bps ask_bid=147.41bps | leader=binance_futures lagger=gate_futures direction=SHORT_LAGGER bid_ask=-156.86 ask_bid=147.41
2026-02-27T16:28:40.775225Z  INFO lead_lag_classic signal #2688: ENSOUSDT | spread=72.81bps | dir=SHORT_LAGGER | bid_ask=-79.80bps ask_bid=72.81bps | leader=binance_futures lagger=gate_futures direction=SHORT_LAGGER bid_ask=-79.80 ask_bid=72.81
2026-02-27T16:28:40.775376Z  INFO lead_lag_classic signal #2689: POWERUSDT | spread=143.88bps | dir=SHORT_LAGGER | bid_ask=-162.69bps ask_bid=143.88bps | leader=binance_futures lagger=gate_futures direction=SHORT_LAGGER bid_ask=-162.69 ask_bid=143.88
2026-02-27T16:28:40.775438Z  INFO lead_lag_classic signal #2690: SAHARAUSDT | spread=201.43bps | dir=SHORT_LAGGER | bid_ask=-205.59bps ask_bid=201.43bps | leader=binance_futures lagger=gate_futures direction=SHORT_LAGGER bid_ask=-205.59 ask_bid=201.43
2026-02-27T16:28:40.775795Z  INFO Status: tickers=111684 (+667/5s) signals=2690 drift=[n=667 avg=259ms p50=188ms p95=738ms p99=1989ms max=2776ms]
2026-02-27T16:28:42.742351Z  INFO lead_lag_classic signal #2691: ENSOUSDT | spread=70.02bps | dir=SHORT_LAGGER | bid_ask=-79.10bps ask_bid=70.02bps | leader=binance_futures lagger=gate_futures direction=SHORT_LAGGER bid_ask=-79.10 ask_bid=70.02
2026-02-27T16:28:42.742432Z  INFO lead_lag_classic signal #2692: ESPUSDT | spread=30.86bps | dir=SHORT_LAGGER | bid_ask=-36.89bps ask_bid=30.86bps | leader=binance_futures lagger=gate_futures direction=SHORT_LAGGER bid_ask=-36.89 ask_bid=30.86
2026-02-27T16:28:42.742537Z  INFO lead_lag_classic signal #2693: SAHARAUSDT | spread=197.15bps | dir=SHORT_LAGGER | bid_ask=-205.51bps ask_bid=197.15bps | leader=binance_futures lagger=gate_futures direction=SHORT_LAGGER bid_ask=-205.51 ask_bid=197.15
2026-02-27T16:28:47.725389Z  INFO lead_lag_classic signal #2694: ENSOUSDT | spread=72.11bps | dir=SHORT_LAGGER | bid_ask=-80.47bps ask_bid=72.11bps | leader=binance_futures lagger=gate_futures direction=SHORT_LAGGER bid_ask=-80.47 ask_bid=72.11
2026-02-27T16:28:47.725476Z  INFO lead_lag_classic signal #2695: ESPUSDT | spread=35.50bps | dir=SHORT_LAGGER | bid_ask=-39.21bps ask_bid=35.50bps | leader=binance_futures lagger=gate_futures direction=SHORT_LAGGER bid_ask=-39.21 ask_bid=35.50
2026-02-27T16:28:47.725567Z  INFO lead_lag_classic signal #2696: POWERUSDT | spread=148.23bps | dir=SHORT_LAGGER | bid_ask=-161.71bps ask_bid=148.23bps | leader=binance_futures lagger=gate_futures direction=SHORT_LAGGER bid_ask=-161.71 ask_bid=148.23
2026-02-27T16:28:47.726010Z  INFO Status: tickers=112518 (+834/5s) signals=2696 drift=[n=834 avg=256ms p50=216ms p95=571ms p99=962ms max=1820ms]
2026-02-27T16:28:50.845432Z  INFO lead_lag_classic signal #2697: ENSOUSDT | spread=75.60bps | dir=SHORT_LAGGER | bid_ask=-85.28bps ask_bid=75.60bps | leader=binance_futures lagger=gate_futures direction=SHORT_LAGGER bid_ask=-85.28 ask_bid=75.60
2026-02-27T16:28:50.845517Z  INFO lead_lag_classic signal #2698: ESPUSDT | spread=37.06bps | dir=SHORT_LAGGER | bid_ask=-39.99bps ask_bid=37.06bps | leader=binance_futures lagger=gate_futures direction=SHORT_LAGGER bid_ask=-39.99 ask_bid=37.06
2026-02-27T16:28:50.845615Z  INFO lead_lag_classic signal #2699: POWERUSDT | spread=143.72bps | dir=SHORT_LAGGER | bid_ask=-157.24bps ask_bid=143.72bps | leader=binance_futures lagger=gate_futures direction=SHORT_LAGGER bid_ask=-157.24 ask_bid=143.72
2026-02-27T16:28:50.845678Z  INFO lead_lag_classic signal #2700: SAHARAUSDT | spread=206.32bps | dir=SHORT_LAGGER | bid_ask=-214.34bps ask_bid=206.32bps | leader=binance_futures lagger=gate_futures direction=SHORT_LAGGER bid_ask=-214.34 ask_bid=206.32
2026-02-27T16:28:51.284677Z  INFO lead_lag_classic signal #2701: ENSOUSDT | spread=75.60bps | dir=SHORT_LAGGER | bid_ask=-85.28bps ask_bid=75.60bps | leader=binance_futures lagger=gate_futures direction=SHORT_LAGGER bid_ask=-85.28 ask_bid=75.60
2026-02-27T16:28:51.284765Z  INFO lead_lag_classic signal #2702: ESPUSDT | spread=34.74bps | dir=SHORT_LAGGER | bid_ask=-39.23bps ask_bid=34.74bps | leader=binance_futures lagger=gate_futures direction=SHORT_LAGGER bid_ask=-39.23 ask_bid=34.74
2026-02-27T16:28:51.284848Z  INFO lead_lag_classic signal #2703: POWERUSDT | spread=145.73bps | dir=SHORT_LAGGER | bid_ask=-156.71bps ask_bid=145.73bps | leader=binance_futures lagger=gate_futures direction=SHORT_LAGGER bid_ask=-156.71 ask_bid=145.73
2026-02-27T16:28:51.905584Z  INFO lead_lag_classic signal #2704: ENSOUSDT | spread=74.20bps | dir=SHORT_LAGGER | bid_ask=-83.90bps ask_bid=74.20bps | leader=binance_futures lagger=gate_futures direction=SHORT_LAGGER bid_ask=-83.90 ask_bid=74.20
2026-02-27T16:28:51.905663Z  INFO lead_lag_classic signal #2705: ESPUSDT | spread=33.20bps | dir=SHORT_LAGGER | bid_ask=-39.23bps ask_bid=33.20bps | leader=binance_futures lagger=gate_futures direction=SHORT_LAGGER bid_ask=-39.23 ask_bid=33.20
2026-02-27T16:28:51.905750Z  INFO lead_lag_classic signal #2706: POWERUSDT | spread=139.69bps | dir=SHORT_LAGGER | bid_ask=-152.03bps ask_bid=139.69bps | leader=binance_futures lagger=gate_futures direction=SHORT_LAGGER bid_ask=-152.03 ask_bid=139.69
2026-02-27T16:28:51.905807Z  INFO lead_lag_classic signal #2707: SAHARAUSDT | spread=202.11bps | dir=SHORT_LAGGER | bid_ask=-210.31bps ask_bid=202.11bps | leader=binance_futures lagger=gate_futures direction=SHORT_LAGGER bid_ask=-210.31 ask_bid=202.11
2026-02-27T16:28:52.309983Z  INFO lead_lag_classic signal #2708: ENSOUSDT | spread=74.20bps | dir=SHORT_LAGGER | bid_ask=-83.90bps ask_bid=74.20bps | leader=binance_futures lagger=gate_futures direction=SHORT_LAGGER bid_ask=-83.90 ask_bid=74.20
2026-02-27T16:28:52.310086Z  INFO lead_lag_classic signal #2709: ESPUSDT | spread=33.20bps | dir=SHORT_LAGGER | bid_ask=-39.23bps ask_bid=33.20bps | leader=binance_futures lagger=gate_futures direction=SHORT_LAGGER bid_ask=-39.23 ask_bid=33.20
2026-02-27T16:28:52.310168Z  INFO lead_lag_classic signal #2710: POWERUSDT | spread=145.34bps | dir=SHORT_LAGGER | bid_ask=-157.11bps ask_bid=145.34bps | leader=binance_futures lagger=gate_futures direction=SHORT_LAGGER bid_ask=-157.11 ask_bid=145.34
2026-02-27T16:28:52.310217Z  INFO lead_lag_classic signal #2711: SAHARAUSDT | spread=197.81bps | dir=SHORT_LAGGER | bid_ask=-206.19bps ask_bid=197.81bps | leader=binance_futures lagger=gate_futures direction=SHORT_LAGGER bid_ask=-206.19 ask_bid=197.81
2026-02-27T16:28:52.836205Z  INFO Status: tickers=113137 (+619/5s) signals=2711 drift=[n=619 avg=260ms p50=221ms p95=631ms p99=881ms max=1275ms]
2026-02-27T16:28:56.026155Z  INFO Gate NATR refresh: fetched=12 missing=0 batch=12 symbols=43
2026-02-27T16:28:56.159046Z  INFO lead_lag_classic signal #2712: ESPUSDT | spread=37.07bps | dir=SHORT_LAGGER | bid_ask=-40.77bps ask_bid=37.07bps | leader=binance_futures lagger=gate_futures direction=SHORT_LAGGER bid_ask=-40.77 ask_bid=37.07
2026-02-27T16:28:56.159191Z  INFO lead_lag_classic signal #2713: POWERUSDT | spread=138.85bps | dir=SHORT_LAGGER | bid_ask=-158.48bps ask_bid=138.85bps | leader=binance_futures lagger=gate_futures direction=SHORT_LAGGER bid_ask=-158.48 ask_bid=138.85
2026-02-27T16:28:56.159248Z  INFO lead_lag_classic signal #2714: SAHARAUSDT | spread=197.56bps | dir=SHORT_LAGGER | bid_ask=-201.90bps ask_bid=197.56bps | leader=binance_futures lagger=gate_futures direction=SHORT_LAGGER bid_ask=-201.90 ask_bid=197.56
2026-02-27T16:28:56.546476Z  INFO lead_lag_classic signal #2715: POWERUSDT | spread=145.58bps | dir=SHORT_LAGGER | bid_ask=-165.01bps ask_bid=145.58bps | leader=binance_futures lagger=gate_futures direction=SHORT_LAGGER bid_ask=-165.01 ask_bid=145.58
2026-02-27T16:28:56.546578Z  INFO lead_lag_classic signal #2716: SAHARAUSDT | spread=206.14bps | dir=SHORT_LAGGER | bid_ask=-210.14bps ask_bid=206.14bps | leader=binance_futures lagger=gate_futures direction=SHORT_LAGGER bid_ask=-210.14 ask_bid=206.14
2026-02-27T16:28:57.008278Z  INFO lead_lag_classic signal #2717: ENSOUSDT | spread=74.90bps | dir=SHORT_LAGGER | bid_ask=-84.59bps ask_bid=74.90bps | leader=binance_futures lagger=gate_futures direction=SHORT_LAGGER bid_ask=-84.59 ask_bid=74.90
2026-02-27T16:28:57.008366Z  INFO lead_lag_classic signal #2718: ESPUSDT | spread=37.07bps | dir=SHORT_LAGGER | bid_ask=-40.00bps ask_bid=37.07bps | leader=binance_futures lagger=gate_futures direction=SHORT_LAGGER bid_ask=-40.00 ask_bid=37.07
2026-02-27T16:28:57.008468Z  INFO lead_lag_classic signal #2719: POWERUSDT | spread=141.59bps | dir=SHORT_LAGGER | bid_ask=-160.77bps ask_bid=141.59bps | leader=binance_futures lagger=gate_futures direction=SHORT_LAGGER bid_ask=-160.77 ask_bid=141.59
2026-02-27T16:28:57.008534Z  INFO lead_lag_classic signal #2720: SAHARAUSDT | spread=197.81bps | dir=SHORT_LAGGER | bid_ask=-206.19bps ask_bid=197.81bps | leader=binance_futures lagger=gate_futures direction=SHORT_LAGGER bid_ask=-206.19 ask_bid=197.81
2026-02-27T16:28:58.004269Z  INFO lead_lag_classic signal #2721: ENSOUSDT | spread=77.00bps | dir=SHORT_LAGGER | bid_ask=-87.34bps ask_bid=77.00bps | leader=binance_futures lagger=gate_futures direction=SHORT_LAGGER bid_ask=-87.34 ask_bid=77.00
2026-02-27T16:28:58.004368Z  INFO lead_lag_classic signal #2722: ESPUSDT | spread=33.98bps | dir=SHORT_LAGGER | bid_ask=-39.24bps ask_bid=33.98bps | leader=binance_futures lagger=gate_futures direction=SHORT_LAGGER bid_ask=-39.24 ask_bid=33.98
2026-02-27T16:28:58.004451Z  INFO lead_lag_classic signal #2723: POWERUSDT | spread=144.06bps | dir=SHORT_LAGGER | bid_ask=-157.70bps ask_bid=144.06bps | leader=binance_futures lagger=gate_futures direction=SHORT_LAGGER bid_ask=-157.70 ask_bid=144.06
2026-02-27T16:28:58.004505Z  INFO lead_lag_classic signal #2724: SAHARAUSDT | spread=198.15bps | dir=SHORT_LAGGER | bid_ask=-206.53bps ask_bid=198.15bps | leader=binance_futures lagger=gate_futures direction=SHORT_LAGGER bid_ask=-206.53 ask_bid=198.15
2026-02-27T16:28:58.004841Z  INFO Status: tickers=113802 (+665/5s) signals=2724 drift=[n=665 avg=241ms p50=189ms p95=628ms p99=1047ms max=3465ms]
2026-02-27T16:28:58.286967Z  INFO lead_lag_classic signal #2725: ENSOUSDT | spread=77.00bps | dir=SHORT_LAGGER | bid_ask=-87.34bps ask_bid=77.00bps | leader=binance_futures lagger=gate_futures direction=SHORT_LAGGER bid_ask=-87.34 ask_bid=77.00
2026-02-27T16:28:58.287080Z  INFO lead_lag_classic signal #2726: POWERUSDT | spread=140.80bps | dir=SHORT_LAGGER | bid_ask=-155.52bps ask_bid=140.80bps | leader=binance_futures lagger=gate_futures direction=SHORT_LAGGER bid_ask=-155.52 ask_bid=140.80
2026-02-27T16:28:58.287133Z  INFO lead_lag_classic signal #2727: SAHARAUSDT | spread=193.85bps | dir=SHORT_LAGGER | bid_ask=-202.40bps ask_bid=193.85bps | leader=binance_futures lagger=gate_futures direction=SHORT_LAGGER bid_ask=-202.40 ask_bid=193.85
2026-02-27T16:28:59.127748Z  INFO lead_lag_classic signal #2728: ESPUSDT | spread=33.98bps | dir=SHORT_LAGGER | bid_ask=-40.00bps ask_bid=33.98bps | leader=binance_futures lagger=gate_futures direction=SHORT_LAGGER bid_ask=-40.00 ask_bid=33.98
2026-02-27T16:28:59.127877Z  INFO lead_lag_classic signal #2729: POWERUSDT | spread=140.95bps | dir=SHORT_LAGGER | bid_ask=-155.98bps ask_bid=140.95bps | leader=binance_futures lagger=gate_futures direction=SHORT_LAGGER bid_ask=-155.98 ask_bid=140.95
2026-02-27T16:28:59.127932Z  INFO lead_lag_classic signal #2730: SAHARAUSDT | spread=193.60bps | dir=SHORT_LAGGER | bid_ask=-206.27bps ask_bid=193.60bps | leader=binance_futures lagger=gate_futures direction=SHORT_LAGGER bid_ask=-206.27 ask_bid=193.60
2026-02-27T16:29:00.255262Z  INFO lead_lag_classic signal #2731: ATHUSDT | spread=45.66bps | dir=SHORT_LAGGER | bid_ask=-67.23bps ask_bid=45.66bps | leader=binance_futures lagger=gate_futures direction=SHORT_LAGGER bid_ask=-67.23 ask_bid=45.66
2026-02-27T16:29:05.311033Z  INFO lead_lag_classic signal #2732: ENSOUSDT | spread=77.80bps | dir=SHORT_LAGGER | bid_ask=-95.64bps ask_bid=77.80bps | leader=binance_futures lagger=gate_futures direction=SHORT_LAGGER bid_ask=-95.64 ask_bid=77.80
2026-02-27T16:29:05.311228Z  INFO lead_lag_classic signal #2733: POWERUSDT | spread=135.38bps | dir=SHORT_LAGGER | bid_ask=-145.57bps ask_bid=135.38bps | leader=binance_futures lagger=gate_futures direction=SHORT_LAGGER bid_ask=-145.57 ask_bid=135.38
2026-02-27T16:29:05.311834Z  INFO Status: tickers=114828 (+1026/5s) signals=2733 drift=[n=1026 avg=232ms p50=191ms p95=566ms p99=1061ms max=1901ms]
2026-02-27T16:29:05.504379Z  INFO lead_lag_classic signal #2734: POWERUSDT | spread=134.98bps | dir=SHORT_LAGGER | bid_ask=-144.32bps ask_bid=134.98bps | leader=binance_futures lagger=gate_futures direction=SHORT_LAGGER bid_ask=-144.32 ask_bid=134.98
2026-02-27T16:29:05.504469Z  INFO lead_lag_classic signal #2735: SAHARAUSDT | spread=201.68bps | dir=SHORT_LAGGER | bid_ask=-209.88bps ask_bid=201.68bps | leader=binance_futures lagger=gate_futures direction=SHORT_LAGGER bid_ask=-209.88 ask_bid=201.68
2026-02-27T16:29:06.592969Z  INFO lead_lag_classic signal #2736: ATHUSDT | spread=42.34bps | dir=SHORT_LAGGER | bid_ask=-62.29bps ask_bid=42.34bps | leader=binance_futures lagger=gate_futures direction=SHORT_LAGGER bid_ask=-62.29 ask_bid=42.34
2026-02-27T16:29:06.593075Z  INFO lead_lag_classic signal #2737: ENSOUSDT | spread=77.80bps | dir=SHORT_LAGGER | bid_ask=-95.64bps ask_bid=77.80bps | leader=binance_futures lagger=gate_futures direction=SHORT_LAGGER bid_ask=-95.64 ask_bid=77.80
2026-02-27T16:29:06.593122Z  INFO lead_lag_classic signal #2738: ESPUSDT | spread=35.56bps | dir=SHORT_LAGGER | bid_ask=-41.57bps ask_bid=35.56bps | leader=binance_futures lagger=gate_futures direction=SHORT_LAGGER bid_ask=-41.57 ask_bid=35.56
2026-02-27T16:29:06.593209Z  INFO lead_lag_classic signal #2739: POWERUSDT | spread=143.47bps | dir=SHORT_LAGGER | bid_ask=-155.97bps ask_bid=143.47bps | leader=binance_futures lagger=gate_futures direction=SHORT_LAGGER bid_ask=-155.97 ask_bid=143.47
2026-02-27T16:29:06.593273Z  INFO lead_lag_classic signal #2740: SAHARAUSDT | spread=201.51bps | dir=SHORT_LAGGER | bid_ask=-213.73bps ask_bid=201.51bps | leader=binance_futures lagger=gate_futures direction=SHORT_LAGGER bid_ask=-213.73 ask_bid=201.51
2026-02-27T16:29:07.576623Z  INFO lead_lag_classic signal #2741: ATHUSDT | spread=42.34bps | dir=SHORT_LAGGER | bid_ask=-63.97bps ask_bid=42.34bps | leader=binance_futures lagger=gate_futures direction=SHORT_LAGGER bid_ask=-63.97 ask_bid=42.34
2026-02-27T16:29:07.576734Z  INFO lead_lag_classic signal #2742: ENSOUSDT | spread=77.80bps | dir=SHORT_LAGGER | bid_ask=-95.64bps ask_bid=77.80bps | leader=binance_futures lagger=gate_futures direction=SHORT_LAGGER bid_ask=-95.64 ask_bid=77.80
2026-02-27T16:29:07.576774Z  INFO lead_lag_classic signal #2743: ESPUSDT | spread=36.33bps | dir=SHORT_LAGGER | bid_ask=-41.57bps ask_bid=36.33bps | leader=binance_futures lagger=gate_futures direction=SHORT_LAGGER bid_ask=-41.57 ask_bid=36.33
2026-02-27T16:29:07.576862Z  INFO lead_lag_classic signal #2744: POWERUSDT | spread=140.11bps | dir=SHORT_LAGGER | bid_ask=-151.98bps ask_bid=140.11bps | leader=binance_futures lagger=gate_futures direction=SHORT_LAGGER bid_ask=-151.98 ask_bid=140.11
2026-02-27T16:29:07.576931Z  INFO lead_lag_classic signal #2745: SAHARAUSDT | spread=197.15bps | dir=SHORT_LAGGER | bid_ask=-209.53bps ask_bid=197.15bps | leader=binance_futures lagger=gate_futures direction=SHORT_LAGGER bid_ask=-209.53 ask_bid=197.15
2026-02-27T16:29:07.887156Z  INFO lead_lag_classic signal #2746: ATHUSDT | spread=42.34bps | dir=SHORT_LAGGER | bid_ask=-63.97bps ask_bid=42.34bps | leader=binance_futures lagger=gate_futures direction=SHORT_LAGGER bid_ask=-63.97 ask_bid=42.34
2026-02-27T16:29:07.887256Z  INFO lead_lag_classic signal #2747: ENSOUSDT | spread=76.40bps | dir=SHORT_LAGGER | bid_ask=-94.27bps ask_bid=76.40bps | leader=binance_futures lagger=gate_futures direction=SHORT_LAGGER bid_ask=-94.27 ask_bid=76.40
2026-02-27T16:29:07.887301Z  INFO lead_lag_classic signal #2748: ESPUSDT | spread=36.33bps | dir=SHORT_LAGGER | bid_ask=-41.57bps ask_bid=36.33bps | leader=binance_futures lagger=gate_futures direction=SHORT_LAGGER bid_ask=-41.57 ask_bid=36.33
2026-02-27T16:29:07.887395Z  INFO lead_lag_classic signal #2749: POWERUSDT | spread=139.23bps | dir=SHORT_LAGGER | bid_ask=-151.19bps ask_bid=139.23bps | leader=binance_futures lagger=gate_futures direction=SHORT_LAGGER bid_ask=-151.19 ask_bid=139.23
2026-02-27T16:29:07.887454Z  INFO lead_lag_classic signal #2750: SAHARAUSDT | spread=218.58bps | dir=SHORT_LAGGER | bid_ask=-230.07bps ask_bid=218.58bps | leader=binance_futures lagger=gate_futures direction=SHORT_LAGGER bid_ask=-230.07 ask_bid=218.58
2026-02-27T16:29:07.984896Z  INFO lead_lag_classic signal #2751: POWERUSDT | spread=139.43bps | dir=SHORT_LAGGER | bid_ask=-151.32bps ask_bid=139.43bps | leader=binance_futures lagger=gate_futures direction=SHORT_LAGGER bid_ask=-151.32 ask_bid=139.43
2026-02-27T16:29:08.618480Z  INFO lead_lag_classic signal #2752: ENSOUSDT | spread=77.10bps | dir=SHORT_LAGGER | bid_ask=-94.96bps ask_bid=77.10bps | leader=binance_futures lagger=gate_futures direction=SHORT_LAGGER bid_ask=-94.96 ask_bid=77.10
2026-02-27T16:29:08.618615Z  INFO lead_lag_classic signal #2753: POWERUSDT | spread=137.14bps | dir=SHORT_LAGGER | bid_ask=-149.67bps ask_bid=137.14bps | leader=binance_futures lagger=gate_futures direction=SHORT_LAGGER bid_ask=-149.67 ask_bid=137.14
2026-02-27T16:29:08.618688Z  INFO lead_lag_classic signal #2754: SAHARAUSDT | spread=201.77bps | dir=SHORT_LAGGER | bid_ask=-209.96bps ask_bid=201.77bps | leader=binance_futures lagger=gate_futures direction=SHORT_LAGGER bid_ask=-209.96 ask_bid=201.77
2026-02-27T16:29:10.861866Z  INFO lead_lag_classic signal #2755: ENSOUSDT | spread=78.49bps | dir=SHORT_LAGGER | bid_ask=-94.27bps ask_bid=78.49bps | leader=binance_futures lagger=gate_futures direction=SHORT_LAGGER bid_ask=-94.27 ask_bid=78.49
2026-02-27T16:29:10.861941Z  INFO lead_lag_classic signal #2756: ESPUSDT | spread=37.88bps | dir=SHORT_LAGGER | bid_ask=-41.57bps ask_bid=37.88bps | leader=binance_futures lagger=gate_futures direction=SHORT_LAGGER bid_ask=-41.57 ask_bid=37.88
2026-02-27T16:29:10.862040Z  INFO lead_lag_classic signal #2757: POWERUSDT | spread=141.76bps | dir=SHORT_LAGGER | bid_ask=-154.16bps ask_bid=141.76bps | leader=binance_futures lagger=gate_futures direction=SHORT_LAGGER bid_ask=-154.16 ask_bid=141.76
2026-02-27T16:29:10.862093Z  INFO lead_lag_classic signal #2758: SAHARAUSDT | spread=216.01bps | dir=SHORT_LAGGER | bid_ask=-223.70bps ask_bid=216.01bps | leader=binance_futures lagger=gate_futures direction=SHORT_LAGGER bid_ask=-223.70 ask_bid=216.01
2026-02-27T16:29:10.862518Z  INFO Status: tickers=115621 (+793/5s) signals=2758 drift=[n=793 avg=202ms p50=174ms p95=462ms p99=721ms max=960ms]
2026-02-27T16:29:12.373046Z  INFO lead_lag_classic signal #2759: ENSOUSDT | spread=79.18bps | dir=SHORT_LAGGER | bid_ask=-94.27bps ask_bid=79.18bps | leader=binance_futures lagger=gate_futures direction=SHORT_LAGGER bid_ask=-94.27 ask_bid=79.18
2026-02-27T16:29:12.373178Z  INFO lead_lag_classic signal #2760: POWERUSDT | spread=139.96bps | dir=SHORT_LAGGER | bid_ask=-149.81bps ask_bid=139.96bps | leader=binance_futures lagger=gate_futures direction=SHORT_LAGGER bid_ask=-149.81 ask_bid=139.96
2026-02-27T16:29:12.373234Z  INFO lead_lag_classic signal #2761: SAHARAUSDT | spread=200.17bps | dir=SHORT_LAGGER | bid_ask=-208.59bps ask_bid=200.17bps | leader=binance_futures lagger=gate_futures direction=SHORT_LAGGER bid_ask=-208.59 ask_bid=200.17
2026-02-27T16:29:12.573578Z  INFO lead_lag_classic signal #2762: ENSOUSDT | spread=79.18bps | dir=SHORT_LAGGER | bid_ask=-94.27bps ask_bid=79.18bps | leader=binance_futures lagger=gate_futures direction=SHORT_LAGGER bid_ask=-94.27 ask_bid=79.18
2026-02-27T16:29:12.573699Z  INFO lead_lag_classic signal #2763: POWERUSDT | spread=139.96bps | dir=SHORT_LAGGER | bid_ask=-149.81bps ask_bid=139.96bps | leader=binance_futures lagger=gate_futures direction=SHORT_LAGGER bid_ask=-149.81 ask_bid=139.96
2026-02-27T16:29:12.573750Z  INFO lead_lag_classic signal #2764: SAHARAUSDT | spread=208.87bps | dir=SHORT_LAGGER | bid_ask=-216.94bps ask_bid=208.87bps | leader=binance_futures lagger=gate_futures direction=SHORT_LAGGER bid_ask=-216.94 ask_bid=208.87
2026-02-27T16:29:13.429753Z  INFO lead_lag_classic signal #2765: ENSOUSDT | spread=79.88bps | dir=SHORT_LAGGER | bid_ask=-94.27bps ask_bid=79.88bps | leader=binance_futures lagger=gate_futures direction=SHORT_LAGGER bid_ask=-94.27 ask_bid=79.88
2026-02-27T16:29:13.429836Z  INFO lead_lag_classic signal #2766: ESPUSDT | spread=35.56bps | dir=SHORT_LAGGER | bid_ask=-41.57bps ask_bid=35.56bps | leader=binance_futures lagger=gate_futures direction=SHORT_LAGGER bid_ask=-41.57 ask_bid=35.56
2026-02-27T16:29:13.832361Z  INFO lead_lag_classic signal #2767: ATHUSDT | spread=40.64bps | dir=SHORT_LAGGER | bid_ask=-58.92bps ask_bid=40.64bps | leader=binance_futures lagger=gate_futures direction=SHORT_LAGGER bid_ask=-58.92 ask_bid=40.64
2026-02-27T16:29:13.832529Z  INFO lead_lag_classic signal #2768: ESPUSDT | spread=35.56bps | dir=SHORT_LAGGER | bid_ask=-41.57bps ask_bid=35.56bps | leader=binance_futures lagger=gate_futures direction=SHORT_LAGGER bid_ask=-41.57 ask_bid=35.56
2026-02-27T16:29:14.205806Z  INFO lead_lag_classic signal #2769: ATHUSDT | spread=40.64bps | dir=SHORT_LAGGER | bid_ask=-58.92bps ask_bid=40.64bps | leader=binance_futures lagger=gate_futures direction=SHORT_LAGGER bid_ask=-58.92 ask_bid=40.64
2026-02-27T16:29:14.205914Z  INFO lead_lag_classic signal #2770: ESPUSDT | spread=35.56bps | dir=SHORT_LAGGER | bid_ask=-41.57bps ask_bid=35.56bps | leader=binance_futures lagger=gate_futures direction=SHORT_LAGGER bid_ask=-41.57 ask_bid=35.56
2026-02-27T16:29:14.846383Z  INFO lead_lag_classic signal #2771: ENSOUSDT | spread=79.87bps | dir=SHORT_LAGGER | bid_ask=-92.89bps ask_bid=79.87bps | leader=binance_futures lagger=gate_futures direction=SHORT_LAGGER bid_ask=-92.89 ask_bid=79.87
2026-02-27T16:29:14.846512Z  INFO lead_lag_classic signal #2772: POWERUSDT | spread=143.40bps | dir=SHORT_LAGGER | bid_ask=-149.01bps ask_bid=143.40bps | leader=binance_futures lagger=gate_futures direction=SHORT_LAGGER bid_ask=-149.01 ask_bid=143.40
2026-02-27T16:29:14.846561Z  INFO lead_lag_classic signal #2773: SAHARAUSDT | spread=191.98bps | dir=SHORT_LAGGER | bid_ask=-204.85bps ask_bid=191.98bps | leader=binance_futures lagger=gate_futures direction=SHORT_LAGGER bid_ask=-204.85 ask_bid=191.98
2026-02-27T16:29:15.285809Z  INFO lead_lag_classic signal #2774: ATHUSDT | spread=44.04bps | dir=SHORT_LAGGER | bid_ask=-63.97bps ask_bid=44.04bps | leader=binance_futures lagger=gate_futures direction=SHORT_LAGGER bid_ask=-63.97 ask_bid=44.04
2026-02-27T16:29:15.285907Z  INFO lead_lag_classic signal #2775: ENSOUSDT | spread=79.87bps | dir=SHORT_LAGGER | bid_ask=-92.89bps ask_bid=79.87bps | leader=binance_futures lagger=gate_futures direction=SHORT_LAGGER bid_ask=-92.89 ask_bid=79.87
2026-02-27T16:29:15.285951Z  INFO lead_lag_classic signal #2776: ESPUSDT | spread=35.56bps | dir=SHORT_LAGGER | bid_ask=-41.57bps ask_bid=35.56bps | leader=binance_futures lagger=gate_futures direction=SHORT_LAGGER bid_ask=-41.57 ask_bid=35.56
2026-02-27T16:29:15.286028Z  INFO lead_lag_classic signal #2777: POWERUSDT | spread=141.50bps | dir=SHORT_LAGGER | bid_ask=-147.03bps ask_bid=141.50bps | leader=binance_futures lagger=gate_futures direction=SHORT_LAGGER bid_ask=-147.03 ask_bid=141.50
2026-02-27T16:29:15.286090Z  INFO lead_lag_classic signal #2778: SAHARAUSDT | spread=217.86bps | dir=SHORT_LAGGER | bid_ask=-225.56bps ask_bid=217.86bps | leader=binance_futures lagger=gate_futures direction=SHORT_LAGGER bid_ask=-225.56 ask_bid=217.86
2026-02-27T16:29:16.118353Z  INFO lead_lag_classic signal #2779: ESPUSDT | spread=35.57bps | dir=SHORT_LAGGER | bid_ask=-41.58bps ask_bid=35.57bps | leader=binance_futures lagger=gate_futures direction=SHORT_LAGGER bid_ask=-41.58 ask_bid=35.57
2026-02-27T16:29:16.118487Z  INFO lead_lag_classic signal #2780: POWERUSDT | spread=145.58bps | dir=SHORT_LAGGER | bid_ask=-150.07bps ask_bid=145.58bps | leader=binance_futures lagger=gate_futures direction=SHORT_LAGGER bid_ask=-150.07 ask_bid=145.58
2026-02-27T16:29:16.118544Z  INFO lead_lag_classic signal #2781: SAHARAUSDT | spread=209.49bps | dir=SHORT_LAGGER | bid_ask=-213.48bps ask_bid=209.49bps | leader=binance_futures lagger=gate_futures direction=SHORT_LAGGER bid_ask=-213.48 ask_bid=209.49
2026-02-27T16:29:16.118956Z  INFO Status: tickers=116394 (+773/5s) signals=2781 drift=[n=773 avg=200ms p50=160ms p95=447ms p99=1223ms max=1723ms]
2026-02-27T16:29:16.604613Z  INFO lead_lag_classic signal #2782: ENSOUSDT | spread=79.86bps | dir=SHORT_LAGGER | bid_ask=-92.20bps ask_bid=79.86bps | leader=binance_futures lagger=gate_futures direction=SHORT_LAGGER bid_ask=-92.20 ask_bid=79.86
2026-02-27T16:29:16.604699Z  INFO lead_lag_classic signal #2783: ESPUSDT | spread=36.34bps | dir=SHORT_LAGGER | bid_ask=-41.58bps ask_bid=36.34bps | leader=binance_futures lagger=gate_futures direction=SHORT_LAGGER bid_ask=-41.58 ask_bid=36.34
2026-02-27T16:29:16.604775Z  INFO lead_lag_classic signal #2784: POWERUSDT | spread=145.37bps | dir=SHORT_LAGGER | bid_ask=-150.40bps ask_bid=145.37bps | leader=binance_futures lagger=gate_futures direction=SHORT_LAGGER bid_ask=-150.40 ask_bid=145.37
2026-02-27T16:29:16.604832Z  INFO lead_lag_classic signal #2785: SAHARAUSDT | spread=209.58bps | dir=SHORT_LAGGER | bid_ask=-213.57bps ask_bid=209.58bps | leader=binance_futures lagger=gate_futures direction=SHORT_LAGGER bid_ask=-213.57 ask_bid=209.58
2026-02-27T16:29:18.135700Z  INFO lead_lag_classic signal #2786: ENSOUSDT | spread=79.86bps | dir=SHORT_LAGGER | bid_ask=-91.52bps ask_bid=79.86bps | leader=binance_futures lagger=gate_futures direction=SHORT_LAGGER bid_ask=-91.52 ask_bid=79.86
2026-02-27T16:29:18.135782Z  INFO lead_lag_classic signal #2787: ESPUSDT | spread=36.34bps | dir=SHORT_LAGGER | bid_ask=-41.58bps ask_bid=36.34bps | leader=binance_futures lagger=gate_futures direction=SHORT_LAGGER bid_ask=-41.58 ask_bid=36.34
2026-02-27T16:29:18.135877Z  INFO lead_lag_classic signal #2788: POWERUSDT | spread=149.41bps | dir=SHORT_LAGGER | bid_ask=-155.09bps ask_bid=149.41bps | leader=binance_futures lagger=gate_futures direction=SHORT_LAGGER bid_ask=-155.09 ask_bid=149.41
2026-02-27T16:29:18.135929Z  INFO lead_lag_classic signal #2789: SAHARAUSDT | spread=195.83bps | dir=SHORT_LAGGER | bid_ask=-208.51bps ask_bid=195.83bps | leader=binance_futures lagger=gate_futures direction=SHORT_LAGGER bid_ask=-208.51 ask_bid=195.83
2026-02-27T16:29:20.925382Z  INFO lead_lag_classic signal #2790: ESPUSDT | spread=37.12bps | dir=SHORT_LAGGER | bid_ask=-41.59bps ask_bid=37.12bps | leader=binance_futures lagger=gate_futures direction=SHORT_LAGGER bid_ask=-41.59 ask_bid=37.12
2026-02-27T16:29:21.291970Z  INFO Status: tickers=117170 (+776/5s) signals=2790 drift=[n=776 avg=187ms p50=153ms p95=444ms p99=1044ms max=1576ms]
2026-02-27T16:29:22.292910Z  INFO lead_lag_classic signal #2791: ESPUSDT | spread=37.12bps | dir=SHORT_LAGGER | bid_ask=-42.35bps ask_bid=37.12bps | leader=binance_futures lagger=gate_futures direction=SHORT_LAGGER bid_ask=-42.35 ask_bid=37.12
2026-02-27T16:29:22.293049Z  INFO lead_lag_classic signal #2792: POWERUSDT | spread=154.66bps | dir=SHORT_LAGGER | bid_ask=-161.69bps ask_bid=154.66bps | leader=binance_futures lagger=gate_futures direction=SHORT_LAGGER bid_ask=-161.69 ask_bid=154.66
2026-02-27T16:29:22.293112Z  INFO lead_lag_classic signal #2793: SAHARAUSDT | spread=195.91bps | dir=SHORT_LAGGER | bid_ask=-200.42bps ask_bid=195.91bps | leader=binance_futures lagger=gate_futures direction=SHORT_LAGGER bid_ask=-200.42 ask_bid=195.91
2026-02-27T16:29:22.440536Z  INFO lead_lag_classic signal #2794: SAHARAUSDT | spread=191.57bps | dir=SHORT_LAGGER | bid_ask=-196.24bps ask_bid=191.57bps | leader=binance_futures lagger=gate_futures direction=SHORT_LAGGER bid_ask=-196.24 ask_bid=191.57
2026-02-27T16:29:23.452847Z  INFO lead_lag_classic signal #2795: ENSOUSDT | spread=69.38bps | dir=SHORT_LAGGER | bid_ask=-83.94bps ask_bid=69.38bps | leader=binance_futures lagger=gate_futures direction=SHORT_LAGGER bid_ask=-83.94 ask_bid=69.38
2026-02-27T16:29:23.452980Z  INFO lead_lag_classic signal #2796: POWERUSDT | spread=151.75bps | dir=SHORT_LAGGER | bid_ask=-168.77bps ask_bid=151.75bps | leader=binance_futures lagger=gate_futures direction=SHORT_LAGGER bid_ask=-168.77 ask_bid=151.75
2026-02-27T16:29:23.453062Z  INFO lead_lag_classic signal #2797: SAHARAUSDT | spread=200.17bps | dir=SHORT_LAGGER | bid_ask=-204.51bps ask_bid=200.17bps | leader=binance_futures lagger=gate_futures direction=SHORT_LAGGER bid_ask=-204.51 ask_bid=200.17
2026-02-27T16:29:23.608187Z  INFO lead_lag_classic signal #2798: ENSOUSDT | spread=69.38bps | dir=SHORT_LAGGER | bid_ask=-83.94bps ask_bid=69.38bps | leader=binance_futures lagger=gate_futures direction=SHORT_LAGGER bid_ask=-83.94 ask_bid=69.38
2026-02-27T16:29:23.608307Z  INFO lead_lag_classic signal #2799: POWERUSDT | spread=154.62bps | dir=SHORT_LAGGER | bid_ask=-171.08bps ask_bid=154.62bps | leader=binance_futures lagger=gate_futures direction=SHORT_LAGGER bid_ask=-171.08 ask_bid=154.62
2026-02-27T16:29:23.608374Z  INFO lead_lag_classic signal #2800: SAHARAUSDT | spread=200.17bps | dir=SHORT_LAGGER | bid_ask=-204.51bps ask_bid=200.17bps | leader=binance_futures lagger=gate_futures direction=SHORT_LAGGER bid_ask=-204.51 ask_bid=200.17
2026-02-27T16:29:24.738796Z  INFO lead_lag_classic signal #2801: ENSOUSDT | spread=70.07bps | dir=SHORT_LAGGER | bid_ask=-83.94bps ask_bid=70.07bps | leader=binance_futures lagger=gate_futures direction=SHORT_LAGGER bid_ask=-83.94 ask_bid=70.07
2026-02-27T16:29:24.738877Z  INFO lead_lag_classic signal #2802: ESPUSDT | spread=38.65bps | dir=SHORT_LAGGER | bid_ask=-40.04bps ask_bid=38.65bps | leader=binance_futures lagger=gate_futures direction=SHORT_LAGGER bid_ask=-40.04 ask_bid=38.65
2026-02-27T16:29:24.738967Z  INFO lead_lag_classic signal #2803: POWERUSDT | spread=151.33bps | dir=SHORT_LAGGER | bid_ask=-166.03bps ask_bid=151.33bps | leader=binance_futures lagger=gate_futures direction=SHORT_LAGGER bid_ask=-166.03 ask_bid=151.33
2026-02-27T16:29:24.986414Z  INFO lead_lag_classic signal #2804: ENSOUSDT | spread=70.07bps | dir=SHORT_LAGGER | bid_ask=-83.94bps ask_bid=70.07bps | leader=binance_futures lagger=gate_futures direction=SHORT_LAGGER bid_ask=-83.94 ask_bid=70.07
2026-02-27T16:29:24.986499Z  INFO lead_lag_classic signal #2805: ESPUSDT | spread=38.65bps | dir=SHORT_LAGGER | bid_ask=-40.04bps ask_bid=38.65bps | leader=binance_futures lagger=gate_futures direction=SHORT_LAGGER bid_ask=-40.04 ask_bid=38.65
2026-02-27T16:29:24.986576Z  INFO lead_lag_classic signal #2806: POWERUSDT | spread=151.19bps | dir=SHORT_LAGGER | bid_ask=-164.90bps ask_bid=151.19bps | leader=binance_futures lagger=gate_futures direction=SHORT_LAGGER bid_ask=-164.90 ask_bid=151.19
2026-02-27T16:29:25.573716Z  INFO lead_lag_classic signal #2807: ENSOUSDT | spread=69.37bps | dir=SHORT_LAGGER | bid_ask=-83.25bps ask_bid=69.37bps | leader=binance_futures lagger=gate_futures direction=SHORT_LAGGER bid_ask=-83.25 ask_bid=69.37
2026-02-27T16:29:25.573794Z  INFO lead_lag_classic signal #2808: ESPUSDT | spread=37.11bps | dir=SHORT_LAGGER | bid_ask=-39.27bps ask_bid=37.11bps | leader=binance_futures lagger=gate_futures direction=SHORT_LAGGER bid_ask=-39.27 ask_bid=37.11
2026-02-27T16:29:25.573872Z  INFO lead_lag_classic signal #2809: POWERUSDT | spread=152.15bps | dir=SHORT_LAGGER | bid_ask=-166.02bps ask_bid=152.15bps | leader=binance_futures lagger=gate_futures direction=SHORT_LAGGER bid_ask=-166.02 ask_bid=152.15
2026-02-27T16:29:25.573933Z  INFO lead_lag_classic signal #2810: SAHARAUSDT | spread=199.91bps | dir=SHORT_LAGGER | bid_ask=-208.33bps ask_bid=199.91bps | leader=binance_futures lagger=gate_futures direction=SHORT_LAGGER bid_ask=-208.33 ask_bid=199.91
2026-02-27T16:29:25.988755Z  INFO lead_lag_classic signal #2811: ENSOUSDT | spread=70.07bps | dir=SHORT_LAGGER | bid_ask=-83.25bps ask_bid=70.07bps | leader=binance_futures lagger=gate_futures direction=SHORT_LAGGER bid_ask=-83.25 ask_bid=70.07
2026-02-27T16:29:25.988840Z  INFO lead_lag_classic signal #2812: ESPUSDT | spread=37.10bps | dir=SHORT_LAGGER | bid_ask=-38.50bps ask_bid=37.10bps | leader=binance_futures lagger=gate_futures direction=SHORT_LAGGER bid_ask=-38.50 ask_bid=37.10
2026-02-27T16:29:25.988930Z  INFO lead_lag_classic signal #2813: POWERUSDT | spread=153.51bps | dir=SHORT_LAGGER | bid_ask=-165.82bps ask_bid=153.51bps | leader=binance_futures lagger=gate_futures direction=SHORT_LAGGER bid_ask=-165.82 ask_bid=153.51
2026-02-27T16:29:25.988981Z  INFO lead_lag_classic signal #2814: SAHARAUSDT | spread=195.66bps | dir=SHORT_LAGGER | bid_ask=-208.33bps ask_bid=195.66bps | leader=binance_futures lagger=gate_futures direction=SHORT_LAGGER bid_ask=-208.33 ask_bid=195.66
2026-02-27T16:29:26.166519Z  INFO lead_lag_classic signal #2815: ENSOUSDT | spread=72.86bps | dir=SHORT_LAGGER | bid_ask=-86.00bps ask_bid=72.86bps | leader=binance_futures lagger=gate_futures direction=SHORT_LAGGER bid_ask=-86.00 ask_bid=72.86
2026-02-27T16:29:26.166601Z  INFO lead_lag_classic signal #2816: ESPUSDT | spread=37.10bps | dir=SHORT_LAGGER | bid_ask=-38.50bps ask_bid=37.10bps | leader=binance_futures lagger=gate_futures direction=SHORT_LAGGER bid_ask=-38.50 ask_bid=37.10
2026-02-27T16:29:26.166713Z  INFO lead_lag_classic signal #2817: POWERUSDT | spread=155.70bps | dir=SHORT_LAGGER | bid_ask=-167.34bps ask_bid=155.70bps | leader=binance_futures lagger=gate_futures direction=SHORT_LAGGER bid_ask=-167.34 ask_bid=155.70
2026-02-27T16:29:26.166755Z  INFO lead_lag_classic signal #2818: SAHARAUSDT | spread=195.66bps | dir=SHORT_LAGGER | bid_ask=-208.33bps ask_bid=195.66bps | leader=binance_futures lagger=gate_futures direction=SHORT_LAGGER bid_ask=-208.33 ask_bid=195.66
2026-02-27T16:29:26.497182Z  INFO lead_lag_classic signal #2819: ENSOUSDT | spread=72.86bps | dir=SHORT_LAGGER | bid_ask=-86.00bps ask_bid=72.86bps | leader=binance_futures lagger=gate_futures direction=SHORT_LAGGER bid_ask=-86.00 ask_bid=72.86
2026-02-27T16:29:26.497329Z  INFO lead_lag_classic signal #2820: POWERUSDT | spread=156.04bps | dir=SHORT_LAGGER | bid_ask=-166.41bps ask_bid=156.04bps | leader=binance_futures lagger=gate_futures direction=SHORT_LAGGER bid_ask=-166.41 ask_bid=156.04
2026-02-27T16:29:26.497441Z  INFO lead_lag_classic signal #2821: SAHARAUSDT | spread=195.66bps | dir=SHORT_LAGGER | bid_ask=-208.33bps ask_bid=195.66bps | leader=binance_futures lagger=gate_futures direction=SHORT_LAGGER bid_ask=-208.33 ask_bid=195.66
2026-02-27T16:29:26.497858Z  INFO Status: tickers=117939 (+769/5s) signals=2821 drift=[n=769 avg=194ms p50=146ms p95=552ms p99=1179ms max=1609ms]
2026-02-27T16:29:30.002998Z  INFO lead_lag_classic signal #2822: BULLAUSDT | spread=44.87bps | dir=LONG_LAGGER | bid_ask=44.87bps ask_bid=-114.80bps | leader=binance_futures lagger=gate_futures direction=LONG_LAGGER bid_ask=44.87 ask_bid=-114.80
2026-02-27T16:29:30.003087Z  INFO lead_lag_classic signal #2823: ESPUSDT | spread=37.12bps | dir=SHORT_LAGGER | bid_ask=-42.35bps ask_bid=37.12bps | leader=binance_futures lagger=gate_futures direction=SHORT_LAGGER bid_ask=-42.35 ask_bid=37.12
2026-02-27T16:29:30.350064Z  INFO lead_lag_classic signal #2824: ENSOUSDT | spread=77.02bps | dir=SHORT_LAGGER | bid_ask=-86.00bps ask_bid=77.02bps | leader=binance_futures lagger=gate_futures direction=SHORT_LAGGER bid_ask=-86.00 ask_bid=77.02
2026-02-27T16:29:30.350276Z  INFO lead_lag_classic signal #2825: POWERUSDT | spread=146.52bps | dir=SHORT_LAGGER | bid_ask=-160.12bps ask_bid=146.52bps | leader=binance_futures lagger=gate_futures direction=SHORT_LAGGER bid_ask=-160.12 ask_bid=146.52
2026-02-27T16:29:30.350368Z  INFO lead_lag_classic signal #2826: SAHARAUSDT | spread=195.74bps | dir=SHORT_LAGGER | bid_ask=-204.34bps ask_bid=195.74bps | leader=binance_futures lagger=gate_futures direction=SHORT_LAGGER bid_ask=-204.34 ask_bid=195.74
2026-02-27T16:29:30.679230Z  INFO lead_lag_classic signal #2827: ENSOUSDT | spread=77.02bps | dir=SHORT_LAGGER | bid_ask=-86.00bps ask_bid=77.02bps | leader=binance_futures lagger=gate_futures direction=SHORT_LAGGER bid_ask=-86.00 ask_bid=77.02
2026-02-27T16:29:30.679369Z  INFO lead_lag_classic signal #2828: POWERUSDT | spread=145.22bps | dir=SHORT_LAGGER | bid_ask=-158.87bps ask_bid=145.22bps | leader=binance_futures lagger=gate_futures direction=SHORT_LAGGER bid_ask=-158.87 ask_bid=145.22
2026-02-27T16:29:30.679444Z  INFO lead_lag_classic signal #2829: SAHARAUSDT | spread=195.74bps | dir=SHORT_LAGGER | bid_ask=-204.34bps ask_bid=195.74bps | leader=binance_futures lagger=gate_futures direction=SHORT_LAGGER bid_ask=-204.34 ask_bid=195.74
2026-02-27T16:29:30.816199Z  INFO lead_lag_classic signal #2830: POWERUSDT | spread=151.16bps | dir=SHORT_LAGGER | bid_ask=-164.63bps ask_bid=151.16bps | leader=binance_futures lagger=gate_futures direction=SHORT_LAGGER bid_ask=-164.63 ask_bid=151.16
2026-02-27T16:29:31.009965Z  INFO lead_lag_classic signal #2831: ESPUSDT | spread=38.65bps | dir=SHORT_LAGGER | bid_ask=-40.04bps ask_bid=38.65bps | leader=binance_futures lagger=gate_futures direction=SHORT_LAGGER bid_ask=-40.04 ask_bid=38.65
2026-02-27T16:29:31.387457Z  INFO lead_lag_classic signal #2832: ENSOUSDT | spread=79.11bps | dir=SHORT_LAGGER | bid_ask=-86.69bps ask_bid=79.11bps | leader=binance_futures lagger=gate_futures direction=SHORT_LAGGER bid_ask=-86.69 ask_bid=79.11
2026-02-27T16:29:31.387541Z  INFO lead_lag_classic signal #2833: ESPUSDT | spread=38.65bps | dir=SHORT_LAGGER | bid_ask=-40.04bps ask_bid=38.65bps | leader=binance_futures lagger=gate_futures direction=SHORT_LAGGER bid_ask=-40.04 ask_bid=38.65
2026-02-27T16:29:32.054139Z  INFO Status: tickers=118814 (+875/5s) signals=2833 drift=[n=875 avg=199ms p50=156ms p95=471ms p99=960ms max=2191ms]
2026-02-27T16:29:33.393564Z  INFO lead_lag_classic signal #2834: ENSOUSDT | spread=80.50bps | dir=SHORT_LAGGER | bid_ask=-86.69bps ask_bid=80.50bps | leader=binance_futures lagger=gate_futures direction=SHORT_LAGGER bid_ask=-86.69 ask_bid=80.50
2026-02-27T16:29:33.393694Z  INFO lead_lag_classic signal #2835: POWERUSDT | spread=149.05bps | dir=SHORT_LAGGER | bid_ask=-155.96bps ask_bid=149.05bps | leader=binance_futures lagger=gate_futures direction=SHORT_LAGGER bid_ask=-155.96 ask_bid=149.05
2026-02-27T16:29:33.393759Z  INFO lead_lag_classic signal #2836: SAHARAUSDT | spread=191.33bps | dir=SHORT_LAGGER | bid_ask=-204.17bps ask_bid=191.33bps | leader=binance_futures lagger=gate_futures direction=SHORT_LAGGER bid_ask=-204.17 ask_bid=191.33
2026-02-27T16:29:34.223203Z  INFO lead_lag_classic signal #2837: POWERUSDT | spread=147.40bps | dir=SHORT_LAGGER | bid_ask=-160.04bps ask_bid=147.40bps | leader=binance_futures lagger=gate_futures direction=SHORT_LAGGER bid_ask=-160.04 ask_bid=147.40
2026-02-27T16:29:34.223299Z  INFO lead_lag_classic signal #2838: SAHARAUSDT | spread=186.92bps | dir=SHORT_LAGGER | bid_ask=-195.83bps ask_bid=186.92bps | leader=binance_futures lagger=gate_futures direction=SHORT_LAGGER bid_ask=-195.83 ask_bid=186.92
2026-02-27T16:29:35.746509Z  INFO lead_lag_classic signal #2839: BULLAUSDT | spread=44.87bps | dir=LONG_LAGGER | bid_ask=44.87bps ask_bid=-114.80bps | leader=binance_futures lagger=gate_futures direction=LONG_LAGGER bid_ask=44.87 ask_bid=-114.80
2026-02-27T16:29:35.746606Z  INFO lead_lag_classic signal #2840: ESPUSDT | spread=35.57bps | dir=SHORT_LAGGER | bid_ask=-40.81bps ask_bid=35.57bps | leader=binance_futures lagger=gate_futures direction=SHORT_LAGGER bid_ask=-40.81 ask_bid=35.57
2026-02-27T16:29:36.394218Z  INFO lead_lag_classic signal #2841: ESPUSDT | spread=36.34bps | dir=SHORT_LAGGER | bid_ask=-40.81bps ask_bid=36.34bps | leader=binance_futures lagger=gate_futures direction=SHORT_LAGGER bid_ask=-40.81 ask_bid=36.34
2026-02-27T16:29:36.394681Z  INFO lead_lag_classic signal #2842: POWERUSDT | spread=151.16bps | dir=SHORT_LAGGER | bid_ask=-162.16bps ask_bid=151.16bps | leader=binance_futures lagger=gate_futures direction=SHORT_LAGGER bid_ask=-162.16 ask_bid=151.16
2026-02-27T16:29:36.394813Z  INFO lead_lag_classic signal #2843: SAHARAUSDT | spread=191.41bps | dir=SHORT_LAGGER | bid_ask=-200.17bps ask_bid=191.41bps | leader=binance_futures lagger=gate_futures direction=SHORT_LAGGER bid_ask=-200.17 ask_bid=191.41
2026-02-27T16:29:36.702721Z  INFO lead_lag_classic signal #2844: POWERUSDT | spread=147.68bps | dir=SHORT_LAGGER | bid_ask=-158.65bps ask_bid=147.68bps | leader=binance_futures lagger=gate_futures direction=SHORT_LAGGER bid_ask=-158.65 ask_bid=147.68
2026-02-27T16:29:36.702828Z  INFO lead_lag_classic signal #2845: SAHARAUSDT | spread=191.41bps | dir=SHORT_LAGGER | bid_ask=-200.17bps ask_bid=191.41bps | leader=binance_futures lagger=gate_futures direction=SHORT_LAGGER bid_ask=-200.17 ask_bid=191.41
2026-02-27T16:29:38.524406Z  INFO lead_lag_classic signal #2846: ATHUSDT | spread=42.34bps | dir=SHORT_LAGGER | bid_ask=-60.61bps ask_bid=42.34bps | leader=binance_futures lagger=gate_futures direction=SHORT_LAGGER bid_ask=-60.61 ask_bid=42.34
2026-02-27T16:29:38.524528Z  INFO lead_lag_classic signal #2847: ENSOUSDT | spread=70.80bps | dir=SHORT_LAGGER | bid_ask=-83.29bps ask_bid=70.80bps | leader=binance_futures lagger=gate_futures direction=SHORT_LAGGER bid_ask=-83.29 ask_bid=70.80
2026-02-27T16:29:38.524631Z  INFO lead_lag_classic signal #2848: POWERUSDT | spread=149.99bps | dir=SHORT_LAGGER | bid_ask=-159.58bps ask_bid=149.99bps | leader=binance_futures lagger=gate_futures direction=SHORT_LAGGER bid_ask=-159.58 ask_bid=149.99
2026-02-27T16:29:38.524691Z  INFO lead_lag_classic signal #2849: SAHARAUSDT | spread=200.26bps | dir=SHORT_LAGGER | bid_ask=-208.68bps ask_bid=200.26bps | leader=binance_futures lagger=gate_futures direction=SHORT_LAGGER bid_ask=-208.68 ask_bid=200.26
2026-02-27T16:29:38.525183Z  INFO Status: tickers=119816 (+1002/5s) signals=2849 drift=[n=1002 avg=198ms p50=156ms p95=486ms p99=770ms max=1581ms]
2026-02-27T16:29:38.646004Z  INFO lead_lag_classic signal #2850: POWERUSDT | spread=145.21bps | dir=SHORT_LAGGER | bid_ask=-157.20bps ask_bid=145.21bps | leader=binance_futures lagger=gate_futures direction=SHORT_LAGGER bid_ask=-157.20 ask_bid=145.21
2026-02-27T16:29:38.646090Z  INFO lead_lag_classic signal #2851: SAHARAUSDT | spread=195.91bps | dir=SHORT_LAGGER | bid_ask=-208.68bps ask_bid=195.91bps | leader=binance_futures lagger=gate_futures direction=SHORT_LAGGER bid_ask=-208.68 ask_bid=195.91
2026-02-27T16:29:38.743028Z  INFO lead_lag_classic signal #2852: POWERUSDT | spread=146.17bps | dir=SHORT_LAGGER | bid_ask=-157.79bps ask_bid=146.17bps | leader=binance_futures lagger=gate_futures direction=SHORT_LAGGER bid_ask=-157.79 ask_bid=146.17
2026-02-27T16:29:38.743108Z  INFO lead_lag_classic signal #2853: SAHARAUSDT | spread=195.91bps | dir=SHORT_LAGGER | bid_ask=-208.68bps ask_bid=195.91bps | leader=binance_futures lagger=gate_futures direction=SHORT_LAGGER bid_ask=-208.68 ask_bid=195.91
2026-02-27T16:29:38.847272Z  INFO lead_lag_classic signal #2854: ENSOUSDT | spread=70.80bps | dir=SHORT_LAGGER | bid_ask=-83.29bps ask_bid=70.80bps | leader=binance_futures lagger=gate_futures direction=SHORT_LAGGER bid_ask=-83.29 ask_bid=70.80
2026-02-27T16:29:38.847383Z  INFO lead_lag_classic signal #2855: POWERUSDT | spread=145.69bps | dir=SHORT_LAGGER | bid_ask=-157.93bps ask_bid=145.69bps | leader=binance_futures lagger=gate_futures direction=SHORT_LAGGER bid_ask=-157.93 ask_bid=145.69
2026-02-27T16:29:38.847426Z  INFO lead_lag_classic signal #2856: SAHARAUSDT | spread=191.57bps | dir=SHORT_LAGGER | bid_ask=-200.33bps ask_bid=191.57bps | leader=binance_futures lagger=gate_futures direction=SHORT_LAGGER bid_ask=-200.33 ask_bid=191.57
2026-02-27T16:29:38.972366Z  INFO lead_lag_classic signal #2857: POWERUSDT | spread=143.91bps | dir=SHORT_LAGGER | bid_ask=-154.35bps ask_bid=143.91bps | leader=binance_futures lagger=gate_futures direction=SHORT_LAGGER bid_ask=-154.35 ask_bid=143.91
2026-02-27T16:29:38.972445Z  INFO lead_lag_classic signal #2858: SAHARAUSDT | spread=191.57bps | dir=SHORT_LAGGER | bid_ask=-200.33bps ask_bid=191.57bps | leader=binance_futures lagger=gate_futures direction=SHORT_LAGGER bid_ask=-200.33 ask_bid=191.57
2026-02-27T16:29:40.275009Z  INFO lead_lag_classic signal #2859: ENSOUSDT | spread=74.28bps | dir=SHORT_LAGGER | bid_ask=-85.36bps ask_bid=74.28bps | leader=binance_futures lagger=gate_futures direction=SHORT_LAGGER bid_ask=-85.36 ask_bid=74.28
2026-02-27T16:29:40.275143Z  INFO lead_lag_classic signal #2860: POWERUSDT | spread=130.87bps | dir=SHORT_LAGGER | bid_ask=-150.17bps ask_bid=130.87bps | leader=binance_futures lagger=gate_futures direction=SHORT_LAGGER bid_ask=-150.17 ask_bid=130.87
2026-02-27T16:29:40.275206Z  INFO lead_lag_classic signal #2861: SAHARAUSDT | spread=191.65bps | dir=SHORT_LAGGER | bid_ask=-196.32bps ask_bid=191.65bps | leader=binance_futures lagger=gate_futures direction=SHORT_LAGGER bid_ask=-196.32 ask_bid=191.65
2026-02-27T16:29:41.032423Z  INFO lead_lag_classic signal #2862: ENSOUSDT | spread=76.37bps | dir=SHORT_LAGGER | bid_ask=-86.05bps ask_bid=76.37bps | leader=binance_futures lagger=gate_futures direction=SHORT_LAGGER bid_ask=-86.05 ask_bid=76.37
2026-02-27T16:29:41.032515Z  INFO lead_lag_classic signal #2863: ESPUSDT | spread=37.88bps | dir=SHORT_LAGGER | bid_ask=-40.81bps ask_bid=37.88bps | leader=binance_futures lagger=gate_futures direction=SHORT_LAGGER bid_ask=-40.81 ask_bid=37.88
2026-02-27T16:29:41.032614Z  INFO lead_lag_classic signal #2864: POWERUSDT | spread=142.54bps | dir=SHORT_LAGGER | bid_ask=-151.68bps ask_bid=142.54bps | leader=binance_futures lagger=gate_futures direction=SHORT_LAGGER bid_ask=-151.68 ask_bid=142.54
2026-02-27T16:29:41.032682Z  INFO lead_lag_classic signal #2865: SAHARAUSDT | spread=191.65bps | dir=SHORT_LAGGER | bid_ask=-200.42bps ask_bid=191.65bps | leader=binance_futures lagger=gate_futures direction=SHORT_LAGGER bid_ask=-200.42 ask_bid=191.65
2026-02-27T16:29:41.182796Z  INFO lead_lag_classic signal #2866: ENSOUSDT | spread=76.37bps | dir=SHORT_LAGGER | bid_ask=-86.05bps ask_bid=76.37bps | leader=binance_futures lagger=gate_futures direction=SHORT_LAGGER bid_ask=-86.05 ask_bid=76.37
2026-02-27T16:29:41.182925Z  INFO lead_lag_classic signal #2867: POWERUSDT | spread=143.62bps | dir=SHORT_LAGGER | bid_ask=-152.74bps ask_bid=143.62bps | leader=binance_futures lagger=gate_futures direction=SHORT_LAGGER bid_ask=-152.74 ask_bid=143.62
2026-02-27T16:29:41.182967Z  INFO lead_lag_classic signal #2868: SAHARAUSDT | spread=187.31bps | dir=SHORT_LAGGER | bid_ask=-196.24bps ask_bid=187.31bps | leader=binance_futures lagger=gate_futures direction=SHORT_LAGGER bid_ask=-196.24 ask_bid=187.31
2026-02-27T16:29:41.550866Z  INFO lead_lag_classic signal #2869: ENSOUSDT | spread=76.37bps | dir=SHORT_LAGGER | bid_ask=-86.05bps ask_bid=76.37bps | leader=binance_futures lagger=gate_futures direction=SHORT_LAGGER bid_ask=-86.05 ask_bid=76.37
2026-02-27T16:29:41.550995Z  INFO lead_lag_classic signal #2870: POWERUSDT | spread=143.15bps | dir=SHORT_LAGGER | bid_ask=-152.14bps ask_bid=143.15bps | leader=binance_futures lagger=gate_futures direction=SHORT_LAGGER bid_ask=-152.14 ask_bid=143.15
2026-02-27T16:29:41.551050Z  INFO lead_lag_classic signal #2871: SAHARAUSDT | spread=187.23bps | dir=SHORT_LAGGER | bid_ask=-196.16bps ask_bid=187.23bps | leader=binance_futures lagger=gate_futures direction=SHORT_LAGGER bid_ask=-196.16 ask_bid=187.23
2026-02-27T16:29:42.638140Z  INFO lead_lag_classic signal #2872: BULLAUSDT | spread=44.87bps | dir=LONG_LAGGER | bid_ask=44.87bps ask_bid=-114.80bps | leader=binance_futures lagger=gate_futures direction=LONG_LAGGER bid_ask=44.87 ask_bid=-114.80
2026-02-27T16:29:42.638227Z  INFO lead_lag_classic signal #2873: ENSOUSDT | spread=77.76bps | dir=SHORT_LAGGER | bid_ask=-86.05bps ask_bid=77.76bps | leader=binance_futures lagger=gate_futures direction=SHORT_LAGGER bid_ask=-86.05 ask_bid=77.76
2026-02-27T16:29:42.638266Z  INFO lead_lag_classic signal #2874: ESPUSDT | spread=38.66bps | dir=SHORT_LAGGER | bid_ask=-40.81bps ask_bid=38.66bps | leader=binance_futures lagger=gate_futures direction=SHORT_LAGGER bid_ask=-40.81 ask_bid=38.66
2026-02-27T16:29:42.638330Z  INFO lead_lag_classic signal #2875: HUSDT | spread=32.49bps | dir=LONG_LAGGER | bid_ask=32.49bps ask_bid=-35.70bps | leader=binance_futures lagger=gate_futures direction=LONG_LAGGER bid_ask=32.49 ask_bid=-35.70
2026-02-27T16:29:42.638407Z  INFO lead_lag_classic signal #2876: POWERUSDT | spread=143.03bps | dir=SHORT_LAGGER | bid_ask=-164.08bps ask_bid=143.03bps | leader=binance_futures lagger=gate_futures direction=SHORT_LAGGER bid_ask=-164.08 ask_bid=143.03
2026-02-27T16:29:42.638466Z  INFO lead_lag_classic signal #2877: SAHARAUSDT | spread=191.57bps | dir=SHORT_LAGGER | bid_ask=-200.33bps ask_bid=191.57bps | leader=binance_futures lagger=gate_futures direction=SHORT_LAGGER bid_ask=-200.33 ask_bid=191.57
2026-02-27T16:29:43.081101Z  INFO lead_lag_classic signal #2878: ESPUSDT | spread=37.11bps | dir=SHORT_LAGGER | bid_ask=-39.27bps ask_bid=37.11bps | leader=binance_futures lagger=gate_futures direction=SHORT_LAGGER bid_ask=-39.27 ask_bid=37.11
2026-02-27T16:29:43.081197Z  INFO lead_lag_classic signal #2879: HUSDT | spread=32.49bps | dir=LONG_LAGGER | bid_ask=32.49bps ask_bid=-35.70bps | leader=binance_futures lagger=gate_futures direction=LONG_LAGGER bid_ask=32.49 ask_bid=-35.70
2026-02-27T16:29:43.081272Z  INFO lead_lag_classic signal #2880: POWERUSDT | spread=150.43bps | dir=SHORT_LAGGER | bid_ask=-169.67bps ask_bid=150.43bps | leader=binance_futures lagger=gate_futures direction=SHORT_LAGGER bid_ask=-169.67 ask_bid=150.43
2026-02-27T16:29:43.081322Z  INFO lead_lag_classic signal #2881: SAHARAUSDT | spread=191.57bps | dir=SHORT_LAGGER | bid_ask=-200.33bps ask_bid=191.57bps | leader=binance_futures lagger=gate_futures direction=SHORT_LAGGER bid_ask=-200.33 ask_bid=191.57
2026-02-27T16:29:44.566964Z  INFO lead_lag_classic signal #2882: ATHUSDT | spread=42.34bps | dir=SHORT_LAGGER | bid_ask=-62.29bps ask_bid=42.34bps | leader=binance_futures lagger=gate_futures direction=SHORT_LAGGER bid_ask=-62.29 ask_bid=42.34
2026-02-27T16:29:44.567136Z  INFO lead_lag_classic signal #2883: POWERUSDT | spread=153.63bps | dir=SHORT_LAGGER | bid_ask=-165.22bps ask_bid=153.63bps | leader=binance_futures lagger=gate_futures direction=SHORT_LAGGER bid_ask=-165.22 ask_bid=153.63
2026-02-27T16:29:44.567198Z  INFO lead_lag_classic signal #2884: SAHARAUSDT | spread=183.13bps | dir=SHORT_LAGGER | bid_ask=-196.32bps ask_bid=183.13bps | leader=binance_futures lagger=gate_futures direction=SHORT_LAGGER bid_ask=-196.32 ask_bid=183.13
2026-02-27T16:29:44.567673Z  INFO Status: tickers=120754 (+938/5s) signals=2884 drift=[n=938 avg=186ms p50=145ms p95=499ms p99=929ms max=1111ms]
2026-02-27T16:29:44.770918Z  INFO lead_lag_classic signal #2885: ATHUSDT | spread=42.34bps | dir=SHORT_LAGGER | bid_ask=-62.29bps ask_bid=42.34bps | leader=binance_futures lagger=gate_futures direction=SHORT_LAGGER bid_ask=-62.29 ask_bid=42.34
2026-02-27T16:29:45.361289Z  INFO lead_lag_classic signal #2886: ATHUSDT | spread=44.04bps | dir=SHORT_LAGGER | bid_ask=-63.97bps ask_bid=44.04bps | leader=binance_futures lagger=gate_futures direction=SHORT_LAGGER bid_ask=-63.97 ask_bid=44.04
2026-02-27T16:29:45.361402Z  INFO lead_lag_classic signal #2887: ESPUSDT | spread=36.33bps | dir=SHORT_LAGGER | bid_ask=-39.27bps ask_bid=36.33bps | leader=binance_futures lagger=gate_futures direction=SHORT_LAGGER bid_ask=-39.27 ask_bid=36.33
2026-02-27T16:29:45.361459Z  INFO lead_lag_classic signal #2888: HUSDT | spread=30.76bps | dir=LONG_LAGGER | bid_ask=30.76bps ask_bid=-47.23bps | leader=binance_futures lagger=gate_futures direction=LONG_LAGGER bid_ask=30.76 ask_bid=-47.23
2026-02-27T16:29:45.361530Z  INFO lead_lag_classic signal #2889: POWERUSDT | spread=152.61bps | dir=SHORT_LAGGER | bid_ask=-154.82bps ask_bid=152.61bps | leader=binance_futures lagger=gate_futures direction=SHORT_LAGGER bid_ask=-154.82 ask_bid=152.61
2026-02-27T16:29:45.361591Z  INFO lead_lag_classic signal #2890: SAHARAUSDT | spread=187.39bps | dir=SHORT_LAGGER | bid_ask=-200.42bps ask_bid=187.39bps | leader=binance_futures lagger=gate_futures direction=SHORT_LAGGER bid_ask=-200.42 ask_bid=187.39
2026-02-27T16:29:46.117807Z  INFO lead_lag_classic signal #2891: ATHUSDT | spread=44.04bps | dir=SHORT_LAGGER | bid_ask=-63.97bps ask_bid=44.04bps | leader=binance_futures lagger=gate_futures direction=SHORT_LAGGER bid_ask=-63.97 ask_bid=44.04
2026-02-27T16:29:46.735979Z  INFO lead_lag_classic signal #2892: ESPUSDT | spread=37.85bps | dir=SHORT_LAGGER | bid_ask=-40.78bps ask_bid=37.85bps | leader=binance_futures lagger=gate_futures direction=SHORT_LAGGER bid_ask=-40.78 ask_bid=37.85
2026-02-27T16:29:46.736103Z  INFO lead_lag_classic signal #2893: POWERUSDT | spread=143.57bps | dir=SHORT_LAGGER | bid_ask=-159.81bps ask_bid=143.57bps | leader=binance_futures lagger=gate_futures direction=SHORT_LAGGER bid_ask=-159.81 ask_bid=143.57
2026-02-27T16:29:46.736174Z  INFO lead_lag_classic signal #2894: SAHARAUSDT | spread=187.39bps | dir=SHORT_LAGGER | bid_ask=-200.42bps ask_bid=187.39bps | leader=binance_futures lagger=gate_futures direction=SHORT_LAGGER bid_ask=-200.42 ask_bid=187.39
2026-02-27T16:29:46.897414Z  INFO lead_lag_classic signal #2895: POWERUSDT | spread=143.98bps | dir=SHORT_LAGGER | bid_ask=-160.86bps ask_bid=143.98bps | leader=binance_futures lagger=gate_futures direction=SHORT_LAGGER bid_ask=-160.86 ask_bid=143.98
2026-02-27T16:29:46.897501Z  INFO lead_lag_classic signal #2896: SAHARAUSDT | spread=187.39bps | dir=SHORT_LAGGER | bid_ask=-200.42bps ask_bid=187.39bps | leader=binance_futures lagger=gate_futures direction=SHORT_LAGGER bid_ask=-200.42 ask_bid=187.39
2026-02-27T16:29:48.780524Z  INFO lead_lag_classic signal #2897: ATHUSDT | spread=40.64bps | dir=SHORT_LAGGER | bid_ask=-60.61bps ask_bid=40.64bps | leader=binance_futures lagger=gate_futures direction=SHORT_LAGGER bid_ask=-60.61 ask_bid=40.64
2026-02-27T16:29:50.609375Z  INFO lead_lag_classic signal #2898: ATHUSDT | spread=38.94bps | dir=SHORT_LAGGER | bid_ask=-60.61bps ask_bid=38.94bps | leader=binance_futures lagger=gate_futures direction=SHORT_LAGGER bid_ask=-60.61 ask_bid=38.94
2026-02-27T16:29:50.609549Z  INFO lead_lag_classic signal #2899: POWERUSDT | spread=144.14bps | dir=SHORT_LAGGER | bid_ask=-158.04bps ask_bid=144.14bps | leader=binance_futures lagger=gate_futures direction=SHORT_LAGGER bid_ask=-158.04 ask_bid=144.14
2026-02-27T16:29:50.609623Z  INFO lead_lag_classic signal #2900: SAHARAUSDT | spread=191.57bps | dir=SHORT_LAGGER | bid_ask=-200.33bps ask_bid=191.57bps | leader=binance_futures lagger=gate_futures direction=SHORT_LAGGER bid_ask=-200.33 ask_bid=191.57
2026-02-27T16:29:50.610099Z  INFO Status: tickers=121724 (+970/5s) signals=2900 drift=[n=970 avg=189ms p50=144ms p95=537ms p99=929ms max=1206ms]
2026-02-27T16:29:51.008714Z  INFO lead_lag_classic signal #2901: POWERUSDT | spread=146.52bps | dir=SHORT_LAGGER | bid_ask=-159.75bps ask_bid=146.52bps | leader=binance_futures lagger=gate_futures direction=SHORT_LAGGER bid_ask=-159.75 ask_bid=146.52
2026-02-27T16:29:51.008813Z  INFO lead_lag_classic signal #2902: SAHARAUSDT | spread=195.91bps | dir=SHORT_LAGGER | bid_ask=-204.51bps ask_bid=195.91bps | leader=binance_futures lagger=gate_futures direction=SHORT_LAGGER bid_ask=-204.51 ask_bid=195.91
2026-02-27T16:29:51.309000Z  INFO lead_lag_classic signal #2903: ENSOUSDT | spread=75.70bps | dir=SHORT_LAGGER | bid_ask=-88.80bps ask_bid=75.70bps | leader=binance_futures lagger=gate_futures direction=SHORT_LAGGER bid_ask=-88.80 ask_bid=75.70
2026-02-27T16:29:51.522382Z  INFO lead_lag_classic signal #2904: ESPUSDT | spread=36.31bps | dir=SHORT_LAGGER | bid_ask=-39.25bps ask_bid=36.31bps | leader=binance_futures lagger=gate_futures direction=SHORT_LAGGER bid_ask=-39.25 ask_bid=36.31
2026-02-27T16:29:51.522468Z  INFO lead_lag_classic signal #2905: HUSDT | spread=31.62bps | dir=LONG_LAGGER | bid_ask=31.62bps ask_bid=-45.61bps | leader=binance_futures lagger=gate_futures direction=LONG_LAGGER bid_ask=31.62 ask_bid=-45.61
2026-02-27T16:29:51.522528Z  INFO lead_lag_classic signal #2906: POWERUSDT | spread=146.72bps | dir=SHORT_LAGGER | bid_ask=-158.93bps ask_bid=146.72bps | leader=binance_futures lagger=gate_futures direction=SHORT_LAGGER bid_ask=-158.93 ask_bid=146.72
2026-02-27T16:29:51.522581Z  INFO lead_lag_classic signal #2907: SAHARAUSDT | spread=191.57bps | dir=SHORT_LAGGER | bid_ask=-200.33bps ask_bid=191.57bps | leader=binance_futures lagger=gate_futures direction=SHORT_LAGGER bid_ask=-200.33 ask_bid=191.57
2026-02-27T16:29:52.524194Z  INFO lead_lag_classic signal #2908: ATHUSDT | spread=44.04bps | dir=SHORT_LAGGER | bid_ask=-62.29bps ask_bid=44.04bps | leader=binance_futures lagger=gate_futures direction=SHORT_LAGGER bid_ask=-62.29 ask_bid=44.04
2026-02-27T16:29:52.524294Z  INFO lead_lag_classic signal #2909: BULLAUSDT | spread=44.87bps | dir=LONG_LAGGER | bid_ask=44.87bps ask_bid=-114.80bps | leader=binance_futures lagger=gate_futures direction=LONG_LAGGER bid_ask=44.87 ask_bid=-114.80
2026-02-27T16:29:52.524365Z  INFO lead_lag_classic signal #2910: ENSOUSDT | spread=76.39bps | dir=SHORT_LAGGER | bid_ask=-88.80bps ask_bid=76.39bps | leader=binance_futures lagger=gate_futures direction=SHORT_LAGGER bid_ask=-88.80 ask_bid=76.39
2026-02-27T16:29:52.524409Z  INFO lead_lag_classic signal #2911: ESPUSDT | spread=35.53bps | dir=SHORT_LAGGER | bid_ask=-37.71bps ask_bid=35.53bps | leader=binance_futures lagger=gate_futures direction=SHORT_LAGGER bid_ask=-37.71 ask_bid=35.53
2026-02-27T16:29:52.524512Z  INFO lead_lag_classic signal #2912: POWERUSDT | spread=140.73bps | dir=SHORT_LAGGER | bid_ask=-157.27bps ask_bid=140.73bps | leader=binance_futures lagger=gate_futures direction=SHORT_LAGGER bid_ask=-157.27 ask_bid=140.73
2026-02-27T16:29:52.524580Z  INFO lead_lag_classic signal #2913: SAHARAUSDT | spread=182.90bps | dir=SHORT_LAGGER | bid_ask=-191.99bps ask_bid=182.90bps | leader=binance_futures lagger=gate_futures direction=SHORT_LAGGER bid_ask=-191.99 ask_bid=182.90
2026-02-27T16:29:52.874509Z  INFO lead_lag_classic signal #2914: ESPUSDT | spread=35.53bps | dir=SHORT_LAGGER | bid_ask=-37.71bps ask_bid=35.53bps | leader=binance_futures lagger=gate_futures direction=SHORT_LAGGER bid_ask=-37.71 ask_bid=35.53
2026-02-27T16:29:52.874622Z  INFO lead_lag_classic signal #2915: POWERUSDT | spread=142.43bps | dir=SHORT_LAGGER | bid_ask=-158.52bps ask_bid=142.43bps | leader=binance_futures lagger=gate_futures direction=SHORT_LAGGER bid_ask=-158.52 ask_bid=142.43
2026-02-27T16:29:52.874678Z  INFO lead_lag_classic signal #2916: SAHARAUSDT | spread=182.90bps | dir=SHORT_LAGGER | bid_ask=-191.99bps ask_bid=182.90bps | leader=binance_futures lagger=gate_futures direction=SHORT_LAGGER bid_ask=-191.99 ask_bid=182.90
2026-02-27T16:29:54.253349Z  INFO lead_lag_classic signal #2917: ENSOUSDT | spread=77.78bps | dir=SHORT_LAGGER | bid_ask=-87.44bps ask_bid=77.78bps | leader=binance_futures lagger=gate_futures direction=SHORT_LAGGER bid_ask=-87.44 ask_bid=77.78
2026-02-27T16:29:55.082210Z  INFO lead_lag_classic signal #2918: ATHUSDT | spread=44.04bps | dir=SHORT_LAGGER | bid_ask=-62.29bps ask_bid=44.04bps | leader=binance_futures lagger=gate_futures direction=SHORT_LAGGER bid_ask=-62.29 ask_bid=44.04
2026-02-27T16:29:55.082320Z  INFO lead_lag_classic signal #2919: ENSOUSDT | spread=77.78bps | dir=SHORT_LAGGER | bid_ask=-86.75bps ask_bid=77.78bps | leader=binance_futures lagger=gate_futures direction=SHORT_LAGGER bid_ask=-86.75 ask_bid=77.78
2026-02-27T16:29:55.082370Z  INFO lead_lag_classic signal #2920: ESPUSDT | spread=37.86bps | dir=SHORT_LAGGER | bid_ask=-40.79bps ask_bid=37.86bps | leader=binance_futures lagger=gate_futures direction=SHORT_LAGGER bid_ask=-40.79 ask_bid=37.86
2026-02-27T16:29:55.082472Z  INFO lead_lag_classic signal #2921: POWERUSDT | spread=143.38bps | dir=SHORT_LAGGER | bid_ask=-162.70bps ask_bid=143.38bps | leader=binance_futures lagger=gate_futures direction=SHORT_LAGGER bid_ask=-162.70 ask_bid=143.38
2026-02-27T16:29:55.082544Z  INFO lead_lag_classic signal #2922: SAHARAUSDT | spread=191.41bps | dir=SHORT_LAGGER | bid_ask=-200.17bps ask_bid=191.41bps | leader=binance_futures lagger=gate_futures direction=SHORT_LAGGER bid_ask=-200.17 ask_bid=191.41
2026-02-27T16:29:55.214244Z  INFO lead_lag_classic signal #2923: ATHUSDT | spread=44.04bps | dir=SHORT_LAGGER | bid_ask=-63.97bps ask_bid=44.04bps | leader=binance_futures lagger=gate_futures direction=SHORT_LAGGER bid_ask=-63.97 ask_bid=44.04
2026-02-27T16:29:55.214358Z  INFO lead_lag_classic signal #2924: ESPUSDT | spread=37.86bps | dir=SHORT_LAGGER | bid_ask=-40.79bps ask_bid=37.86bps | leader=binance_futures lagger=gate_futures direction=SHORT_LAGGER bid_ask=-40.79 ask_bid=37.86
2026-02-27T16:29:55.214423Z  INFO lead_lag_classic signal #2925: POWERUSDT | spread=144.61bps | dir=SHORT_LAGGER | bid_ask=-162.70bps ask_bid=144.61bps | leader=binance_futures lagger=gate_futures direction=SHORT_LAGGER bid_ask=-162.70 ask_bid=144.61
2026-02-27T16:29:55.214474Z  INFO lead_lag_classic signal #2926: SAHARAUSDT | spread=191.41bps | dir=SHORT_LAGGER | bid_ask=-200.17bps ask_bid=191.41bps | leader=binance_futures lagger=gate_futures direction=SHORT_LAGGER bid_ask=-200.17 ask_bid=191.41
2026-02-27T16:29:55.351235Z  INFO lead_lag_classic signal #2927: ENSOUSDT | spread=77.78bps | dir=SHORT_LAGGER | bid_ask=-86.75bps ask_bid=77.78bps | leader=binance_futures lagger=gate_futures direction=SHORT_LAGGER bid_ask=-86.75 ask_bid=77.78
2026-02-27T16:29:55.351322Z  INFO lead_lag_classic signal #2928: ESPUSDT | spread=37.86bps | dir=SHORT_LAGGER | bid_ask=-40.02bps ask_bid=37.86bps | leader=binance_futures lagger=gate_futures direction=SHORT_LAGGER bid_ask=-40.02 ask_bid=37.86
2026-02-27T16:29:55.351400Z  INFO lead_lag_classic signal #2929: POWERUSDT | spread=146.17bps | dir=SHORT_LAGGER | bid_ask=-163.62bps ask_bid=146.17bps | leader=binance_futures lagger=gate_futures direction=SHORT_LAGGER bid_ask=-163.62 ask_bid=146.17
2026-02-27T16:29:55.351445Z  INFO lead_lag_classic signal #2930: SAHARAUSDT | spread=191.41bps | dir=SHORT_LAGGER | bid_ask=-200.17bps ask_bid=191.41bps | leader=binance_futures lagger=gate_futures direction=SHORT_LAGGER bid_ask=-200.17 ask_bid=191.41
2026-02-27T16:29:56.159541Z  INFO Gate NATR refresh: fetched=12 missing=0 batch=12 symbols=43
2026-02-27T16:29:57.232035Z  INFO lead_lag_classic signal #2931: ESPUSDT | spread=37.86bps | dir=SHORT_LAGGER | bid_ask=-40.02bps ask_bid=37.86bps | leader=binance_futures lagger=gate_futures direction=SHORT_LAGGER bid_ask=-40.02 ask_bid=37.86
2026-02-27T16:29:57.232733Z  INFO Status: tickers=122796 (+1072/5s) signals=2931 drift=[n=1072 avg=193ms p50=154ms p95=487ms p99=849ms max=1466ms]
2026-02-27T16:29:57.656459Z  INFO lead_lag_classic signal #2932: SAHARAUSDT | spread=196.16bps | dir=SHORT_LAGGER | bid_ask=-204.76bps ask_bid=196.16bps | leader=binance_futures lagger=gate_futures direction=SHORT_LAGGER bid_ask=-204.76 ask_bid=196.16
2026-02-27T16:29:59.245586Z  INFO lead_lag_classic signal #2933: ATHUSDT | spread=40.64bps | dir=SHORT_LAGGER | bid_ask=-62.29bps ask_bid=40.64bps | leader=binance_futures lagger=gate_futures direction=SHORT_LAGGER bid_ask=-62.29 ask_bid=40.64
2026-02-27T16:29:59.245699Z  INFO lead_lag_classic signal #2934: ENSOUSDT | spread=79.14bps | dir=SHORT_LAGGER | bid_ask=-83.99bps ask_bid=79.14bps | leader=binance_futures lagger=gate_futures direction=SHORT_LAGGER bid_ask=-83.99 ask_bid=79.14
2026-02-27T16:29:59.245742Z  INFO lead_lag_classic signal #2935: ESPUSDT | spread=35.54bps | dir=SHORT_LAGGER | bid_ask=-42.31bps ask_bid=35.54bps | leader=binance_futures lagger=gate_futures direction=SHORT_LAGGER bid_ask=-42.31 ask_bid=35.54
2026-02-27T16:29:59.245831Z  INFO lead_lag_classic signal #2936: POWERUSDT | spread=138.42bps | dir=SHORT_LAGGER | bid_ask=-156.55bps ask_bid=138.42bps | leader=binance_futures lagger=gate_futures direction=SHORT_LAGGER bid_ask=-156.55 ask_bid=138.42
2026-02-27T16:29:59.245897Z  INFO lead_lag_classic signal #2937: SAHARAUSDT | spread=191.57bps | dir=SHORT_LAGGER | bid_ask=-200.33bps ask_bid=191.57bps | leader=binance_futures lagger=gate_futures direction=SHORT_LAGGER bid_ask=-200.33 ask_bid=191.57
2026-02-27T16:29:59.444201Z  INFO lead_lag_classic signal #2938: ATHUSDT | spread=42.34bps | dir=SHORT_LAGGER | bid_ask=-62.29bps ask_bid=42.34bps | leader=binance_futures lagger=gate_futures direction=SHORT_LAGGER bid_ask=-62.29 ask_bid=42.34
2026-02-27T16:29:59.444442Z  INFO lead_lag_classic signal #2939: ENSOUSDT | spread=79.14bps | dir=SHORT_LAGGER | bid_ask=-83.99bps ask_bid=79.14bps | leader=binance_futures lagger=gate_futures direction=SHORT_LAGGER bid_ask=-83.99 ask_bid=79.14
2026-02-27T16:29:59.444517Z  INFO lead_lag_classic signal #2940: ESPUSDT | spread=35.54bps | dir=SHORT_LAGGER | bid_ask=-42.31bps ask_bid=35.54bps | leader=binance_futures lagger=gate_futures direction=SHORT_LAGGER bid_ask=-42.31 ask_bid=35.54
2026-02-27T16:29:59.444605Z  INFO lead_lag_classic signal #2941: POWERUSDT | spread=139.65bps | dir=SHORT_LAGGER | bid_ask=-157.41bps ask_bid=139.65bps | leader=binance_futures lagger=gate_futures direction=SHORT_LAGGER bid_ask=-157.41 ask_bid=139.65
2026-02-27T16:29:59.444697Z  INFO lead_lag_classic signal #2942: SAHARAUSDT | spread=213.31bps | dir=SHORT_LAGGER | bid_ask=-221.20bps ask_bid=213.31bps | leader=binance_futures lagger=gate_futures direction=SHORT_LAGGER bid_ask=-221.20 ask_bid=213.31
2026-02-27T16:30:02.242296Z  INFO lead_lag_classic signal #2943: ATHUSDT | spread=44.04bps | dir=SHORT_LAGGER | bid_ask=-63.97bps ask_bid=44.04bps | leader=binance_futures lagger=gate_futures direction=SHORT_LAGGER bid_ask=-63.97 ask_bid=44.04
2026-02-27T16:30:02.242399Z  INFO lead_lag_classic signal #2944: BULLAUSDT | spread=38.46bps | dir=LONG_LAGGER | bid_ask=38.46bps ask_bid=-108.49bps | leader=binance_futures lagger=gate_futures direction=LONG_LAGGER bid_ask=38.46 ask_bid=-108.49
2026-02-27T16:30:02.242450Z  INFO lead_lag_classic signal #2945: ENSOUSDT | spread=73.60bps | dir=SHORT_LAGGER | bid_ask=-85.37bps ask_bid=73.60bps | leader=binance_futures lagger=gate_futures direction=SHORT_LAGGER bid_ask=-85.37 ask_bid=73.60
2026-02-27T16:30:02.242488Z  INFO lead_lag_classic signal #2946: ESPUSDT | spread=40.17bps | dir=SHORT_LAGGER | bid_ask=-41.55bps ask_bid=40.17bps | leader=binance_futures lagger=gate_futures direction=SHORT_LAGGER bid_ask=-41.55 ask_bid=40.17
2026-02-27T16:30:02.242575Z  INFO lead_lag_classic signal #2947: POWERUSDT | spread=141.26bps | dir=SHORT_LAGGER | bid_ask=-149.89bps ask_bid=141.26bps | leader=binance_futures lagger=gate_futures direction=SHORT_LAGGER bid_ask=-149.89 ask_bid=141.26
2026-02-27T16:30:02.242641Z  INFO lead_lag_classic signal #2948: SAHARAUSDT | spread=183.45bps | dir=SHORT_LAGGER | bid_ask=-196.65bps ask_bid=183.45bps | leader=binance_futures lagger=gate_futures direction=SHORT_LAGGER bid_ask=-196.65 ask_bid=183.45
2026-02-27T16:30:02.243093Z  INFO Status: tickers=123601 (+805/5s) signals=2948 drift=[n=805 avg=207ms p50=169ms p95=517ms p99=893ms max=1094ms]
2026-02-27T16:30:03.388638Z  INFO lead_lag_classic signal #2949: ESPUSDT | spread=37.85bps | dir=SHORT_LAGGER | bid_ask=-42.31bps ask_bid=37.85bps | leader=binance_futures lagger=gate_futures direction=SHORT_LAGGER bid_ask=-42.31 ask_bid=37.85
2026-02-27T16:30:03.388770Z  INFO lead_lag_classic signal #2950: POWERUSDT | spread=140.65bps | dir=SHORT_LAGGER | bid_ask=-158.18bps ask_bid=140.65bps | leader=binance_futures lagger=gate_futures direction=SHORT_LAGGER bid_ask=-158.18 ask_bid=140.65
2026-02-27T16:30:03.388835Z  INFO lead_lag_classic signal #2951: SAHARAUSDT | spread=209.31bps | dir=SHORT_LAGGER | bid_ask=-213.30bps ask_bid=209.31bps | leader=binance_futures lagger=gate_futures direction=SHORT_LAGGER bid_ask=-213.30 ask_bid=209.31
2026-02-27T16:30:04.019965Z  INFO lead_lag_classic signal #2952: ATHUSDT | spread=52.55bps | dir=SHORT_LAGGER | bid_ask=-75.76bps ask_bid=52.55bps | leader=binance_futures lagger=gate_futures direction=SHORT_LAGGER bid_ask=-75.76 ask_bid=52.55
2026-02-27T16:30:04.020083Z  INFO lead_lag_classic signal #2953: ENSOUSDT | spread=74.30bps | dir=SHORT_LAGGER | bid_ask=-85.37bps ask_bid=74.30bps | leader=binance_futures lagger=gate_futures direction=SHORT_LAGGER bid_ask=-85.37 ask_bid=74.30
2026-02-27T16:30:04.020127Z  INFO lead_lag_classic signal #2954: ESPUSDT | spread=37.85bps | dir=SHORT_LAGGER | bid_ask=-42.31bps ask_bid=37.85bps | leader=binance_futures lagger=gate_futures direction=SHORT_LAGGER bid_ask=-42.31 ask_bid=37.85
2026-02-27T16:30:04.020235Z  INFO lead_lag_classic signal #2955: POWERUSDT | spread=135.99bps | dir=SHORT_LAGGER | bid_ask=-149.89bps ask_bid=135.99bps | leader=binance_futures lagger=gate_futures direction=SHORT_LAGGER bid_ask=-149.89 ask_bid=135.99
2026-02-27T16:30:04.020305Z  INFO lead_lag_classic signal #2956: SAHARAUSDT | spread=192.23bps | dir=SHORT_LAGGER | bid_ask=-201.01bps ask_bid=192.23bps | leader=binance_futures lagger=gate_futures direction=SHORT_LAGGER bid_ask=-201.01 ask_bid=192.23
2026-02-27T16:30:04.675863Z  INFO lead_lag_classic signal #2957: ATHUSDT | spread=52.55bps | dir=SHORT_LAGGER | bid_ask=-75.76bps ask_bid=52.55bps | leader=binance_futures lagger=gate_futures direction=SHORT_LAGGER bid_ask=-75.76 ask_bid=52.55
2026-02-27T16:30:04.675995Z  INFO lead_lag_classic signal #2958: ENSOUSDT | spread=74.30bps | dir=SHORT_LAGGER | bid_ask=-85.37bps ask_bid=74.30bps | leader=binance_futures lagger=gate_futures direction=SHORT_LAGGER bid_ask=-85.37 ask_bid=74.30
2026-02-27T16:30:04.676103Z  INFO lead_lag_classic signal #2959: POWERUSDT | spread=143.93bps | dir=SHORT_LAGGER | bid_ask=-163.82bps ask_bid=143.93bps | leader=binance_futures lagger=gate_futures direction=SHORT_LAGGER bid_ask=-163.82 ask_bid=143.93
2026-02-27T16:30:04.676187Z  INFO lead_lag_classic signal #2960: SAHARAUSDT | spread=192.39bps | dir=SHORT_LAGGER | bid_ask=-201.17bps ask_bid=192.39bps | leader=binance_futures lagger=gate_futures direction=SHORT_LAGGER bid_ask=-201.17 ask_bid=192.39
2026-02-27T16:30:06.787683Z  INFO lead_lag_classic signal #2961: ENSOUSDT | spread=79.18bps | dir=SHORT_LAGGER | bid_ask=-88.13bps ask_bid=79.18bps | leader=binance_futures lagger=gate_futures direction=SHORT_LAGGER bid_ask=-88.13 ask_bid=79.18
2026-02-27T16:30:06.787768Z  INFO lead_lag_classic signal #2962: ESPUSDT | spread=36.30bps | dir=SHORT_LAGGER | bid_ask=-40.78bps ask_bid=36.30bps | leader=binance_futures lagger=gate_futures direction=SHORT_LAGGER bid_ask=-40.78 ask_bid=36.30
2026-02-27T16:30:06.787860Z  INFO lead_lag_classic signal #2963: POWERUSDT | spread=148.18bps | dir=SHORT_LAGGER | bid_ask=-160.19bps ask_bid=148.18bps | leader=binance_futures lagger=gate_futures direction=SHORT_LAGGER bid_ask=-160.19 ask_bid=148.18
2026-02-27T16:30:06.787921Z  INFO lead_lag_classic signal #2964: SAHARAUSDT | spread=187.79bps | dir=SHORT_LAGGER | bid_ask=-200.84bps ask_bid=187.79bps | leader=binance_futures lagger=gate_futures direction=SHORT_LAGGER bid_ask=-200.84 ask_bid=187.79
2026-02-27T16:30:06.987070Z  INFO lead_lag_classic signal #2965: ENSOUSDT | spread=79.88bps | dir=SHORT_LAGGER | bid_ask=-88.82bps ask_bid=79.88bps | leader=binance_futures lagger=gate_futures direction=SHORT_LAGGER bid_ask=-88.82 ask_bid=79.88
2026-02-27T16:30:06.987150Z  INFO lead_lag_classic signal #2966: ESPUSDT | spread=36.30bps | dir=SHORT_LAGGER | bid_ask=-40.78bps ask_bid=36.30bps | leader=binance_futures lagger=gate_futures direction=SHORT_LAGGER bid_ask=-40.78 ask_bid=36.30
2026-02-27T16:30:06.987237Z  INFO lead_lag_classic signal #2967: POWERUSDT | spread=153.12bps | dir=SHORT_LAGGER | bid_ask=-164.59bps ask_bid=153.12bps | leader=binance_futures lagger=gate_futures direction=SHORT_LAGGER bid_ask=-164.59 ask_bid=153.12
2026-02-27T16:30:06.987288Z  INFO lead_lag_classic signal #2968: SAHARAUSDT | spread=187.79bps | dir=SHORT_LAGGER | bid_ask=-200.84bps ask_bid=187.79bps | leader=binance_futures lagger=gate_futures direction=SHORT_LAGGER bid_ask=-200.84 ask_bid=187.79
2026-02-27T16:30:08.210944Z  INFO lead_lag_classic signal #2969: ATHUSDT | spread=47.36bps | dir=SHORT_LAGGER | bid_ask=-68.91bps ask_bid=47.36bps | leader=binance_futures lagger=gate_futures direction=SHORT_LAGGER bid_ask=-68.91 ask_bid=47.36
2026-02-27T16:30:08.211055Z  INFO lead_lag_classic signal #2970: ENSOUSDT | spread=77.77bps | dir=SHORT_LAGGER | bid_ask=-85.38bps ask_bid=77.77bps | leader=binance_futures lagger=gate_futures direction=SHORT_LAGGER bid_ask=-85.38 ask_bid=77.77
2026-02-27T16:30:08.211095Z  INFO lead_lag_classic signal #2971: ESPUSDT | spread=37.06bps | dir=SHORT_LAGGER | bid_ask=-38.46bps ask_bid=37.06bps | leader=binance_futures lagger=gate_futures direction=SHORT_LAGGER bid_ask=-38.46 ask_bid=37.06
2026-02-27T16:30:08.211192Z  INFO lead_lag_classic signal #2972: POWERUSDT | spread=129.27bps | dir=SHORT_LAGGER | bid_ask=-147.94bps ask_bid=129.27bps | leader=binance_futures lagger=gate_futures direction=SHORT_LAGGER bid_ask=-147.94 ask_bid=129.27
2026-02-27T16:30:08.211257Z  INFO lead_lag_classic signal #2973: SAHARAUSDT | spread=170.14bps | dir=SHORT_LAGGER | bid_ask=-183.79bps ask_bid=170.14bps | leader=binance_futures lagger=gate_futures direction=SHORT_LAGGER bid_ask=-183.79 ask_bid=170.14
2026-02-27T16:30:08.211788Z  INFO Status: tickers=124564 (+963/5s) signals=2973 drift=[n=963 avg=207ms p50=173ms p95=500ms p99=899ms max=1263ms]
2026-02-27T16:30:09.583805Z  INFO flushed 28 trades to db
2026-02-27T16:30:09.764481Z  INFO lead_lag_classic signal #2974: ENSOUSDT | spread=78.46bps | dir=SHORT_LAGGER | bid_ask=-84.69bps ask_bid=78.46bps | leader=binance_futures lagger=gate_futures direction=SHORT_LAGGER bid_ask=-84.69 ask_bid=78.46
2026-02-27T16:30:09.764584Z  INFO lead_lag_classic signal #2975: ESPUSDT | spread=34.74bps | dir=SHORT_LAGGER | bid_ask=-40.75bps ask_bid=34.74bps | leader=binance_futures lagger=gate_futures direction=SHORT_LAGGER bid_ask=-40.75 ask_bid=34.74
2026-02-27T16:30:09.764685Z  INFO lead_lag_classic signal #2976: POWERUSDT | spread=156.22bps | dir=SHORT_LAGGER | bid_ask=-169.16bps ask_bid=156.22bps | leader=binance_futures lagger=gate_futures direction=SHORT_LAGGER bid_ask=-169.16 ask_bid=156.22
2026-02-27T16:30:09.764740Z  INFO lead_lag_classic signal #2977: SAHARAUSDT | spread=187.31bps | dir=SHORT_LAGGER | bid_ask=-196.24bps ask_bid=187.31bps | leader=binance_futures lagger=gate_futures direction=SHORT_LAGGER bid_ask=-196.24 ask_bid=187.31
2026-02-27T16:30:09.947990Z  INFO lead_lag_classic signal #2978: ENSOUSDT | spread=78.46bps | dir=SHORT_LAGGER | bid_ask=-84.69bps ask_bid=78.46bps | leader=binance_futures lagger=gate_futures direction=SHORT_LAGGER bid_ask=-84.69 ask_bid=78.46
2026-02-27T16:30:09.948116Z  INFO lead_lag_classic signal #2979: POWERUSDT | spread=147.55bps | dir=SHORT_LAGGER | bid_ask=-161.15bps ask_bid=147.55bps | leader=binance_futures lagger=gate_futures direction=SHORT_LAGGER bid_ask=-161.15 ask_bid=147.55
2026-02-27T16:30:09.948184Z  INFO lead_lag_classic signal #2980: SAHARAUSDT | spread=182.98bps | dir=SHORT_LAGGER | bid_ask=-192.07bps ask_bid=182.98bps | leader=binance_futures lagger=gate_futures direction=SHORT_LAGGER bid_ask=-192.07 ask_bid=182.98
2026-02-27T16:30:10.608192Z  INFO lead_lag_classic signal #2981: ATHUSDT | spread=43.96bps | dir=SHORT_LAGGER | bid_ask=-62.18bps ask_bid=43.96bps | leader=binance_futures lagger=gate_futures direction=SHORT_LAGGER bid_ask=-62.18 ask_bid=43.96
2026-02-27T16:30:10.608304Z  INFO lead_lag_classic signal #2982: ESPUSDT | spread=37.83bps | dir=SHORT_LAGGER | bid_ask=-40.75bps ask_bid=37.83bps | leader=binance_futures lagger=gate_futures direction=SHORT_LAGGER bid_ask=-40.75 ask_bid=37.83
2026-02-27T16:30:10.608427Z  INFO lead_lag_classic signal #2983: POWERUSDT | spread=135.92bps | dir=SHORT_LAGGER | bid_ask=-152.32bps ask_bid=135.92bps | leader=binance_futures lagger=gate_futures direction=SHORT_LAGGER bid_ask=-152.32 ask_bid=135.92
2026-02-27T16:30:10.608492Z  INFO lead_lag_classic signal #2984: SAHARAUSDT | spread=191.33bps | dir=SHORT_LAGGER | bid_ask=-204.25bps ask_bid=191.33bps | leader=binance_futures lagger=gate_futures direction=SHORT_LAGGER bid_ask=-204.25 ask_bid=191.33
2026-02-27T16:30:10.812037Z  INFO lead_lag_classic signal #2985: ESPUSDT | spread=37.83bps | dir=SHORT_LAGGER | bid_ask=-40.75bps ask_bid=37.83bps | leader=binance_futures lagger=gate_futures direction=SHORT_LAGGER bid_ask=-40.75 ask_bid=37.83
2026-02-27T16:30:10.812151Z  INFO lead_lag_classic signal #2986: POWERUSDT | spread=145.27bps | dir=SHORT_LAGGER | bid_ask=-162.11bps ask_bid=145.27bps | leader=binance_futures lagger=gate_futures direction=SHORT_LAGGER bid_ask=-162.11 ask_bid=145.27
2026-02-27T16:30:10.812224Z  INFO lead_lag_classic signal #2987: SAHARAUSDT | spread=191.33bps | dir=SHORT_LAGGER | bid_ask=-204.25bps ask_bid=191.33bps | leader=binance_futures lagger=gate_futures direction=SHORT_LAGGER bid_ask=-204.25 ask_bid=191.33
2026-02-27T16:30:11.410842Z  INFO lead_lag_classic signal #2988: ATHUSDT | spread=42.27bps | dir=SHORT_LAGGER | bid_ask=-62.18bps ask_bid=42.27bps | leader=binance_futures lagger=gate_futures direction=SHORT_LAGGER bid_ask=-62.18 ask_bid=42.27
2026-02-27T16:30:11.410946Z  INFO lead_lag_classic signal #2989: ENSOUSDT | spread=76.36bps | dir=SHORT_LAGGER | bid_ask=-83.99bps ask_bid=76.36bps | leader=binance_futures lagger=gate_futures direction=SHORT_LAGGER bid_ask=-83.99 ask_bid=76.36
2026-02-27T16:30:11.411000Z  INFO lead_lag_classic signal #2990: ESPUSDT | spread=37.83bps | dir=SHORT_LAGGER | bid_ask=-40.75bps ask_bid=37.83bps | leader=binance_futures lagger=gate_futures direction=SHORT_LAGGER bid_ask=-40.75 ask_bid=37.83
2026-02-27T16:30:11.411096Z  INFO lead_lag_classic signal #2991: POWERUSDT | spread=142.05bps | dir=SHORT_LAGGER | bid_ask=-158.38bps ask_bid=142.05bps | leader=binance_futures lagger=gate_futures direction=SHORT_LAGGER bid_ask=-158.38 ask_bid=142.05
2026-02-27T16:30:11.411151Z  INFO lead_lag_classic signal #2992: SAHARAUSDT | spread=191.33bps | dir=SHORT_LAGGER | bid_ask=-200.08bps ask_bid=191.33bps | leader=binance_futures lagger=gate_futures direction=SHORT_LAGGER bid_ask=-200.08 ask_bid=191.33
2026-02-27T16:30:12.092103Z  INFO lead_lag_classic signal #2993: ENSOUSDT | spread=76.36bps | dir=SHORT_LAGGER | bid_ask=-83.99bps ask_bid=76.36bps | leader=binance_futures lagger=gate_futures direction=SHORT_LAGGER bid_ask=-83.99 ask_bid=76.36
2026-02-27T16:30:12.092238Z  INFO lead_lag_classic signal #2994: POWERUSDT | spread=141.39bps | dir=SHORT_LAGGER | bid_ask=-157.73bps ask_bid=141.39bps | leader=binance_futures lagger=gate_futures direction=SHORT_LAGGER bid_ask=-157.73 ask_bid=141.39
2026-02-27T16:30:12.092299Z  INFO lead_lag_classic signal #2995: SAHARAUSDT | spread=182.90bps | dir=SHORT_LAGGER | bid_ask=-191.99bps ask_bid=182.90bps | leader=binance_futures lagger=gate_futures direction=SHORT_LAGGER bid_ask=-191.99 ask_bid=182.90
2026-02-27T16:30:13.131552Z  INFO flushed 24 trades to db
2026-02-27T16:30:13.370300Z  INFO lead_lag_classic signal #2996: ATHUSDT | spread=35.48bps | dir=SHORT_LAGGER | bid_ask=-55.46bps ask_bid=35.48bps | leader=binance_futures lagger=gate_futures direction=SHORT_LAGGER bid_ask=-55.46 ask_bid=35.48
2026-02-27T16:30:13.370411Z  INFO lead_lag_classic signal #2997: ESPUSDT | spread=38.60bps | dir=SHORT_LAGGER | bid_ask=-43.81bps ask_bid=38.60bps | leader=binance_futures lagger=gate_futures direction=SHORT_LAGGER bid_ask=-43.81 ask_bid=38.60
2026-02-27T16:30:13.370504Z  INFO lead_lag_classic signal #2998: POWERUSDT | spread=140.22bps | dir=SHORT_LAGGER | bid_ask=-163.39bps ask_bid=140.22bps | leader=binance_futures lagger=gate_futures direction=SHORT_LAGGER bid_ask=-163.39 ask_bid=140.22
2026-02-27T16:30:13.370567Z  INFO lead_lag_classic signal #2999: SAHARAUSDT | spread=187.15bps | dir=SHORT_LAGGER | bid_ask=-196.08bps ask_bid=187.15bps | leader=binance_futures lagger=gate_futures direction=SHORT_LAGGER bid_ask=-196.08 ask_bid=187.15
2026-02-27T16:30:13.370989Z  INFO Status: tickers=125386 (+822/5s) signals=2999 drift=[n=822 avg=199ms p50=160ms p95=510ms p99=769ms max=971ms]
2026-02-27T16:30:13.635569Z  INFO lead_lag_classic signal #3000: ATHUSDT | spread=35.48bps | dir=SHORT_LAGGER | bid_ask=-55.46bps ask_bid=35.48bps | leader=binance_futures lagger=gate_futures direction=SHORT_LAGGER bid_ask=-55.46 ask_bid=35.48
2026-02-27T16:30:13.635666Z  INFO lead_lag_classic signal #3001: ENSOUSDT | spread=79.85bps | dir=SHORT_LAGGER | bid_ask=-86.05bps ask_bid=79.85bps | leader=binance_futures lagger=gate_futures direction=SHORT_LAGGER bid_ask=-86.05 ask_bid=79.85
2026-02-27T16:30:13.635712Z  INFO lead_lag_classic signal #3002: ESPUSDT | spread=37.05bps | dir=SHORT_LAGGER | bid_ask=-42.27bps ask_bid=37.05bps | leader=binance_futures lagger=gate_futures direction=SHORT_LAGGER bid_ask=-42.27 ask_bid=37.05
2026-02-27T16:30:13.635779Z  INFO lead_lag_classic signal #3003: POWERUSDT | spread=142.53bps | dir=SHORT_LAGGER | bid_ask=-161.02bps ask_bid=142.53bps | leader=binance_futures lagger=gate_futures direction=SHORT_LAGGER bid_ask=-161.02 ask_bid=142.53
2026-02-27T16:30:13.635824Z  INFO lead_lag_classic signal #3004: SAHARAUSDT | spread=191.49bps | dir=SHORT_LAGGER | bid_ask=-200.25bps ask_bid=191.49bps | leader=binance_futures lagger=gate_futures direction=SHORT_LAGGER bid_ask=-200.25 ask_bid=191.49
2026-02-27T16:30:14.926404Z  INFO lead_lag_classic signal #3005: ATHUSDT | spread=32.09bps | dir=SHORT_LAGGER | bid_ask=-52.10bps ask_bid=32.09bps | leader=binance_futures lagger=gate_futures direction=SHORT_LAGGER bid_ask=-52.10 ask_bid=32.09
2026-02-27T16:30:14.926513Z  INFO lead_lag_classic signal #3006: ENSOUSDT | spread=81.24bps | dir=SHORT_LAGGER | bid_ask=-86.74bps ask_bid=81.24bps | leader=binance_futures lagger=gate_futures direction=SHORT_LAGGER bid_ask=-86.74 ask_bid=81.24
2026-02-27T16:30:14.926562Z  INFO lead_lag_classic signal #3007: ESPUSDT | spread=37.82bps | dir=SHORT_LAGGER | bid_ask=-42.27bps ask_bid=37.82bps | leader=binance_futures lagger=gate_futures direction=SHORT_LAGGER bid_ask=-42.27 ask_bid=37.82
2026-02-27T16:30:14.926645Z  INFO lead_lag_classic signal #3008: POWERUSDT | spread=142.09bps | dir=SHORT_LAGGER | bid_ask=-159.07bps ask_bid=142.09bps | leader=binance_futures lagger=gate_futures direction=SHORT_LAGGER bid_ask=-159.07 ask_bid=142.09
2026-02-27T16:30:14.926707Z  INFO lead_lag_classic signal #3009: SAHARAUSDT | spread=182.67bps | dir=SHORT_LAGGER | bid_ask=-195.83bps ask_bid=182.67bps | leader=binance_futures lagger=gate_futures direction=SHORT_LAGGER bid_ask=-195.83 ask_bid=182.67
2026-02-27T16:30:15.696982Z  INFO lead_lag_classic signal #3010: ATHUSDT | spread=32.09bps | dir=SHORT_LAGGER | bid_ask=-68.79bps ask_bid=32.09bps | leader=binance_futures lagger=gate_futures direction=SHORT_LAGGER bid_ask=-68.79 ask_bid=32.09
2026-02-27T16:30:15.697080Z  INFO lead_lag_classic signal #3011: ENSOUSDT | spread=81.24bps | dir=SHORT_LAGGER | bid_ask=-86.74bps ask_bid=81.24bps | leader=binance_futures lagger=gate_futures direction=SHORT_LAGGER bid_ask=-86.74 ask_bid=81.24
2026-02-27T16:30:15.697119Z  INFO lead_lag_classic signal #3012: ESPUSDT | spread=35.50bps | dir=SHORT_LAGGER | bid_ask=-40.74bps ask_bid=35.50bps | leader=binance_futures lagger=gate_futures direction=SHORT_LAGGER bid_ask=-40.74 ask_bid=35.50
2026-02-27T16:30:15.697207Z  INFO lead_lag_classic signal #3013: POWERUSDT | spread=136.77bps | dir=SHORT_LAGGER | bid_ask=-148.33bps ask_bid=136.77bps | leader=binance_futures lagger=gate_futures direction=SHORT_LAGGER bid_ask=-148.33 ask_bid=136.77
2026-02-27T16:30:15.697283Z  INFO lead_lag_classic signal #3014: SAHARAUSDT | spread=178.42bps | dir=SHORT_LAGGER | bid_ask=-191.75bps ask_bid=178.42bps | leader=binance_futures lagger=gate_futures direction=SHORT_LAGGER bid_ask=-191.75 ask_bid=178.42
2026-02-27T16:30:16.031682Z  INFO lead_lag_classic signal #3015: ATHUSDT | spread=42.19bps | dir=SHORT_LAGGER | bid_ask=-63.76bps ask_bid=42.19bps | leader=binance_futures lagger=gate_futures direction=SHORT_LAGGER bid_ask=-63.76 ask_bid=42.19
2026-02-27T16:30:16.031782Z  INFO lead_lag_classic signal #3016: ESPUSDT | spread=35.50bps | dir=SHORT_LAGGER | bid_ask=-43.04bps ask_bid=35.50bps | leader=binance_futures lagger=gate_futures direction=SHORT_LAGGER bid_ask=-43.04 ask_bid=35.50
2026-02-27T16:30:16.031873Z  INFO lead_lag_classic signal #3017: POWERUSDT | spread=141.07bps | dir=SHORT_LAGGER | bid_ask=-153.52bps ask_bid=141.07bps | leader=binance_futures lagger=gate_futures direction=SHORT_LAGGER bid_ask=-153.52 ask_bid=141.07
2026-02-27T16:30:16.031935Z  INFO lead_lag_classic signal #3018: SAHARAUSDT | spread=182.59bps | dir=SHORT_LAGGER | bid_ask=-187.58bps ask_bid=182.59bps | leader=binance_futures lagger=gate_futures direction=SHORT_LAGGER bid_ask=-187.58 ask_bid=182.59
2026-02-27T16:30:17.834482Z  INFO lead_lag_classic signal #3019: POWERUSDT | spread=139.58bps | dir=SHORT_LAGGER | bid_ask=-166.38bps ask_bid=139.58bps | leader=binance_futures lagger=gate_futures direction=SHORT_LAGGER bid_ask=-166.38 ask_bid=139.58
2026-02-27T16:30:17.834582Z  INFO lead_lag_classic signal #3020: SAHARAUSDT | spread=178.34bps | dir=SHORT_LAGGER | bid_ask=-187.58bps ask_bid=178.34bps | leader=binance_futures lagger=gate_futures direction=SHORT_LAGGER bid_ask=-187.58 ask_bid=178.34
2026-02-27T16:30:18.426608Z  INFO lead_lag_classic signal #3021: ENSOUSDT | spread=81.22bps | dir=SHORT_LAGGER | bid_ask=-84.67bps ask_bid=81.22bps | leader=binance_futures lagger=gate_futures direction=SHORT_LAGGER bid_ask=-84.67 ask_bid=81.22
2026-02-27T16:30:18.426698Z  INFO lead_lag_classic signal #3022: ESPUSDT | spread=38.60bps | dir=SHORT_LAGGER | bid_ask=-43.04bps ask_bid=38.60bps | leader=binance_futures lagger=gate_futures direction=SHORT_LAGGER bid_ask=-43.04 ask_bid=38.60
2026-02-27T16:30:18.426794Z  INFO lead_lag_classic signal #3023: POWERUSDT | spread=142.74bps | dir=SHORT_LAGGER | bid_ask=-162.29bps ask_bid=142.74bps | leader=binance_futures lagger=gate_futures direction=SHORT_LAGGER bid_ask=-162.29 ask_bid=142.74
2026-02-27T16:30:18.426859Z  INFO lead_lag_classic signal #3024: SAHARAUSDT | spread=182.59bps | dir=SHORT_LAGGER | bid_ask=-191.67bps ask_bid=182.59bps | leader=binance_futures lagger=gate_futures direction=SHORT_LAGGER bid_ask=-191.67 ask_bid=182.59
2026-02-27T16:30:18.427259Z  INFO Status: tickers=126203 (+817/5s) signals=3024 drift=[n=817 avg=176ms p50=149ms p95=408ms p99=700ms max=901ms]
2026-02-27T16:30:18.649346Z  INFO lead_lag_classic signal #3025: ENSOUSDT | spread=81.22bps | dir=SHORT_LAGGER | bid_ask=-84.67bps ask_bid=81.22bps | leader=binance_futures lagger=gate_futures direction=SHORT_LAGGER bid_ask=-84.67 ask_bid=81.22
2026-02-27T16:30:18.649422Z  INFO lead_lag_classic signal #3026: ESPUSDT | spread=38.60bps | dir=SHORT_LAGGER | bid_ask=-43.04bps ask_bid=38.60bps | leader=binance_futures lagger=gate_futures direction=SHORT_LAGGER bid_ask=-43.04 ask_bid=38.60
2026-02-27T16:30:18.649507Z  INFO lead_lag_classic signal #3027: POWERUSDT | spread=139.70bps | dir=SHORT_LAGGER | bid_ask=-158.82bps ask_bid=139.70bps | leader=binance_futures lagger=gate_futures direction=SHORT_LAGGER bid_ask=-158.82 ask_bid=139.70
2026-02-27T16:30:18.649564Z  INFO lead_lag_classic signal #3028: SAHARAUSDT | spread=182.59bps | dir=SHORT_LAGGER | bid_ask=-191.67bps ask_bid=182.59bps | leader=binance_futures lagger=gate_futures direction=SHORT_LAGGER bid_ask=-191.67 ask_bid=182.59
2026-02-27T16:30:19.752368Z  INFO lead_lag_classic signal #3029: ENSOUSDT | spread=81.92bps | dir=SHORT_LAGGER | bid_ask=-84.67bps ask_bid=81.92bps | leader=binance_futures lagger=gate_futures direction=SHORT_LAGGER bid_ask=-84.67 ask_bid=81.92
2026-02-27T16:30:22.173453Z  INFO lead_lag_classic signal #3030: ATHUSDT | spread=37.17bps | dir=SHORT_LAGGER | bid_ask=-55.46bps ask_bid=37.17bps | leader=binance_futures lagger=gate_futures direction=SHORT_LAGGER bid_ask=-55.46 ask_bid=37.17
2026-02-27T16:30:22.577218Z  INFO lead_lag_classic signal #3031: ATHUSDT | spread=37.17bps | dir=SHORT_LAGGER | bid_ask=-55.46bps ask_bid=37.17bps | leader=binance_futures lagger=gate_futures direction=SHORT_LAGGER bid_ask=-55.46 ask_bid=37.17
2026-02-27T16:30:22.577322Z  INFO lead_lag_classic signal #3032: ESPUSDT | spread=38.60bps | dir=SHORT_LAGGER | bid_ask=-43.04bps ask_bid=38.60bps | leader=binance_futures lagger=gate_futures direction=SHORT_LAGGER bid_ask=-43.04 ask_bid=38.60
2026-02-27T16:30:22.577413Z  INFO lead_lag_classic signal #3033: POWERUSDT | spread=156.97bps | dir=SHORT_LAGGER | bid_ask=-166.79bps ask_bid=156.97bps | leader=binance_futures lagger=gate_futures direction=SHORT_LAGGER bid_ask=-166.79 ask_bid=156.97
2026-02-27T16:30:22.577470Z  INFO lead_lag_classic signal #3034: SAHARAUSDT | spread=186.76bps | dir=SHORT_LAGGER | bid_ask=-199.83bps ask_bid=186.76bps | leader=binance_futures lagger=gate_futures direction=SHORT_LAGGER bid_ask=-199.83 ask_bid=186.76
2026-02-27T16:30:23.228000Z  INFO lead_lag_classic signal #3035: ENSOUSDT | spread=72.20bps | dir=SHORT_LAGGER | bid_ask=-85.36bps ask_bid=72.20bps | leader=binance_futures lagger=gate_futures direction=SHORT_LAGGER bid_ask=-85.36 ask_bid=72.20
2026-02-27T16:30:23.228085Z  INFO lead_lag_classic signal #3036: ESPUSDT | spread=38.60bps | dir=SHORT_LAGGER | bid_ask=-43.04bps ask_bid=38.60bps | leader=binance_futures lagger=gate_futures direction=SHORT_LAGGER bid_ask=-43.04 ask_bid=38.60
2026-02-27T16:30:24.578987Z  INFO flushed 2 trades to db
2026-02-27T16:30:24.786110Z  INFO Status: tickers=127245 (+1042/5s) signals=3036 drift=[n=1042 avg=179ms p50=149ms p95=458ms p99=779ms max=1358ms]
2026-02-27T16:30:25.284400Z  INFO lead_lag_classic signal #3037: ENSOUSDT | spread=74.29bps | dir=SHORT_LAGGER | bid_ask=-86.05bps ask_bid=74.29bps | leader=binance_futures lagger=gate_futures direction=SHORT_LAGGER bid_ask=-86.05 ask_bid=74.29
2026-02-27T16:30:25.284495Z  INFO lead_lag_classic signal #3038: ESPUSDT | spread=36.27bps | dir=SHORT_LAGGER | bid_ask=-42.27bps ask_bid=36.27bps | leader=binance_futures lagger=gate_futures direction=SHORT_LAGGER bid_ask=-42.27 ask_bid=36.27
2026-02-27T16:30:25.284606Z  INFO lead_lag_classic signal #3039: POWERUSDT | spread=148.33bps | dir=SHORT_LAGGER | bid_ask=-164.91bps ask_bid=148.33bps | leader=binance_futures lagger=gate_futures direction=SHORT_LAGGER bid_ask=-164.91 ask_bid=148.33
2026-02-27T16:30:25.284672Z  INFO lead_lag_classic signal #3040: SAHARAUSDT | spread=182.59bps | dir=SHORT_LAGGER | bid_ask=-191.67bps ask_bid=182.59bps | leader=binance_futures lagger=gate_futures direction=SHORT_LAGGER bid_ask=-191.67 ask_bid=182.59
2026-02-27T16:30:25.496089Z  INFO lead_lag_classic signal #3041: ESPUSDT | spread=36.27bps | dir=SHORT_LAGGER | bid_ask=-42.27bps ask_bid=36.27bps | leader=binance_futures lagger=gate_futures direction=SHORT_LAGGER bid_ask=-42.27 ask_bid=36.27
2026-02-27T16:30:25.496235Z  INFO lead_lag_classic signal #3042: POWERUSDT | spread=147.65bps | dir=SHORT_LAGGER | bid_ask=-163.07bps ask_bid=147.65bps | leader=binance_futures lagger=gate_futures direction=SHORT_LAGGER bid_ask=-163.07 ask_bid=147.65
2026-02-27T16:30:25.496310Z  INFO lead_lag_classic signal #3043: SAHARAUSDT | spread=182.59bps | dir=SHORT_LAGGER | bid_ask=-191.67bps ask_bid=182.59bps | leader=binance_futures lagger=gate_futures direction=SHORT_LAGGER bid_ask=-191.67 ask_bid=182.59
2026-02-27T16:30:25.677375Z  INFO lead_lag_classic signal #3044: ESPUSDT | spread=36.27bps | dir=SHORT_LAGGER | bid_ask=-42.27bps ask_bid=36.27bps | leader=binance_futures lagger=gate_futures direction=SHORT_LAGGER bid_ask=-42.27 ask_bid=36.27
2026-02-27T16:30:25.677503Z  INFO lead_lag_classic signal #3045: POWERUSDT | spread=146.29bps | dir=SHORT_LAGGER | bid_ask=-161.76bps ask_bid=146.29bps | leader=binance_futures lagger=gate_futures direction=SHORT_LAGGER bid_ask=-161.76 ask_bid=146.29
2026-02-27T16:30:25.677557Z  INFO lead_lag_classic signal #3046: SAHARAUSDT | spread=186.92bps | dir=SHORT_LAGGER | bid_ask=-195.83bps ask_bid=186.92bps | leader=binance_futures lagger=gate_futures direction=SHORT_LAGGER bid_ask=-195.83 ask_bid=186.92
2026-02-27T16:30:26.001930Z  INFO lead_lag_classic signal #3047: ENSOUSDT | spread=77.08bps | dir=SHORT_LAGGER | bid_ask=-87.43bps ask_bid=77.08bps | leader=binance_futures lagger=gate_futures direction=SHORT_LAGGER bid_ask=-87.43 ask_bid=77.08
2026-02-27T16:30:26.002007Z  INFO lead_lag_classic signal #3048: ESPUSDT | spread=33.18bps | dir=SHORT_LAGGER | bid_ask=-41.50bps ask_bid=33.18bps | leader=binance_futures lagger=gate_futures direction=SHORT_LAGGER bid_ask=-41.50 ask_bid=33.18
2026-02-27T16:30:26.475164Z  INFO lead_lag_classic signal #3049: ENSOUSDT | spread=77.78bps | dir=SHORT_LAGGER | bid_ask=-88.12bps ask_bid=77.78bps | leader=binance_futures lagger=gate_futures direction=SHORT_LAGGER bid_ask=-88.12 ask_bid=77.78
2026-02-27T16:30:26.475297Z  INFO lead_lag_classic signal #3050: POWERUSDT | spread=138.47bps | dir=SHORT_LAGGER | bid_ask=-159.38bps ask_bid=138.47bps | leader=binance_futures lagger=gate_futures direction=SHORT_LAGGER bid_ask=-159.38 ask_bid=138.47
2026-02-27T16:30:26.475366Z  INFO lead_lag_classic signal #3051: SAHARAUSDT | spread=182.75bps | dir=SHORT_LAGGER | bid_ask=-195.91bps ask_bid=182.75bps | leader=binance_futures lagger=gate_futures direction=SHORT_LAGGER bid_ask=-195.91 ask_bid=182.75
2026-02-27T16:30:27.339096Z  INFO lead_lag_classic signal #3052: ENSOUSDT | spread=78.48bps | dir=SHORT_LAGGER | bid_ask=-88.12bps ask_bid=78.48bps | leader=binance_futures lagger=gate_futures direction=SHORT_LAGGER bid_ask=-88.12 ask_bid=78.48
2026-02-27T16:30:27.573722Z  INFO lead_lag_classic signal #3053: ENSOUSDT | spread=78.48bps | dir=SHORT_LAGGER | bid_ask=-88.12bps ask_bid=78.48bps | leader=binance_futures lagger=gate_futures direction=SHORT_LAGGER bid_ask=-88.12 ask_bid=78.48
2026-02-27T16:30:27.573812Z  INFO lead_lag_classic signal #3054: ESPUSDT | spread=34.73bps | dir=SHORT_LAGGER | bid_ask=-43.81bps ask_bid=34.73bps | leader=binance_futures lagger=gate_futures direction=SHORT_LAGGER bid_ask=-43.81 ask_bid=34.73
2026-02-27T16:30:27.573899Z  INFO lead_lag_classic signal #3055: POWERUSDT | spread=144.16bps | dir=SHORT_LAGGER | bid_ask=-152.24bps ask_bid=144.16bps | leader=binance_futures lagger=gate_futures direction=SHORT_LAGGER bid_ask=-152.24 ask_bid=144.16
2026-02-27T16:30:27.573956Z  INFO lead_lag_classic signal #3056: SAHARAUSDT | spread=182.75bps | dir=SHORT_LAGGER | bid_ask=-195.91bps ask_bid=182.75bps | leader=binance_futures lagger=gate_futures direction=SHORT_LAGGER bid_ask=-195.91 ask_bid=182.75
2026-02-27T16:30:27.766543Z  INFO lead_lag_classic signal #3057: ESPUSDT | spread=34.73bps | dir=SHORT_LAGGER | bid_ask=-43.81bps ask_bid=34.73bps | leader=binance_futures lagger=gate_futures direction=SHORT_LAGGER bid_ask=-43.81 ask_bid=34.73
2026-02-27T16:30:27.766667Z  INFO lead_lag_classic signal #3058: POWERUSDT | spread=143.76bps | dir=SHORT_LAGGER | bid_ask=-151.26bps ask_bid=143.76bps | leader=binance_futures lagger=gate_futures direction=SHORT_LAGGER bid_ask=-151.26 ask_bid=143.76
2026-02-27T16:30:27.766721Z  INFO lead_lag_classic signal #3059: SAHARAUSDT | spread=182.75bps | dir=SHORT_LAGGER | bid_ask=-195.91bps ask_bid=182.75bps | leader=binance_futures lagger=gate_futures direction=SHORT_LAGGER bid_ask=-195.91 ask_bid=182.75
2026-02-27T16:30:28.175696Z  INFO lead_lag_classic signal #3060: ESPUSDT | spread=34.73bps | dir=SHORT_LAGGER | bid_ask=-43.81bps ask_bid=34.73bps | leader=binance_futures lagger=gate_futures direction=SHORT_LAGGER bid_ask=-43.81 ask_bid=34.73
2026-02-27T16:30:28.175825Z  INFO lead_lag_classic signal #3061: POWERUSDT | spread=143.62bps | dir=SHORT_LAGGER | bid_ask=-152.24bps ask_bid=143.62bps | leader=binance_futures lagger=gate_futures direction=SHORT_LAGGER bid_ask=-152.24 ask_bid=143.62
2026-02-27T16:30:28.175880Z  INFO lead_lag_classic signal #3062: SAHARAUSDT | spread=182.75bps | dir=SHORT_LAGGER | bid_ask=-195.91bps ask_bid=182.75bps | leader=binance_futures lagger=gate_futures direction=SHORT_LAGGER bid_ask=-195.91 ask_bid=182.75
2026-02-27T16:30:28.347492Z  INFO lead_lag_classic signal #3063: POWERUSDT | spread=143.62bps | dir=SHORT_LAGGER | bid_ask=-152.18bps ask_bid=143.62bps | leader=binance_futures lagger=gate_futures direction=SHORT_LAGGER bid_ask=-152.18 ask_bid=143.62
2026-02-27T16:30:28.347574Z  INFO lead_lag_classic signal #3064: SAHARAUSDT | spread=191.41bps | dir=SHORT_LAGGER | bid_ask=-204.25bps ask_bid=191.41bps | leader=binance_futures lagger=gate_futures direction=SHORT_LAGGER bid_ask=-204.25 ask_bid=191.41
2026-02-27T16:30:28.707579Z  INFO flushed 2 trades to db
2026-02-27T16:30:28.933395Z  INFO lead_lag_classic signal #3065: ENSOUSDT | spread=79.17bps | dir=SHORT_LAGGER | bid_ask=-88.12bps ask_bid=79.17bps | leader=binance_futures lagger=gate_futures direction=SHORT_LAGGER bid_ask=-88.12 ask_bid=79.17
2026-02-27T16:30:28.933480Z  INFO lead_lag_classic signal #3066: ESPUSDT | spread=37.05bps | dir=SHORT_LAGGER | bid_ask=-43.81bps ask_bid=37.05bps | leader=binance_futures lagger=gate_futures direction=SHORT_LAGGER bid_ask=-43.81 ask_bid=37.05
2026-02-27T16:30:28.933589Z  INFO lead_lag_classic signal #3067: SAHARAUSDT | spread=187.15bps | dir=SHORT_LAGGER | bid_ask=-200.17bps ask_bid=187.15bps | leader=binance_futures lagger=gate_futures direction=SHORT_LAGGER bid_ask=-200.17 ask_bid=187.15
2026-02-27T16:30:29.106030Z  INFO lead_lag_classic signal #3068: ESPUSDT | spread=33.97bps | dir=SHORT_LAGGER | bid_ask=-41.52bps ask_bid=33.97bps | leader=binance_futures lagger=gate_futures direction=SHORT_LAGGER bid_ask=-41.52 ask_bid=33.97
2026-02-27T16:30:29.106157Z  INFO lead_lag_classic signal #3069: SAHARAUSDT | spread=182.90bps | dir=SHORT_LAGGER | bid_ask=-196.08bps ask_bid=182.90bps | leader=binance_futures lagger=gate_futures direction=SHORT_LAGGER bid_ask=-196.08 ask_bid=182.90
2026-02-27T16:30:30.794563Z  INFO lead_lag_classic signal #3070: ENSOUSDT | spread=79.87bps | dir=SHORT_LAGGER | bid_ask=-88.12bps ask_bid=79.87bps | leader=binance_futures lagger=gate_futures direction=SHORT_LAGGER bid_ask=-88.12 ask_bid=79.87
2026-02-27T16:30:30.794628Z  INFO lead_lag_classic signal #3071: ESPUSDT | spread=34.75bps | dir=SHORT_LAGGER | bid_ask=-40.76bps ask_bid=34.75bps | leader=binance_futures lagger=gate_futures direction=SHORT_LAGGER bid_ask=-40.76 ask_bid=34.75
2026-02-27T16:30:30.794723Z  INFO lead_lag_classic signal #3072: POWERUSDT | spread=140.85bps | dir=SHORT_LAGGER | bid_ask=-159.96bps ask_bid=140.85bps | leader=binance_futures lagger=gate_futures direction=SHORT_LAGGER bid_ask=-159.96 ask_bid=140.85
2026-02-27T16:30:30.794785Z  INFO lead_lag_classic signal #3073: SAHARAUSDT | spread=191.57bps | dir=SHORT_LAGGER | bid_ask=-200.33bps ask_bid=191.57bps | leader=binance_futures lagger=gate_futures direction=SHORT_LAGGER bid_ask=-200.33 ask_bid=191.57
2026-02-27T16:30:30.795258Z  INFO Status: tickers=128180 (+935/5s) signals=3073 drift=[n=935 avg=203ms p50=161ms p95=619ms p99=979ms max=1511ms]
2026-02-27T16:30:31.208071Z  INFO lead_lag_classic signal #3074: ESPUSDT | spread=36.30bps | dir=SHORT_LAGGER | bid_ask=-42.30bps ask_bid=36.30bps | leader=binance_futures lagger=gate_futures direction=SHORT_LAGGER bid_ask=-42.30 ask_bid=36.30
2026-02-27T16:30:31.208219Z  INFO lead_lag_classic signal #3075: POWERUSDT | spread=139.36bps | dir=SHORT_LAGGER | bid_ask=-159.76bps ask_bid=139.36bps | leader=binance_futures lagger=gate_futures direction=SHORT_LAGGER bid_ask=-159.76 ask_bid=139.36
2026-02-27T16:30:31.208281Z  INFO lead_lag_classic signal #3076: SAHARAUSDT | spread=191.57bps | dir=SHORT_LAGGER | bid_ask=-200.33bps ask_bid=191.57bps | leader=binance_futures lagger=gate_futures direction=SHORT_LAGGER bid_ask=-200.33 ask_bid=191.57
2026-02-27T16:30:32.710987Z  INFO lead_lag_classic signal #3077: ATHUSDT | spread=42.27bps | dir=SHORT_LAGGER | bid_ask=-60.50bps ask_bid=42.27bps | leader=binance_futures lagger=gate_futures direction=SHORT_LAGGER bid_ask=-60.50 ask_bid=42.27
2026-02-27T16:30:32.711082Z  INFO lead_lag_classic signal #3078: BULLAUSDT | spread=51.28bps | dir=LONG_LAGGER | bid_ask=51.28bps ask_bid=-121.10bps | leader=binance_futures lagger=gate_futures direction=LONG_LAGGER bid_ask=51.28 ask_bid=-121.10
2026-02-27T16:30:32.711129Z  INFO lead_lag_classic signal #3079: ENSOUSDT | spread=80.56bps | dir=SHORT_LAGGER | bid_ask=-88.80bps ask_bid=80.56bps | leader=binance_futures lagger=gate_futures direction=SHORT_LAGGER bid_ask=-88.80 ask_bid=80.56
2026-02-27T16:30:32.711168Z  INFO lead_lag_classic signal #3080: ESPUSDT | spread=33.21bps | dir=SHORT_LAGGER | bid_ask=-41.53bps ask_bid=33.21bps | leader=binance_futures lagger=gate_futures direction=SHORT_LAGGER bid_ask=-41.53 ask_bid=33.21
2026-02-27T16:30:32.711269Z  INFO lead_lag_classic signal #3081: POWERUSDT | spread=135.19bps | dir=SHORT_LAGGER | bid_ask=-158.12bps ask_bid=135.19bps | leader=binance_futures lagger=gate_futures direction=SHORT_LAGGER bid_ask=-158.12 ask_bid=135.19
2026-02-27T16:30:32.711325Z  INFO lead_lag_classic signal #3082: SAHARAUSDT | spread=178.65bps | dir=SHORT_LAGGER | bid_ask=-191.99bps ask_bid=178.65bps | leader=binance_futures lagger=gate_futures direction=SHORT_LAGGER bid_ask=-191.99 ask_bid=178.65
2026-02-27T16:30:32.831135Z  INFO lead_lag_classic signal #3083: ENSOUSDT | spread=80.56bps | dir=SHORT_LAGGER | bid_ask=-88.80bps ask_bid=80.56bps | leader=binance_futures lagger=gate_futures direction=SHORT_LAGGER bid_ask=-88.80 ask_bid=80.56
2026-02-27T16:30:32.831408Z  INFO lead_lag_classic signal #3084: POWERUSDT | spread=135.40bps | dir=SHORT_LAGGER | bid_ask=-159.10bps ask_bid=135.40bps | leader=binance_futures lagger=gate_futures direction=SHORT_LAGGER bid_ask=-159.10 ask_bid=135.40
2026-02-27T16:30:32.831484Z  INFO lead_lag_classic signal #3085: SAHARAUSDT | spread=178.65bps | dir=SHORT_LAGGER | bid_ask=-191.99bps ask_bid=178.65bps | leader=binance_futures lagger=gate_futures direction=SHORT_LAGGER bid_ask=-191.99 ask_bid=178.65
2026-02-27T16:30:34.219646Z  INFO lead_lag_classic signal #3086: BULLAUSDT | spread=51.28bps | dir=LONG_LAGGER | bid_ask=51.28bps ask_bid=-121.10bps | leader=binance_futures lagger=gate_futures direction=LONG_LAGGER bid_ask=51.28 ask_bid=-121.10
2026-02-27T16:30:35.517532Z  INFO lead_lag_classic signal #3087: POWERUSDT | spread=142.54bps | dir=SHORT_LAGGER | bid_ask=-156.41bps ask_bid=142.54bps | leader=binance_futures lagger=gate_futures direction=SHORT_LAGGER bid_ask=-156.41 ask_bid=142.54
2026-02-27T16:30:35.798179Z  INFO lead_lag_classic signal #3088: ENSOUSDT | spread=79.14bps | dir=SHORT_LAGGER | bid_ask=-85.36bps ask_bid=79.14bps | leader=binance_futures lagger=gate_futures direction=SHORT_LAGGER bid_ask=-85.36 ask_bid=79.14
2026-02-27T16:30:35.798302Z  INFO lead_lag_classic signal #3089: POWERUSDT | spread=146.66bps | dir=SHORT_LAGGER | bid_ask=-151.93bps ask_bid=146.66bps | leader=binance_futures lagger=gate_futures direction=SHORT_LAGGER bid_ask=-151.93 ask_bid=146.66
2026-02-27T16:30:35.798376Z  INFO lead_lag_classic signal #3090: SAHARAUSDT | spread=182.59bps | dir=SHORT_LAGGER | bid_ask=-191.67bps ask_bid=182.59bps | leader=binance_futures lagger=gate_futures direction=SHORT_LAGGER bid_ask=-191.67 ask_bid=182.59
2026-02-27T16:30:35.798782Z  INFO Status: tickers=128997 (+817/5s) signals=3090 drift=[n=817 avg=191ms p50=145ms p95=499ms p99=991ms max=1515ms]
2026-02-27T16:30:36.291058Z  INFO lead_lag_classic signal #3091: ATHUSDT | spread=42.27bps | dir=SHORT_LAGGER | bid_ask=-62.18bps ask_bid=42.27bps | leader=binance_futures lagger=gate_futures direction=SHORT_LAGGER bid_ask=-62.18 ask_bid=42.27
2026-02-27T16:30:36.291226Z  INFO lead_lag_classic signal #3092: POWERUSDT | spread=145.91bps | dir=SHORT_LAGGER | bid_ask=-152.46bps ask_bid=145.91bps | leader=binance_futures lagger=gate_futures direction=SHORT_LAGGER bid_ask=-152.46 ask_bid=145.91
2026-02-27T16:30:36.291297Z  INFO lead_lag_classic signal #3093: SAHARAUSDT | spread=182.51bps | dir=SHORT_LAGGER | bid_ask=-191.59bps ask_bid=182.51bps | leader=binance_futures lagger=gate_futures direction=SHORT_LAGGER bid_ask=-191.59 ask_bid=182.51
2026-02-27T16:30:37.070777Z  INFO lead_lag_classic signal #3094: BULLAUSDT | spread=51.28bps | dir=LONG_LAGGER | bid_ask=51.28bps ask_bid=-121.10bps | leader=binance_futures lagger=gate_futures direction=LONG_LAGGER bid_ask=51.28 ask_bid=-121.10
2026-02-27T16:30:37.070869Z  INFO lead_lag_classic signal #3095: ENSOUSDT | spread=79.14bps | dir=SHORT_LAGGER | bid_ask=-84.67bps ask_bid=79.14bps | leader=binance_futures lagger=gate_futures direction=SHORT_LAGGER bid_ask=-84.67 ask_bid=79.14
2026-02-27T16:30:37.681574Z  INFO lead_lag_classic signal #3096: POWERUSDT | spread=146.89bps | dir=SHORT_LAGGER | bid_ask=-151.90bps ask_bid=146.89bps | leader=binance_futures lagger=gate_futures direction=SHORT_LAGGER bid_ask=-151.90 ask_bid=146.89
2026-02-27T16:30:37.681675Z  INFO lead_lag_classic signal #3097: SAHARAUSDT | spread=174.02bps | dir=SHORT_LAGGER | bid_ask=-187.50bps ask_bid=174.02bps | leader=binance_futures lagger=gate_futures direction=SHORT_LAGGER bid_ask=-187.50 ask_bid=174.02
2026-02-27T16:30:38.004786Z  INFO lead_lag_classic signal #3098: SAHARAUSDT | spread=169.71bps | dir=SHORT_LAGGER | bid_ask=-183.33bps ask_bid=169.71bps | leader=binance_futures lagger=gate_futures direction=SHORT_LAGGER bid_ask=-183.33 ask_bid=169.71
2026-02-27T16:30:39.152678Z  INFO lead_lag_classic signal #3099: ENSOUSDT | spread=74.30bps | dir=SHORT_LAGGER | bid_ask=-87.42bps ask_bid=74.30bps | leader=binance_futures lagger=gate_futures direction=SHORT_LAGGER bid_ask=-87.42 ask_bid=74.30
2026-02-27T16:30:39.152805Z  INFO lead_lag_classic signal #3100: POWERUSDT | spread=148.45bps | dir=SHORT_LAGGER | bid_ask=-152.91bps ask_bid=148.45bps | leader=binance_futures lagger=gate_futures direction=SHORT_LAGGER bid_ask=-152.91 ask_bid=148.45
2026-02-27T16:30:39.152858Z  INFO lead_lag_classic signal #3101: SAHARAUSDT | spread=178.19bps | dir=SHORT_LAGGER | bid_ask=-191.51bps ask_bid=178.19bps | leader=binance_futures lagger=gate_futures direction=SHORT_LAGGER bid_ask=-191.51 ask_bid=178.19
2026-02-27T16:30:41.304306Z  INFO lead_lag_classic signal #3102: ATHUSDT | spread=37.17bps | dir=SHORT_LAGGER | bid_ask=-57.14bps ask_bid=37.17bps | leader=binance_futures lagger=gate_futures direction=SHORT_LAGGER bid_ask=-57.14 ask_bid=37.17
2026-02-27T16:30:41.304444Z  INFO lead_lag_classic signal #3103: ESPUSDT | spread=31.69bps | dir=SHORT_LAGGER | bid_ask=-40.80bps ask_bid=31.69bps | leader=binance_futures lagger=gate_futures direction=SHORT_LAGGER bid_ask=-40.80 ask_bid=31.69
2026-02-27T16:30:41.304991Z  INFO Status: tickers=129876 (+879/5s) signals=3103 drift=[n=879 avg=176ms p50=139ms p95=465ms p99=879ms max=1348ms]
2026-02-27T16:30:41.505937Z  INFO lead_lag_classic signal #3104: ATHUSDT | spread=37.17bps | dir=SHORT_LAGGER | bid_ask=-57.14bps ask_bid=37.17bps | leader=binance_futures lagger=gate_futures direction=SHORT_LAGGER bid_ask=-57.14 ask_bid=37.17
2026-02-27T16:30:41.506052Z  INFO lead_lag_classic signal #3105: ESPUSDT | spread=31.69bps | dir=SHORT_LAGGER | bid_ask=-40.80bps ask_bid=31.69bps | leader=binance_futures lagger=gate_futures direction=SHORT_LAGGER bid_ask=-40.80 ask_bid=31.69
2026-02-27T16:30:41.506143Z  INFO lead_lag_classic signal #3106: POWERUSDT | spread=148.30bps | dir=SHORT_LAGGER | bid_ask=-149.97bps ask_bid=148.30bps | leader=binance_futures lagger=gate_futures direction=SHORT_LAGGER bid_ask=-149.97 ask_bid=148.30
2026-02-27T16:30:42.408930Z  INFO lead_lag_classic signal #3107: ENSOUSDT | spread=74.30bps | dir=SHORT_LAGGER | bid_ask=-87.42bps ask_bid=74.30bps | leader=binance_futures lagger=gate_futures direction=SHORT_LAGGER bid_ask=-87.42 ask_bid=74.30
2026-02-27T16:30:42.409054Z  INFO lead_lag_classic signal #3108: POWERUSDT | spread=150.97bps | dir=SHORT_LAGGER | bid_ask=-153.39bps ask_bid=150.97bps | leader=binance_futures lagger=gate_futures direction=SHORT_LAGGER bid_ask=-153.39 ask_bid=150.97
2026-02-27T16:30:42.409110Z  INFO lead_lag_classic signal #3109: SAHARAUSDT | spread=182.05bps | dir=SHORT_LAGGER | bid_ask=-195.26bps ask_bid=182.05bps | leader=binance_futures lagger=gate_futures direction=SHORT_LAGGER bid_ask=-195.26 ask_bid=182.05
2026-02-27T16:30:43.118502Z  INFO lead_lag_classic signal #3110: ATHUSDT | spread=35.48bps | dir=SHORT_LAGGER | bid_ask=-53.78bps ask_bid=35.48bps | leader=binance_futures lagger=gate_futures direction=SHORT_LAGGER bid_ask=-53.78 ask_bid=35.48
2026-02-27T16:30:44.010627Z  INFO lead_lag_classic signal #3111: ATHUSDT | spread=30.40bps | dir=SHORT_LAGGER | bid_ask=-67.11bps ask_bid=30.40bps | leader=binance_futures lagger=gate_futures direction=SHORT_LAGGER bid_ask=-67.11 ask_bid=30.40
2026-02-27T16:30:44.010739Z  INFO lead_lag_classic signal #3112: ESPUSDT | spread=33.24bps | dir=SHORT_LAGGER | bid_ask=-40.80bps ask_bid=33.24bps | leader=binance_futures lagger=gate_futures direction=SHORT_LAGGER bid_ask=-40.80 ask_bid=33.24
2026-02-27T16:30:44.010821Z  INFO lead_lag_classic signal #3113: POWERUSDT | spread=146.09bps | dir=SHORT_LAGGER | bid_ask=-150.80bps ask_bid=146.09bps | leader=binance_futures lagger=gate_futures direction=SHORT_LAGGER bid_ask=-150.80 ask_bid=146.09
2026-02-27T16:30:44.010880Z  INFO lead_lag_classic signal #3114: SAHARAUSDT | spread=177.82bps | dir=SHORT_LAGGER | bid_ask=-187.03bps ask_bid=177.82bps | leader=binance_futures lagger=gate_futures direction=SHORT_LAGGER bid_ask=-187.03 ask_bid=177.82
2026-02-27T16:30:46.995505Z  INFO lead_lag_classic signal #3115: ATHUSDT | spread=45.59bps | dir=SHORT_LAGGER | bid_ask=-67.11bps ask_bid=45.59bps | leader=binance_futures lagger=gate_futures direction=SHORT_LAGGER bid_ask=-67.11 ask_bid=45.59
2026-02-27T16:30:46.995597Z  INFO lead_lag_classic signal #3116: BULLAUSDT | spread=51.28bps | dir=LONG_LAGGER | bid_ask=51.28bps ask_bid=-121.10bps | leader=binance_futures lagger=gate_futures direction=LONG_LAGGER bid_ask=51.28 ask_bid=-121.10
2026-02-27T16:30:46.995649Z  INFO lead_lag_classic signal #3117: ESPUSDT | spread=34.00bps | dir=SHORT_LAGGER | bid_ask=-42.32bps ask_bid=34.00bps | leader=binance_futures lagger=gate_futures direction=SHORT_LAGGER bid_ask=-42.32 ask_bid=34.00
2026-02-27T16:30:46.995746Z  INFO lead_lag_classic signal #3118: POWERUSDT | spread=146.45bps | dir=SHORT_LAGGER | bid_ask=-146.43bps ask_bid=146.45bps | leader=binance_futures lagger=gate_futures direction=SHORT_LAGGER bid_ask=-146.43 ask_bid=146.45
2026-02-27T16:30:46.995819Z  INFO lead_lag_classic signal #3119: SAHARAUSDT | spread=182.20bps | dir=SHORT_LAGGER | bid_ask=-191.27bps ask_bid=182.20bps | leader=binance_futures lagger=gate_futures direction=SHORT_LAGGER bid_ask=-191.27 ask_bid=182.20
2026-02-27T16:30:46.996298Z  INFO Status: tickers=130812 (+936/5s) signals=3119 drift=[n=936 avg=179ms p50=151ms p95=421ms p99=773ms max=1102ms]
2026-02-27T16:30:47.129070Z  INFO lead_lag_classic signal #3120: POWERUSDT | spread=146.18bps | dir=SHORT_LAGGER | bid_ask=-145.38bps ask_bid=146.18bps | leader=binance_futures lagger=gate_futures direction=SHORT_LAGGER bid_ask=-145.38 ask_bid=146.18
2026-02-27T16:30:47.129157Z  INFO lead_lag_classic signal #3121: SAHARAUSDT | spread=182.20bps | dir=SHORT_LAGGER | bid_ask=-191.27bps ask_bid=182.20bps | leader=binance_futures lagger=gate_futures direction=SHORT_LAGGER bid_ask=-191.27 ask_bid=182.20
2026-02-27T16:30:47.957704Z  INFO lead_lag_classic signal #3122: POWERUSDT | spread=145.07bps | dir=SHORT_LAGGER | bid_ask=-149.88bps ask_bid=145.07bps | leader=binance_futures lagger=gate_futures direction=SHORT_LAGGER bid_ask=-149.88 ask_bid=145.07
2026-02-27T16:30:47.957800Z  INFO lead_lag_classic signal #3123: SAHARAUSDT | spread=182.28bps | dir=SHORT_LAGGER | bid_ask=-195.43bps ask_bid=182.28bps | leader=binance_futures lagger=gate_futures direction=SHORT_LAGGER bid_ask=-195.43 ask_bid=182.28
2026-02-27T16:30:48.116740Z  INFO lead_lag_classic signal #3124: POWERUSDT | spread=146.36bps | dir=SHORT_LAGGER | bid_ask=-149.88bps ask_bid=146.36bps | leader=binance_futures lagger=gate_futures direction=SHORT_LAGGER bid_ask=-149.88 ask_bid=146.36
2026-02-27T16:30:48.116826Z  INFO lead_lag_classic signal #3125: SAHARAUSDT | spread=177.97bps | dir=SHORT_LAGGER | bid_ask=-195.43bps ask_bid=177.97bps | leader=binance_futures lagger=gate_futures direction=SHORT_LAGGER bid_ask=-195.43 ask_bid=177.97
2026-02-27T16:30:48.637302Z  INFO lead_lag_classic signal #3126: ESPUSDT | spread=33.24bps | dir=SHORT_LAGGER | bid_ask=-40.80bps ask_bid=33.24bps | leader=binance_futures lagger=gate_futures direction=SHORT_LAGGER bid_ask=-40.80 ask_bid=33.24
2026-02-27T16:30:48.637448Z  INFO lead_lag_classic signal #3127: POWERUSDT | spread=146.22bps | dir=SHORT_LAGGER | bid_ask=-150.72bps ask_bid=146.22bps | leader=binance_futures lagger=gate_futures direction=SHORT_LAGGER bid_ask=-150.72 ask_bid=146.22
2026-02-27T16:30:48.637506Z  INFO lead_lag_classic signal #3128: SAHARAUSDT | spread=195.25bps | dir=SHORT_LAGGER | bid_ask=-199.75bps ask_bid=195.25bps | leader=binance_futures lagger=gate_futures direction=SHORT_LAGGER bid_ask=-199.75 ask_bid=195.25
2026-02-27T16:30:48.956117Z  INFO lead_lag_classic signal #3129: POWERUSDT | spread=147.71bps | dir=SHORT_LAGGER | bid_ask=-152.95bps ask_bid=147.71bps | leader=binance_futures lagger=gate_futures direction=SHORT_LAGGER bid_ask=-152.95 ask_bid=147.71
2026-02-27T16:30:48.956216Z  INFO lead_lag_classic signal #3130: SAHARAUSDT | spread=195.25bps | dir=SHORT_LAGGER | bid_ask=-199.75bps ask_bid=195.25bps | leader=binance_futures lagger=gate_futures direction=SHORT_LAGGER bid_ask=-199.75 ask_bid=195.25
2026-02-27T16:30:49.265010Z  INFO lead_lag_classic signal #3131: ESPUSDT | spread=34.79bps | dir=SHORT_LAGGER | bid_ask=-42.34bps ask_bid=34.79bps | leader=binance_futures lagger=gate_futures direction=SHORT_LAGGER bid_ask=-42.34 ask_bid=34.79
2026-02-27T16:30:49.265146Z  INFO lead_lag_classic signal #3132: POWERUSDT | spread=144.13bps | dir=SHORT_LAGGER | bid_ask=-151.04bps ask_bid=144.13bps | leader=binance_futures lagger=gate_futures direction=SHORT_LAGGER bid_ask=-151.04 ask_bid=144.13
2026-02-27T16:30:49.265195Z  INFO lead_lag_classic signal #3133: SAHARAUSDT | spread=199.58bps | dir=SHORT_LAGGER | bid_ask=-203.91bps ask_bid=199.58bps | leader=binance_futures lagger=gate_futures direction=SHORT_LAGGER bid_ask=-203.91 ask_bid=199.58
2026-02-27T16:30:50.075300Z  INFO lead_lag_classic signal #3134: POWERUSDT | spread=149.46bps | dir=SHORT_LAGGER | bid_ask=-152.63bps ask_bid=149.46bps | leader=binance_futures lagger=gate_futures direction=SHORT_LAGGER bid_ask=-152.63 ask_bid=149.46
2026-02-27T16:30:50.720519Z  INFO lead_lag_classic signal #3135: POWERUSDT | spread=155.41bps | dir=SHORT_LAGGER | bid_ask=-158.08bps ask_bid=155.41bps | leader=binance_futures lagger=gate_futures direction=SHORT_LAGGER bid_ask=-158.08 ask_bid=155.41
2026-02-27T16:30:50.720613Z  INFO lead_lag_classic signal #3136: SAHARAUSDT | spread=191.25bps | dir=SHORT_LAGGER | bid_ask=-204.08bps ask_bid=191.25bps | leader=binance_futures lagger=gate_futures direction=SHORT_LAGGER bid_ask=-204.08 ask_bid=191.25
2026-02-27T16:30:51.390602Z  INFO lead_lag_classic signal #3137: ENSOUSDT | spread=73.59bps | dir=SHORT_LAGGER | bid_ask=-84.67bps ask_bid=73.59bps | leader=binance_futures lagger=gate_futures direction=SHORT_LAGGER bid_ask=-84.67 ask_bid=73.59
2026-02-27T16:30:51.390730Z  INFO lead_lag_classic signal #3138: ESPUSDT | spread=34.79bps | dir=SHORT_LAGGER | bid_ask=-42.34bps ask_bid=34.79bps | leader=binance_futures lagger=gate_futures direction=SHORT_LAGGER bid_ask=-42.34 ask_bid=34.79
2026-02-27T16:30:51.390868Z  INFO lead_lag_classic signal #3139: POWERUSDT | spread=158.76bps | dir=SHORT_LAGGER | bid_ask=-164.96bps ask_bid=158.76bps | leader=binance_futures lagger=gate_futures direction=SHORT_LAGGER bid_ask=-164.96 ask_bid=158.76
2026-02-27T16:30:51.390965Z  INFO lead_lag_classic signal #3140: SAHARAUSDT | spread=195.74bps | dir=SHORT_LAGGER | bid_ask=-200.25bps ask_bid=195.74bps | leader=binance_futures lagger=gate_futures direction=SHORT_LAGGER bid_ask=-200.25 ask_bid=195.74
2026-02-27T16:30:54.129671Z  INFO lead_lag_classic signal #3141: ESPUSDT | spread=31.72bps | dir=SHORT_LAGGER | bid_ask=-41.61bps ask_bid=31.72bps | leader=binance_futures lagger=gate_futures direction=SHORT_LAGGER bid_ask=-41.61 ask_bid=31.72
2026-02-27T16:30:54.129826Z  INFO lead_lag_classic signal #3142: POWERUSDT | spread=154.65bps | dir=SHORT_LAGGER | bid_ask=-161.67bps ask_bid=154.65bps | leader=binance_futures lagger=gate_futures direction=SHORT_LAGGER bid_ask=-161.67 ask_bid=154.65
2026-02-27T16:30:54.129889Z  INFO lead_lag_classic signal #3143: SAHARAUSDT | spread=178.80bps | dir=SHORT_LAGGER | bid_ask=-188.05bps ask_bid=178.80bps | leader=binance_futures lagger=gate_futures direction=SHORT_LAGGER bid_ask=-188.05 ask_bid=178.80
2026-02-27T16:30:54.130471Z  INFO Status: tickers=131945 (+1133/5s) signals=3143 drift=[n=1133 avg=183ms p50=135ms p95=516ms p99=1126ms max=1384ms]
2026-02-27T16:30:54.457485Z  INFO lead_lag_classic signal #3144: ESPUSDT | spread=31.72bps | dir=SHORT_LAGGER | bid_ask=-41.61bps ask_bid=31.72bps | leader=binance_futures lagger=gate_futures direction=SHORT_LAGGER bid_ask=-41.61 ask_bid=31.72
2026-02-27T16:30:55.210387Z  INFO lead_lag_classic signal #3145: ESPUSDT | spread=31.72bps | dir=SHORT_LAGGER | bid_ask=-41.61bps ask_bid=31.72bps | leader=binance_futures lagger=gate_futures direction=SHORT_LAGGER bid_ask=-41.61 ask_bid=31.72
2026-02-27T16:30:55.210517Z  INFO lead_lag_classic signal #3146: POWERUSDT | spread=154.93bps | dir=SHORT_LAGGER | bid_ask=-159.11bps ask_bid=154.93bps | leader=binance_futures lagger=gate_futures direction=SHORT_LAGGER bid_ask=-159.11 ask_bid=154.93
2026-02-27T16:30:55.210572Z  INFO lead_lag_classic signal #3147: SAHARAUSDT | spread=183.13bps | dir=SHORT_LAGGER | bid_ask=-192.23bps ask_bid=183.13bps | leader=binance_futures lagger=gate_futures direction=SHORT_LAGGER bid_ask=-192.23 ask_bid=183.13
2026-02-27T16:30:56.298601Z  INFO Gate NATR refresh: fetched=12 missing=0 batch=12 symbols=43
2026-02-27T16:30:56.819255Z  INFO lead_lag_classic signal #3148: ESPUSDT | spread=33.30bps | dir=SHORT_LAGGER | bid_ask=-41.65bps ask_bid=33.30bps | leader=binance_futures lagger=gate_futures direction=SHORT_LAGGER bid_ask=-41.65 ask_bid=33.30
2026-02-27T16:30:56.819409Z  INFO lead_lag_classic signal #3149: POWERUSDT | spread=148.25bps | dir=SHORT_LAGGER | bid_ask=-153.89bps ask_bid=148.25bps | leader=binance_futures lagger=gate_futures direction=SHORT_LAGGER bid_ask=-153.89 ask_bid=148.25
2026-02-27T16:30:56.819480Z  INFO lead_lag_classic signal #3150: SAHARAUSDT | spread=178.80bps | dir=SHORT_LAGGER | bid_ask=-183.95bps ask_bid=178.80bps | leader=binance_futures lagger=gate_futures direction=SHORT_LAGGER bid_ask=-183.95 ask_bid=178.80
2026-02-27T16:30:58.500519Z  INFO lead_lag_classic signal #3151: ENSOUSDT | spread=71.48bps | dir=SHORT_LAGGER | bid_ask=-81.92bps ask_bid=71.48bps | leader=binance_futures lagger=gate_futures direction=SHORT_LAGGER bid_ask=-81.92 ask_bid=71.48
2026-02-27T16:30:58.500648Z  INFO lead_lag_classic signal #3152: POWERUSDT | spread=147.31bps | dir=SHORT_LAGGER | bid_ask=-151.74bps ask_bid=147.31bps | leader=binance_futures lagger=gate_futures direction=SHORT_LAGGER bid_ask=-151.74 ask_bid=147.31
2026-02-27T16:30:58.727506Z  INFO lead_lag_classic signal #3153: ENSOUSDT | spread=71.48bps | dir=SHORT_LAGGER | bid_ask=-81.92bps ask_bid=71.48bps | leader=binance_futures lagger=gate_futures direction=SHORT_LAGGER bid_ask=-81.92 ask_bid=71.48
2026-02-27T16:30:58.727634Z  INFO lead_lag_classic signal #3154: POWERUSDT | spread=151.80bps | dir=SHORT_LAGGER | bid_ask=-156.10bps ask_bid=151.80bps | leader=binance_futures lagger=gate_futures direction=SHORT_LAGGER bid_ask=-156.10 ask_bid=151.80
2026-02-27T16:30:58.727689Z  INFO lead_lag_classic signal #3155: SAHARAUSDT | spread=179.03bps | dir=SHORT_LAGGER | bid_ask=-188.28bps ask_bid=179.03bps | leader=binance_futures lagger=gate_futures direction=SHORT_LAGGER bid_ask=-188.28 ask_bid=179.03
2026-02-27T16:30:59.704053Z  INFO lead_lag_classic signal #3156: ATHUSDT | spread=55.68bps | dir=SHORT_LAGGER | bid_ask=-77.05bps ask_bid=55.68bps | leader=binance_futures lagger=gate_futures direction=SHORT_LAGGER bid_ask=-77.05 ask_bid=55.68
2026-02-27T16:30:59.704226Z  INFO lead_lag_classic signal #3157: POWERUSDT | spread=151.51bps | dir=SHORT_LAGGER | bid_ask=-155.31bps ask_bid=151.51bps | leader=binance_futures lagger=gate_futures direction=SHORT_LAGGER bid_ask=-155.31 ask_bid=151.51
2026-02-27T16:30:59.704289Z  INFO lead_lag_classic signal #3158: SAHARAUSDT | spread=187.63bps | dir=SHORT_LAGGER | bid_ask=-196.57bps ask_bid=187.63bps | leader=binance_futures lagger=gate_futures direction=SHORT_LAGGER bid_ask=-196.57 ask_bid=187.63
2026-02-27T16:30:59.704726Z  INFO Status: tickers=132800 (+855/5s) signals=3158 drift=[n=855 avg=165ms p50=126ms p95=410ms p99=917ms max=1786ms]
2026-02-27T16:31:00.016215Z  INFO lead_lag_classic signal #3159: ATHUSDT | spread=37.11bps | dir=SHORT_LAGGER | bid_ask=-57.05bps ask_bid=37.11bps | leader=binance_futures lagger=gate_futures direction=SHORT_LAGGER bid_ask=-57.05 ask_bid=37.11
2026-02-27T16:31:00.016315Z  INFO lead_lag_classic signal #3160: ESPUSDT | spread=34.08bps | dir=SHORT_LAGGER | bid_ask=-42.42bps ask_bid=34.08bps | leader=binance_futures lagger=gate_futures direction=SHORT_LAGGER bid_ask=-42.42 ask_bid=34.08
2026-02-27T16:31:00.016402Z  INFO lead_lag_classic signal #3161: POWERUSDT | spread=152.05bps | dir=SHORT_LAGGER | bid_ask=-155.64bps ask_bid=152.05bps | leader=binance_futures lagger=gate_futures direction=SHORT_LAGGER bid_ask=-155.64 ask_bid=152.05
2026-02-27T16:31:00.016460Z  INFO lead_lag_classic signal #3162: SAHARAUSDT | spread=183.37bps | dir=SHORT_LAGGER | bid_ask=-188.36bps ask_bid=183.37bps | leader=binance_futures lagger=gate_futures direction=SHORT_LAGGER bid_ask=-188.36 ask_bid=183.37
2026-02-27T16:31:00.549013Z  INFO lead_lag_classic signal #3163: ATHUSDT | spread=40.50bps | dir=SHORT_LAGGER | bid_ask=-62.08bps ask_bid=40.50bps | leader=binance_futures lagger=gate_futures direction=SHORT_LAGGER bid_ask=-62.08 ask_bid=40.50
2026-02-27T16:31:00.549167Z  INFO lead_lag_classic signal #3164: ESPUSDT | spread=33.30bps | dir=SHORT_LAGGER | bid_ask=-41.65bps ask_bid=33.30bps | leader=binance_futures lagger=gate_futures direction=SHORT_LAGGER bid_ask=-41.65 ask_bid=33.30
2026-02-27T16:31:00.549269Z  INFO lead_lag_classic signal #3165: POWERUSDT | spread=165.69bps | dir=SHORT_LAGGER | bid_ask=-171.35bps ask_bid=165.69bps | leader=binance_futures lagger=gate_futures direction=SHORT_LAGGER bid_ask=-171.35 ask_bid=165.69
2026-02-27T16:31:00.549337Z  INFO lead_lag_classic signal #3166: SAHARAUSDT | spread=183.37bps | dir=SHORT_LAGGER | bid_ask=-188.36bps ask_bid=183.37bps | leader=binance_futures lagger=gate_futures direction=SHORT_LAGGER bid_ask=-188.36 ask_bid=183.37
2026-02-27T16:31:01.277127Z  INFO lead_lag_classic signal #3167: ATHUSDT | spread=50.59bps | dir=SHORT_LAGGER | bid_ask=-72.03bps ask_bid=50.59bps | leader=binance_futures lagger=gate_futures direction=SHORT_LAGGER bid_ask=-72.03 ask_bid=50.59
2026-02-27T16:31:01.277268Z  INFO lead_lag_classic signal #3168: ESPUSDT | spread=34.08bps | dir=SHORT_LAGGER | bid_ask=-41.65bps ask_bid=34.08bps | leader=binance_futures lagger=gate_futures direction=SHORT_LAGGER bid_ask=-41.65 ask_bid=34.08
2026-02-27T16:31:01.277377Z  INFO lead_lag_classic signal #3169: POWERUSDT | spread=157.92bps | dir=SHORT_LAGGER | bid_ask=-166.33bps ask_bid=157.92bps | leader=binance_futures lagger=gate_futures direction=SHORT_LAGGER bid_ask=-166.33 ask_bid=157.92
2026-02-27T16:31:01.277431Z  INFO lead_lag_classic signal #3170: SAHARAUSDT | spread=182.98bps | dir=SHORT_LAGGER | bid_ask=-200.33bps ask_bid=182.98bps | leader=binance_futures lagger=gate_futures direction=SHORT_LAGGER bid_ask=-200.33 ask_bid=182.98
2026-02-27T16:31:02.018365Z  INFO lead_lag_classic signal #3171: ATHUSDT | spread=35.42bps | dir=SHORT_LAGGER | bid_ask=-55.37bps ask_bid=35.42bps | leader=binance_futures lagger=gate_futures direction=SHORT_LAGGER bid_ask=-55.37 ask_bid=35.42
2026-02-27T16:31:02.018471Z  INFO lead_lag_classic signal #3172: ENSOUSDT | spread=73.58bps | dir=SHORT_LAGGER | bid_ask=-83.29bps ask_bid=73.58bps | leader=binance_futures lagger=gate_futures direction=SHORT_LAGGER bid_ask=-83.29 ask_bid=73.58
2026-02-27T16:31:02.018511Z  INFO lead_lag_classic signal #3173: ESPUSDT | spread=34.08bps | dir=SHORT_LAGGER | bid_ask=-40.89bps ask_bid=34.08bps | leader=binance_futures lagger=gate_futures direction=SHORT_LAGGER bid_ask=-40.89 ask_bid=34.08
2026-02-27T16:31:02.511461Z  INFO lead_lag_classic signal #3174: ATHUSDT | spread=35.42bps | dir=SHORT_LAGGER | bid_ask=-70.35bps ask_bid=35.42bps | leader=binance_futures lagger=gate_futures direction=SHORT_LAGGER bid_ask=-70.35 ask_bid=35.42
2026-02-27T16:31:02.511577Z  INFO lead_lag_classic signal #3175: ESPUSDT | spread=36.41bps | dir=SHORT_LAGGER | bid_ask=-43.20bps ask_bid=36.41bps | leader=binance_futures lagger=gate_futures direction=SHORT_LAGGER bid_ask=-43.20 ask_bid=36.41
2026-02-27T16:31:02.511674Z  INFO lead_lag_classic signal #3176: POWERUSDT | spread=153.02bps | dir=SHORT_LAGGER | bid_ask=-157.49bps ask_bid=153.02bps | leader=binance_futures lagger=gate_futures direction=SHORT_LAGGER bid_ask=-157.49 ask_bid=153.02
2026-02-27T16:31:02.511729Z  INFO lead_lag_classic signal #3177: SAHARAUSDT | spread=187.07bps | dir=SHORT_LAGGER | bid_ask=-196.00bps ask_bid=187.07bps | leader=binance_futures lagger=gate_futures direction=SHORT_LAGGER bid_ask=-196.00 ask_bid=187.07
2026-02-27T16:31:04.653062Z  INFO lead_lag_classic signal #3178: ATHUSDT | spread=35.42bps | dir=SHORT_LAGGER | bid_ask=-57.05bps ask_bid=35.42bps | leader=binance_futures lagger=gate_futures direction=SHORT_LAGGER bid_ask=-57.05 ask_bid=35.42
2026-02-27T16:31:04.653177Z  INFO lead_lag_classic signal #3179: ESPUSDT | spread=34.08bps | dir=SHORT_LAGGER | bid_ask=-41.66bps ask_bid=34.08bps | leader=binance_futures lagger=gate_futures direction=SHORT_LAGGER bid_ask=-41.66 ask_bid=34.08
2026-02-27T16:31:04.653268Z  INFO lead_lag_classic signal #3180: POWERUSDT | spread=151.80bps | dir=SHORT_LAGGER | bid_ask=-155.08bps ask_bid=151.80bps | leader=binance_futures lagger=gate_futures direction=SHORT_LAGGER bid_ask=-155.08 ask_bid=151.80
2026-02-27T16:31:04.653335Z  INFO lead_lag_classic signal #3181: SAHARAUSDT | spread=187.07bps | dir=SHORT_LAGGER | bid_ask=-204.25bps ask_bid=187.07bps | leader=binance_futures lagger=gate_futures direction=SHORT_LAGGER bid_ask=-204.25 ask_bid=187.07
2026-02-27T16:31:04.653443Z  INFO lead_lag_classic signal #3182: XPTUSDT | spread=30.62bps | dir=LONG_LAGGER | bid_ask=30.62bps ask_bid=-34.33bps | leader=binance_futures lagger=gate_futures direction=LONG_LAGGER bid_ask=30.62 ask_bid=-34.33
2026-02-27T16:31:06.237050Z  INFO lead_lag_classic signal #3183: ENSOUSDT | spread=75.67bps | dir=SHORT_LAGGER | bid_ask=-88.08bps ask_bid=75.67bps | leader=binance_futures lagger=gate_futures direction=SHORT_LAGGER bid_ask=-88.08 ask_bid=75.67
2026-02-27T16:31:06.237186Z  INFO lead_lag_classic signal #3184: POWERUSDT | spread=151.74bps | dir=SHORT_LAGGER | bid_ask=-159.01bps ask_bid=151.74bps | leader=binance_futures lagger=gate_futures direction=SHORT_LAGGER bid_ask=-159.01 ask_bid=151.74
2026-02-27T16:31:06.237242Z  INFO lead_lag_classic signal #3185: SAHARAUSDT | spread=187.00bps | dir=SHORT_LAGGER | bid_ask=-200.00bps ask_bid=187.00bps | leader=binance_futures lagger=gate_futures direction=SHORT_LAGGER bid_ask=-200.00 ask_bid=187.00
2026-02-27T16:31:06.237784Z  INFO Status: tickers=133874 (+1074/5s) signals=3185 drift=[n=1074 avg=195ms p50=163ms p95=472ms p99=856ms max=1376ms]
2026-02-27T16:31:06.431554Z  INFO lead_lag_classic signal #3186: ENSOUSDT | spread=76.37bps | dir=SHORT_LAGGER | bid_ask=-88.77bps ask_bid=76.37bps | leader=binance_futures lagger=gate_futures direction=SHORT_LAGGER bid_ask=-88.77 ask_bid=76.37
2026-02-27T16:31:06.431678Z  INFO lead_lag_classic signal #3187: POWERUSDT | spread=151.74bps | dir=SHORT_LAGGER | bid_ask=-157.23bps ask_bid=151.74bps | leader=binance_futures lagger=gate_futures direction=SHORT_LAGGER bid_ask=-157.23 ask_bid=151.74
2026-02-27T16:31:06.431735Z  INFO lead_lag_classic signal #3188: SAHARAUSDT | spread=191.33bps | dir=SHORT_LAGGER | bid_ask=-204.17bps ask_bid=191.33bps | leader=binance_futures lagger=gate_futures direction=SHORT_LAGGER bid_ask=-204.17 ask_bid=191.33
2026-02-27T16:31:07.594120Z  INFO lead_lag_classic signal #3189: ATHUSDT | spread=38.81bps | dir=SHORT_LAGGER | bid_ask=-57.05bps ask_bid=38.81bps | leader=binance_futures lagger=gate_futures direction=SHORT_LAGGER bid_ask=-57.05 ask_bid=38.81
2026-02-27T16:31:07.594216Z  INFO lead_lag_classic signal #3190: BULLAUSDT | spread=51.28bps | dir=LONG_LAGGER | bid_ask=51.28bps ask_bid=-121.10bps | leader=binance_futures lagger=gate_futures direction=LONG_LAGGER bid_ask=51.28 ask_bid=-121.10
2026-02-27T16:31:07.594263Z  INFO lead_lag_classic signal #3191: ENSOUSDT | spread=75.67bps | dir=SHORT_LAGGER | bid_ask=-88.77bps ask_bid=75.67bps | leader=binance_futures lagger=gate_futures direction=SHORT_LAGGER bid_ask=-88.77 ask_bid=75.67
2026-02-27T16:31:08.618536Z  INFO lead_lag_classic signal #3192: POWERUSDT | spread=149.77bps | dir=SHORT_LAGGER | bid_ask=-155.13bps ask_bid=149.77bps | leader=binance_futures lagger=gate_futures direction=SHORT_LAGGER bid_ask=-155.13 ask_bid=149.77
2026-02-27T16:31:08.618633Z  INFO lead_lag_classic signal #3193: SAHARAUSDT | spread=195.58bps | dir=SHORT_LAGGER | bid_ask=-208.25bps ask_bid=195.58bps | leader=binance_futures lagger=gate_futures direction=SHORT_LAGGER bid_ask=-208.25 ask_bid=195.58
2026-02-27T16:31:08.840291Z  INFO lead_lag_classic signal #3194: POWERUSDT | spread=148.47bps | dir=SHORT_LAGGER | bid_ask=-154.34bps ask_bid=148.47bps | leader=binance_futures lagger=gate_futures direction=SHORT_LAGGER bid_ask=-154.34 ask_bid=148.47
2026-02-27T16:31:08.840387Z  INFO lead_lag_classic signal #3195: SAHARAUSDT | spread=195.58bps | dir=SHORT_LAGGER | bid_ask=-208.25bps ask_bid=195.58bps | leader=binance_futures lagger=gate_futures direction=SHORT_LAGGER bid_ask=-208.25 ask_bid=195.58
2026-02-27T16:31:09.328521Z  INFO lead_lag_classic signal #3196: SAHARAUSDT | spread=191.33bps | dir=SHORT_LAGGER | bid_ask=-204.17bps ask_bid=191.33bps | leader=binance_futures lagger=gate_futures direction=SHORT_LAGGER bid_ask=-204.17 ask_bid=191.33
2026-02-27T16:31:10.273498Z  INFO lead_lag_classic signal #3197: ENSOUSDT | spread=75.67bps | dir=SHORT_LAGGER | bid_ask=-88.09bps ask_bid=75.67bps | leader=binance_futures lagger=gate_futures direction=SHORT_LAGGER bid_ask=-88.09 ask_bid=75.67
2026-02-27T16:31:10.273582Z  INFO lead_lag_classic signal #3198: ESPUSDT | spread=34.08bps | dir=SHORT_LAGGER | bid_ask=-41.66bps ask_bid=34.08bps | leader=binance_futures lagger=gate_futures direction=SHORT_LAGGER bid_ask=-41.66 ask_bid=34.08
2026-02-27T16:31:10.273733Z  INFO lead_lag_classic signal #3199: SAHARAUSDT | spread=200.00bps | dir=SHORT_LAGGER | bid_ask=-212.50bps ask_bid=200.00bps | leader=binance_futures lagger=gate_futures direction=SHORT_LAGGER bid_ask=-212.50 ask_bid=200.00
2026-02-27T16:31:11.635336Z  INFO lead_lag_classic signal #3200: ESPUSDT | spread=34.86bps | dir=SHORT_LAGGER | bid_ask=-41.66bps ask_bid=34.86bps | leader=binance_futures lagger=gate_futures direction=SHORT_LAGGER bid_ask=-41.66 ask_bid=34.86
2026-02-27T16:31:11.635474Z  INFO lead_lag_classic signal #3201: POWERUSDT | spread=138.67bps | dir=SHORT_LAGGER | bid_ask=-147.04bps ask_bid=138.67bps | leader=binance_futures lagger=gate_futures direction=SHORT_LAGGER bid_ask=-147.04 ask_bid=138.67
2026-02-27T16:31:11.635526Z  INFO lead_lag_classic signal #3202: SAHARAUSDT | spread=187.15bps | dir=SHORT_LAGGER | bid_ask=-200.17bps ask_bid=187.15bps | leader=binance_futures lagger=gate_futures direction=SHORT_LAGGER bid_ask=-200.17 ask_bid=187.15
2026-02-27T16:31:11.635980Z  INFO Status: tickers=134753 (+879/5s) signals=3202 drift=[n=879 avg=174ms p50=143ms p95=422ms p99=790ms max=1518ms]
2026-02-27T16:31:12.383999Z  INFO lead_lag_classic signal #3203: ATHUSDT | spread=35.48bps | dir=SHORT_LAGGER | bid_ask=-55.46bps ask_bid=35.48bps | leader=binance_futures lagger=gate_futures direction=SHORT_LAGGER bid_ask=-55.46 ask_bid=35.48
2026-02-27T16:31:13.314171Z  INFO lead_lag_classic signal #3204: BULLAUSDT | spread=57.69bps | dir=LONG_LAGGER | bid_ask=57.69bps ask_bid=-127.38bps | leader=binance_futures lagger=gate_futures direction=LONG_LAGGER bid_ask=57.69 ask_bid=-127.38
2026-02-27T16:31:13.314270Z  INFO lead_lag_classic signal #3205: ESPUSDT | spread=34.08bps | dir=SHORT_LAGGER | bid_ask=-41.66bps ask_bid=34.08bps | leader=binance_futures lagger=gate_futures direction=SHORT_LAGGER bid_ask=-41.66 ask_bid=34.08
2026-02-27T16:31:13.649073Z  INFO lead_lag_classic signal #3206: ATHUSDT | spread=32.09bps | dir=SHORT_LAGGER | bid_ask=-53.78bps ask_bid=32.09bps | leader=binance_futures lagger=gate_futures direction=SHORT_LAGGER bid_ask=-53.78 ask_bid=32.09
2026-02-27T16:31:13.649167Z  INFO lead_lag_classic signal #3207: ESPUSDT | spread=34.08bps | dir=SHORT_LAGGER | bid_ask=-41.66bps ask_bid=34.08bps | leader=binance_futures lagger=gate_futures direction=SHORT_LAGGER bid_ask=-41.66 ask_bid=34.08
2026-02-27T16:31:13.649249Z  INFO lead_lag_classic signal #3208: POWERUSDT | spread=148.97bps | dir=SHORT_LAGGER | bid_ask=-155.09bps ask_bid=148.97bps | leader=binance_futures lagger=gate_futures direction=SHORT_LAGGER bid_ask=-155.09 ask_bid=148.97
2026-02-27T16:31:13.649322Z  INFO lead_lag_classic signal #3209: SAHARAUSDT | spread=192.23bps | dir=SHORT_LAGGER | bid_ask=-205.11bps ask_bid=192.23bps | leader=binance_futures lagger=gate_futures direction=SHORT_LAGGER bid_ask=-205.11 ask_bid=192.23
2026-02-27T16:31:14.196182Z  INFO lead_lag_classic signal #3210: POWERUSDT | spread=152.45bps | dir=SHORT_LAGGER | bid_ask=-158.83bps ask_bid=152.45bps | leader=binance_futures lagger=gate_futures direction=SHORT_LAGGER bid_ask=-158.83 ask_bid=152.45
2026-02-27T16:31:14.958579Z  INFO lead_lag_classic signal #3211: ESPUSDT | spread=34.85bps | dir=SHORT_LAGGER | bid_ask=-40.12bps ask_bid=34.85bps | leader=binance_futures lagger=gate_futures direction=SHORT_LAGGER bid_ask=-40.12 ask_bid=34.85
2026-02-27T16:31:14.958722Z  INFO lead_lag_classic signal #3212: ROBOUSDT | spread=49.87bps | dir=LONG_LAGGER | bid_ask=49.87bps ask_bid=-78.27bps | leader=binance_futures lagger=gate_futures direction=LONG_LAGGER bid_ask=49.87 ask_bid=-78.27
2026-02-27T16:31:14.958776Z  INFO lead_lag_classic signal #3213: SAHARAUSDT | spread=205.30bps | dir=SHORT_LAGGER | bid_ask=-217.66bps ask_bid=205.30bps | leader=binance_futures lagger=gate_futures direction=SHORT_LAGGER bid_ask=-217.66 ask_bid=205.30
2026-02-27T16:31:15.925572Z  INFO lead_lag_classic signal #3214: ATHUSDT | spread=45.59bps | dir=SHORT_LAGGER | bid_ask=-63.76bps ask_bid=45.59bps | leader=binance_futures lagger=gate_futures direction=SHORT_LAGGER bid_ask=-63.76 ask_bid=45.59
2026-02-27T16:31:15.925693Z  INFO lead_lag_classic signal #3215: ESPUSDT | spread=33.30bps | dir=SHORT_LAGGER | bid_ask=-38.57bps ask_bid=33.30bps | leader=binance_futures lagger=gate_futures direction=SHORT_LAGGER bid_ask=-38.57 ask_bid=33.30
2026-02-27T16:31:16.126337Z  INFO lead_lag_classic signal #3216: POWERUSDT | spread=158.33bps | dir=SHORT_LAGGER | bid_ask=-161.86bps ask_bid=158.33bps | leader=binance_futures lagger=gate_futures direction=SHORT_LAGGER bid_ask=-161.86 ask_bid=158.33
2026-02-27T16:31:16.126434Z  INFO lead_lag_classic signal #3217: SAHARAUSDT | spread=188.20bps | dir=SHORT_LAGGER | bid_ask=-193.03bps ask_bid=188.20bps | leader=binance_futures lagger=gate_futures direction=SHORT_LAGGER bid_ask=-193.03 ask_bid=188.20
2026-02-27T16:31:17.462063Z  INFO Status: tickers=135685 (+932/5s) signals=3217 drift=[n=932 avg=164ms p50=139ms p95=383ms p99=590ms max=1185ms]
2026-02-27T16:31:19.274588Z  INFO lead_lag_classic signal #3218: POWERUSDT | spread=153.10bps | dir=SHORT_LAGGER | bid_ask=-156.33bps ask_bid=153.10bps | leader=binance_futures lagger=gate_futures direction=SHORT_LAGGER bid_ask=-156.33 ask_bid=153.10
2026-02-27T16:31:19.274683Z  INFO lead_lag_classic signal #3219: SAHARAUSDT | spread=171.60bps | dir=SHORT_LAGGER | bid_ask=-189.47bps ask_bid=171.60bps | leader=binance_futures lagger=gate_futures direction=SHORT_LAGGER bid_ask=-189.47 ask_bid=171.60
2026-02-27T16:31:20.593938Z  INFO lead_lag_classic signal #3220: ESPUSDT | spread=33.30bps | dir=SHORT_LAGGER | bid_ask=-37.03bps ask_bid=33.30bps | leader=binance_futures lagger=gate_futures direction=SHORT_LAGGER bid_ask=-37.03 ask_bid=33.30
2026-02-27T16:31:20.594101Z  INFO lead_lag_classic signal #3221: POWERUSDT | spread=152.78bps | dir=SHORT_LAGGER | bid_ask=-158.76bps ask_bid=152.78bps | leader=binance_futures lagger=gate_futures direction=SHORT_LAGGER bid_ask=-158.76 ask_bid=152.78
2026-02-27T16:31:20.594186Z  INFO lead_lag_classic signal #3222: SAHARAUSDT | spread=179.64bps | dir=SHORT_LAGGER | bid_ask=-197.23bps ask_bid=179.64bps | leader=binance_futures lagger=gate_futures direction=SHORT_LAGGER bid_ask=-197.23 ask_bid=179.64
2026-02-27T16:31:21.291951Z  INFO lead_lag_classic signal #3223: POWERUSDT | spread=157.55bps | dir=SHORT_LAGGER | bid_ask=-161.70bps ask_bid=157.55bps | leader=binance_futures lagger=gate_futures direction=SHORT_LAGGER bid_ask=-161.70 ask_bid=157.55
2026-02-27T16:31:21.292046Z  INFO lead_lag_classic signal #3224: SAHARAUSDT | spread=188.36bps | dir=SHORT_LAGGER | bid_ask=-197.31bps ask_bid=188.36bps | leader=binance_futures lagger=gate_futures direction=SHORT_LAGGER bid_ask=-197.31 ask_bid=188.36
2026-02-27T16:31:21.461058Z  INFO lead_lag_classic signal #3225: ESPUSDT | spread=33.30bps | dir=SHORT_LAGGER | bid_ask=-37.03bps ask_bid=33.30bps | leader=binance_futures lagger=gate_futures direction=SHORT_LAGGER bid_ask=-37.03 ask_bid=33.30
2026-02-27T16:31:21.461193Z  INFO lead_lag_classic signal #3226: SAHARAUSDT | spread=192.72bps | dir=SHORT_LAGGER | bid_ask=-201.51bps ask_bid=192.72bps | leader=binance_futures lagger=gate_futures direction=SHORT_LAGGER bid_ask=-201.51 ask_bid=192.72
2026-02-27T16:31:22.162211Z  INFO lead_lag_classic signal #3227: ESPUSDT | spread=33.30bps | dir=SHORT_LAGGER | bid_ask=-37.03bps ask_bid=33.30bps | leader=binance_futures lagger=gate_futures direction=SHORT_LAGGER bid_ask=-37.03 ask_bid=33.30
2026-02-27T16:31:22.162351Z  INFO lead_lag_classic signal #3228: POWERUSDT | spread=154.43bps | dir=SHORT_LAGGER | bid_ask=-158.08bps ask_bid=154.43bps | leader=binance_futures lagger=gate_futures direction=SHORT_LAGGER bid_ask=-158.08 ask_bid=154.43
2026-02-27T16:31:22.162420Z  INFO lead_lag_classic signal #3229: SAHARAUSDT | spread=193.30bps | dir=SHORT_LAGGER | bid_ask=-202.11bps ask_bid=193.30bps | leader=binance_futures lagger=gate_futures direction=SHORT_LAGGER bid_ask=-202.11 ask_bid=193.30
2026-02-27T16:31:22.282544Z  INFO lead_lag_classic signal #3230: ESPUSDT | spread=33.30bps | dir=SHORT_LAGGER | bid_ask=-37.03bps ask_bid=33.30bps | leader=binance_futures lagger=gate_futures direction=SHORT_LAGGER bid_ask=-37.03 ask_bid=33.30
2026-02-27T16:31:22.282647Z  INFO lead_lag_classic signal #3231: POWERUSDT | spread=154.29bps | dir=SHORT_LAGGER | bid_ask=-157.62bps ask_bid=154.29bps | leader=binance_futures lagger=gate_futures direction=SHORT_LAGGER bid_ask=-157.62 ask_bid=154.29
2026-02-27T16:31:22.282701Z  INFO lead_lag_classic signal #3232: SAHARAUSDT | spread=188.92bps | dir=SHORT_LAGGER | bid_ask=-197.89bps ask_bid=188.92bps | leader=binance_futures lagger=gate_futures direction=SHORT_LAGGER bid_ask=-197.89 ask_bid=188.92
2026-02-27T16:31:22.833929Z  INFO Status: tickers=136576 (+891/5s) signals=3232 drift=[n=891 avg=187ms p50=143ms p95=497ms p99=928ms max=3067ms]
2026-02-27T16:31:24.291688Z  INFO lead_lag_classic signal #3233: ATHUSDT | spread=43.89bps | dir=SHORT_LAGGER | bid_ask=-65.44bps ask_bid=43.89bps | leader=binance_futures lagger=gate_futures direction=SHORT_LAGGER bid_ask=-65.44 ask_bid=43.89
2026-02-27T16:31:24.291860Z  INFO lead_lag_classic signal #3234: POWERUSDT | spread=151.50bps | dir=SHORT_LAGGER | bid_ask=-157.14bps ask_bid=151.50bps | leader=binance_futures lagger=gate_futures direction=SHORT_LAGGER bid_ask=-157.14 ask_bid=151.50
2026-02-27T16:31:24.291934Z  INFO lead_lag_classic signal #3235: SAHARAUSDT | spread=184.55bps | dir=SHORT_LAGGER | bid_ask=-197.81bps ask_bid=184.55bps | leader=binance_futures lagger=gate_futures direction=SHORT_LAGGER bid_ask=-197.81 ask_bid=184.55
2026-02-27T16:31:24.758161Z  INFO lead_lag_classic signal #3236: ATHUSDT | spread=43.89bps | dir=SHORT_LAGGER | bid_ask=-65.44bps ask_bid=43.89bps | leader=binance_futures lagger=gate_futures direction=SHORT_LAGGER bid_ask=-65.44 ask_bid=43.89
2026-02-27T16:31:24.758276Z  INFO lead_lag_classic signal #3237: ESPUSDT | spread=35.63bps | dir=SHORT_LAGGER | bid_ask=-40.12bps ask_bid=35.63bps | leader=binance_futures lagger=gate_futures direction=SHORT_LAGGER bid_ask=-40.12 ask_bid=35.63
2026-02-27T16:31:24.758374Z  INFO lead_lag_classic signal #3238: POWERUSDT | spread=152.93bps | dir=SHORT_LAGGER | bid_ask=-159.36bps ask_bid=152.93bps | leader=binance_futures lagger=gate_futures direction=SHORT_LAGGER bid_ask=-159.36 ask_bid=152.93
2026-02-27T16:31:24.758438Z  INFO lead_lag_classic signal #3239: SAHARAUSDT | spread=184.47bps | dir=SHORT_LAGGER | bid_ask=-197.73bps ask_bid=184.47bps | leader=binance_futures lagger=gate_futures direction=SHORT_LAGGER bid_ask=-197.73 ask_bid=184.47
2026-02-27T16:31:24.932715Z  INFO lead_lag_classic signal #3240: POWERUSDT | spread=157.23bps | dir=SHORT_LAGGER | bid_ask=-162.66bps ask_bid=157.23bps | leader=binance_futures lagger=gate_futures direction=SHORT_LAGGER bid_ask=-162.66 ask_bid=157.23
2026-02-27T16:31:24.932813Z  INFO lead_lag_classic signal #3241: SAHARAUSDT | spread=175.74bps | dir=SHORT_LAGGER | bid_ask=-189.31bps ask_bid=175.74bps | leader=binance_futures lagger=gate_futures direction=SHORT_LAGGER bid_ask=-189.31 ask_bid=175.74
2026-02-27T16:31:25.300671Z  INFO lead_lag_classic signal #3242: ESPUSDT | spread=35.63bps | dir=SHORT_LAGGER | bid_ask=-40.12bps ask_bid=35.63bps | leader=binance_futures lagger=gate_futures direction=SHORT_LAGGER bid_ask=-40.12 ask_bid=35.63
2026-02-27T16:31:25.300809Z  INFO lead_lag_classic signal #3243: POWERUSDT | spread=156.09bps | dir=SHORT_LAGGER | bid_ask=-157.66bps ask_bid=156.09bps | leader=binance_futures lagger=gate_futures direction=SHORT_LAGGER bid_ask=-157.66 ask_bid=156.09
2026-02-27T16:31:25.300880Z  INFO lead_lag_classic signal #3244: SAHARAUSDT | spread=179.95bps | dir=SHORT_LAGGER | bid_ask=-197.56bps ask_bid=179.95bps | leader=binance_futures lagger=gate_futures direction=SHORT_LAGGER bid_ask=-197.56 ask_bid=179.95
2026-02-27T16:31:26.077559Z  INFO lead_lag_classic signal #3245: ATHUSDT | spread=43.89bps | dir=SHORT_LAGGER | bid_ask=-67.11bps ask_bid=43.89bps | leader=binance_futures lagger=gate_futures direction=SHORT_LAGGER bid_ask=-67.11 ask_bid=43.89
2026-02-27T16:31:26.077664Z  INFO lead_lag_classic signal #3246: BULLAUSDT | spread=64.10bps | dir=LONG_LAGGER | bid_ask=64.10bps ask_bid=-133.67bps | leader=binance_futures lagger=gate_futures direction=LONG_LAGGER bid_ask=64.10 ask_bid=-133.67
2026-02-27T16:31:26.077729Z  INFO lead_lag_classic signal #3247: ESPUSDT | spread=35.63bps | dir=SHORT_LAGGER | bid_ask=-40.12bps ask_bid=35.63bps | leader=binance_futures lagger=gate_futures direction=SHORT_LAGGER bid_ask=-40.12 ask_bid=35.63
2026-02-27T16:31:26.077812Z  INFO lead_lag_classic signal #3248: POWERUSDT | spread=158.34bps | dir=SHORT_LAGGER | bid_ask=-161.16bps ask_bid=158.34bps | leader=binance_futures lagger=gate_futures direction=SHORT_LAGGER bid_ask=-161.16 ask_bid=158.34
2026-02-27T16:31:26.077880Z  INFO lead_lag_classic signal #3249: SAHARAUSDT | spread=184.31bps | dir=SHORT_LAGGER | bid_ask=-197.56bps ask_bid=184.31bps | leader=binance_futures lagger=gate_futures direction=SHORT_LAGGER bid_ask=-197.56 ask_bid=184.31
2026-02-27T16:31:27.236978Z  INFO lead_lag_classic signal #3250: ATHUSDT | spread=43.89bps | dir=SHORT_LAGGER | bid_ask=-65.44bps ask_bid=43.89bps | leader=binance_futures lagger=gate_futures direction=SHORT_LAGGER bid_ask=-65.44 ask_bid=43.89
2026-02-27T16:31:27.435744Z  INFO lead_lag_classic signal #3251: ATHUSDT | spread=43.89bps | dir=SHORT_LAGGER | bid_ask=-65.44bps ask_bid=43.89bps | leader=binance_futures lagger=gate_futures direction=SHORT_LAGGER bid_ask=-65.44 ask_bid=43.89
2026-02-27T16:31:27.435844Z  INFO lead_lag_classic signal #3252: ENSOUSDT | spread=75.66bps | dir=SHORT_LAGGER | bid_ask=-86.71bps ask_bid=75.66bps | leader=binance_futures lagger=gate_futures direction=SHORT_LAGGER bid_ask=-86.71 ask_bid=75.66
2026-02-27T16:31:27.435939Z  INFO lead_lag_classic signal #3253: POWERUSDT | spread=150.31bps | dir=SHORT_LAGGER | bid_ask=-153.76bps ask_bid=150.31bps | leader=binance_futures lagger=gate_futures direction=SHORT_LAGGER bid_ask=-153.76 ask_bid=150.31
2026-02-27T16:31:27.435994Z  INFO lead_lag_classic signal #3254: SAHARAUSDT | spread=184.23bps | dir=SHORT_LAGGER | bid_ask=-197.48bps ask_bid=184.23bps | leader=binance_futures lagger=gate_futures direction=SHORT_LAGGER bid_ask=-197.48 ask_bid=184.23
2026-02-27T16:31:27.645889Z  INFO lead_lag_classic signal #3255: ENSOUSDT | spread=75.66bps | dir=SHORT_LAGGER | bid_ask=-86.71bps ask_bid=75.66bps | leader=binance_futures lagger=gate_futures direction=SHORT_LAGGER bid_ask=-86.71 ask_bid=75.66
2026-02-27T16:31:27.645970Z  INFO lead_lag_classic signal #3256: ESPUSDT | spread=34.85bps | dir=SHORT_LAGGER | bid_ask=-38.57bps ask_bid=34.85bps | leader=binance_futures lagger=gate_futures direction=SHORT_LAGGER bid_ask=-38.57 ask_bid=34.85
2026-02-27T16:31:27.646062Z  INFO lead_lag_classic signal #3257: POWERUSDT | spread=153.17bps | dir=SHORT_LAGGER | bid_ask=-158.59bps ask_bid=153.17bps | leader=binance_futures lagger=gate_futures direction=SHORT_LAGGER bid_ask=-158.59 ask_bid=153.17
2026-02-27T16:31:27.646118Z  INFO lead_lag_classic signal #3258: SAHARAUSDT | spread=175.51bps | dir=SHORT_LAGGER | bid_ask=-189.08bps ask_bid=175.51bps | leader=binance_futures lagger=gate_futures direction=SHORT_LAGGER bid_ask=-189.08 ask_bid=175.51
2026-02-27T16:31:27.824326Z  INFO lead_lag_classic signal #3259: SAHARAUSDT | spread=184.08bps | dir=SHORT_LAGGER | bid_ask=-197.31bps ask_bid=184.08bps | leader=binance_futures lagger=gate_futures direction=SHORT_LAGGER bid_ask=-197.31 ask_bid=184.08
2026-02-27T16:31:28.038708Z  INFO lead_lag_classic signal #3260: ESPUSDT | spread=34.85bps | dir=SHORT_LAGGER | bid_ask=-38.57bps ask_bid=34.85bps | leader=binance_futures lagger=gate_futures direction=SHORT_LAGGER bid_ask=-38.57 ask_bid=34.85
2026-02-27T16:31:28.038841Z  INFO lead_lag_classic signal #3261: POWERUSDT | spread=155.69bps | dir=SHORT_LAGGER | bid_ask=-158.90bps ask_bid=155.69bps | leader=binance_futures lagger=gate_futures direction=SHORT_LAGGER bid_ask=-158.90 ask_bid=155.69
2026-02-27T16:31:28.038904Z  INFO lead_lag_classic signal #3262: SAHARAUSDT | spread=184.08bps | dir=SHORT_LAGGER | bid_ask=-197.31bps ask_bid=184.08bps | leader=binance_futures lagger=gate_futures direction=SHORT_LAGGER bid_ask=-197.31 ask_bid=184.08
2026-02-27T16:31:28.039373Z  INFO Status: tickers=137432 (+856/5s) signals=3262 drift=[n=856 avg=194ms p50=159ms p95=491ms p99=769ms max=1493ms]
2026-02-27T16:31:28.239230Z  INFO lead_lag_classic signal #3263: ESPUSDT | spread=34.85bps | dir=SHORT_LAGGER | bid_ask=-38.57bps ask_bid=34.85bps | leader=binance_futures lagger=gate_futures direction=SHORT_LAGGER bid_ask=-38.57 ask_bid=34.85
2026-02-27T16:31:28.239354Z  INFO lead_lag_classic signal #3264: POWERUSDT | spread=157.05bps | dir=SHORT_LAGGER | bid_ask=-162.07bps ask_bid=157.05bps | leader=binance_futures lagger=gate_futures direction=SHORT_LAGGER bid_ask=-162.07 ask_bid=157.05
2026-02-27T16:31:28.239412Z  INFO lead_lag_classic signal #3265: SAHARAUSDT | spread=184.08bps | dir=SHORT_LAGGER | bid_ask=-201.51bps ask_bid=184.08bps | leader=binance_futures lagger=gate_futures direction=SHORT_LAGGER bid_ask=-201.51 ask_bid=184.08
2026-02-27T16:31:29.244546Z  INFO lead_lag_classic signal #3266: POWERUSDT | spread=160.00bps | dir=SHORT_LAGGER | bid_ask=-162.76bps ask_bid=160.00bps | leader=binance_futures lagger=gate_futures direction=SHORT_LAGGER bid_ask=-162.76 ask_bid=160.00
2026-02-27T16:31:29.244638Z  INFO lead_lag_classic signal #3267: SAHARAUSDT | spread=188.36bps | dir=SHORT_LAGGER | bid_ask=-197.31bps ask_bid=188.36bps | leader=binance_futures lagger=gate_futures direction=SHORT_LAGGER bid_ask=-197.31 ask_bid=188.36
2026-02-27T16:31:30.163147Z  INFO lead_lag_classic signal #3268: POWERUSDT | spread=162.39bps | dir=SHORT_LAGGER | bid_ask=-162.46bps ask_bid=162.39bps | leader=binance_futures lagger=gate_futures direction=SHORT_LAGGER bid_ask=-162.46 ask_bid=162.39
2026-02-27T16:31:30.163282Z  INFO lead_lag_classic signal #3269: SAHARAUSDT | spread=179.95bps | dir=SHORT_LAGGER | bid_ask=-193.36bps ask_bid=179.95bps | leader=binance_futures lagger=gate_futures direction=SHORT_LAGGER bid_ask=-193.36 ask_bid=179.95
2026-02-27T16:31:30.327661Z  INFO lead_lag_classic signal #3270: POWERUSDT | spread=160.88bps | dir=SHORT_LAGGER | bid_ask=-162.33bps ask_bid=160.88bps | leader=binance_futures lagger=gate_futures direction=SHORT_LAGGER bid_ask=-162.33 ask_bid=160.88
2026-02-27T16:31:30.327750Z  INFO lead_lag_classic signal #3271: SAHARAUSDT | spread=179.95bps | dir=SHORT_LAGGER | bid_ask=-193.36bps ask_bid=179.95bps | leader=binance_futures lagger=gate_futures direction=SHORT_LAGGER bid_ask=-193.36 ask_bid=179.95
2026-02-27T16:31:31.906437Z  INFO lead_lag_classic signal #3272: ESPUSDT | spread=35.63bps | dir=SHORT_LAGGER | bid_ask=-40.12bps ask_bid=35.63bps | leader=binance_futures lagger=gate_futures direction=SHORT_LAGGER bid_ask=-40.12 ask_bid=35.63
2026-02-27T16:31:31.906592Z  INFO lead_lag_classic signal #3273: POWERUSDT | spread=155.11bps | dir=SHORT_LAGGER | bid_ask=-160.61bps ask_bid=155.11bps | leader=binance_futures lagger=gate_futures direction=SHORT_LAGGER bid_ask=-160.61 ask_bid=155.11
2026-02-27T16:31:31.906648Z  INFO lead_lag_classic signal #3274: SAHARAUSDT | spread=184.23bps | dir=SHORT_LAGGER | bid_ask=-201.68bps ask_bid=184.23bps | leader=binance_futures lagger=gate_futures direction=SHORT_LAGGER bid_ask=-201.68 ask_bid=184.23
2026-02-27T16:31:32.240524Z  INFO lead_lag_classic signal #3275: BULLAUSDT | spread=57.69bps | dir=LONG_LAGGER | bid_ask=57.69bps ask_bid=-127.38bps | leader=binance_futures lagger=gate_futures direction=LONG_LAGGER bid_ask=57.69 ask_bid=-127.38
2026-02-27T16:31:32.240629Z  INFO lead_lag_classic signal #3276: ESPUSDT | spread=35.63bps | dir=SHORT_LAGGER | bid_ask=-40.12bps ask_bid=35.63bps | leader=binance_futures lagger=gate_futures direction=SHORT_LAGGER bid_ask=-40.12 ask_bid=35.63
2026-02-27T16:31:32.240735Z  INFO lead_lag_classic signal #3277: POWERUSDT | spread=149.91bps | dir=SHORT_LAGGER | bid_ask=-157.75bps ask_bid=149.91bps | leader=binance_futures lagger=gate_futures direction=SHORT_LAGGER bid_ask=-157.75 ask_bid=149.91
2026-02-27T16:31:32.564903Z  INFO lead_lag_classic signal #3278: ESPUSDT | spread=34.85bps | dir=SHORT_LAGGER | bid_ask=-40.12bps ask_bid=34.85bps | leader=binance_futures lagger=gate_futures direction=SHORT_LAGGER bid_ask=-40.12 ask_bid=34.85
2026-02-27T16:31:32.565048Z  INFO lead_lag_classic signal #3279: POWERUSDT | spread=151.21bps | dir=SHORT_LAGGER | bid_ask=-157.75bps ask_bid=151.21bps | leader=binance_futures lagger=gate_futures direction=SHORT_LAGGER bid_ask=-157.75 ask_bid=151.21
2026-02-27T16:31:32.565106Z  INFO lead_lag_classic signal #3280: SAHARAUSDT | spread=175.59bps | dir=SHORT_LAGGER | bid_ask=-189.16bps ask_bid=175.59bps | leader=binance_futures lagger=gate_futures direction=SHORT_LAGGER bid_ask=-189.16 ask_bid=175.59
2026-02-27T16:31:33.029078Z  INFO lead_lag_classic signal #3281: POWERUSDT | spread=151.21bps | dir=SHORT_LAGGER | bid_ask=-157.75bps ask_bid=151.21bps | leader=binance_futures lagger=gate_futures direction=SHORT_LAGGER bid_ask=-157.75 ask_bid=151.21
2026-02-27T16:31:33.029172Z  INFO lead_lag_classic signal #3282: SAHARAUSDT | spread=179.64bps | dir=SHORT_LAGGER | bid_ask=-193.03bps ask_bid=179.64bps | leader=binance_futures lagger=gate_futures direction=SHORT_LAGGER bid_ask=-193.03 ask_bid=179.64
2026-02-27T16:31:33.518823Z  INFO lead_lag_classic signal #3283: SAHARAUSDT | spread=183.84bps | dir=SHORT_LAGGER | bid_ask=-192.95bps ask_bid=183.84bps | leader=binance_futures lagger=gate_futures direction=SHORT_LAGGER bid_ask=-192.95 ask_bid=183.84
2026-02-27T16:31:33.519301Z  INFO Status: tickers=138341 (+909/5s) signals=3283 drift=[n=909 avg=182ms p50=148ms p95=448ms p99=734ms max=948ms]
2026-02-27T16:31:34.150237Z  INFO lead_lag_classic signal #3284: SAHARAUSDT | spread=188.20bps | dir=SHORT_LAGGER | bid_ask=-197.15bps ask_bid=188.20bps | leader=binance_futures lagger=gate_futures direction=SHORT_LAGGER bid_ask=-197.15 ask_bid=188.20
2026-02-27T16:31:34.336661Z  INFO lead_lag_classic signal #3285: SAHARAUSDT | spread=188.20bps | dir=SHORT_LAGGER | bid_ask=-197.15bps ask_bid=188.20bps | leader=binance_futures lagger=gate_futures direction=SHORT_LAGGER bid_ask=-197.15 ask_bid=188.20
2026-02-27T16:31:35.389072Z  INFO lead_lag_classic signal #3286: ESPUSDT | spread=37.18bps | dir=SHORT_LAGGER | bid_ask=-40.89bps ask_bid=37.18bps | leader=binance_futures lagger=gate_futures direction=SHORT_LAGGER bid_ask=-40.89 ask_bid=37.18
2026-02-27T16:31:35.389228Z  INFO lead_lag_classic signal #3287: POWERUSDT | spread=157.21bps | dir=SHORT_LAGGER | bid_ask=-162.53bps ask_bid=157.21bps | leader=binance_futures lagger=gate_futures direction=SHORT_LAGGER bid_ask=-162.53 ask_bid=157.21
2026-02-27T16:31:35.389287Z  INFO lead_lag_classic signal #3288: SAHARAUSDT | spread=188.20bps | dir=SHORT_LAGGER | bid_ask=-197.15bps ask_bid=188.20bps | leader=binance_futures lagger=gate_futures direction=SHORT_LAGGER bid_ask=-197.15 ask_bid=188.20
2026-02-27T16:31:35.914716Z  INFO lead_lag_classic signal #3289: ATHUSDT | spread=40.50bps | dir=SHORT_LAGGER | bid_ask=-58.72bps ask_bid=40.50bps | leader=binance_futures lagger=gate_futures direction=SHORT_LAGGER bid_ask=-58.72 ask_bid=40.50
2026-02-27T16:31:35.914830Z  INFO lead_lag_classic signal #3290: ESPUSDT | spread=37.18bps | dir=SHORT_LAGGER | bid_ask=-40.89bps ask_bid=37.18bps | leader=binance_futures lagger=gate_futures direction=SHORT_LAGGER bid_ask=-40.89 ask_bid=37.18
2026-02-27T16:31:35.914918Z  INFO lead_lag_classic signal #3291: POWERUSDT | spread=156.12bps | dir=SHORT_LAGGER | bid_ask=-158.99bps ask_bid=156.12bps | leader=binance_futures lagger=gate_futures direction=SHORT_LAGGER bid_ask=-158.99 ask_bid=156.12
2026-02-27T16:31:35.914974Z  INFO lead_lag_classic signal #3292: SAHARAUSDT | spread=183.92bps | dir=SHORT_LAGGER | bid_ask=-197.15bps ask_bid=183.92bps | leader=binance_futures lagger=gate_futures direction=SHORT_LAGGER bid_ask=-197.15 ask_bid=183.92
2026-02-27T16:31:36.990836Z  INFO lead_lag_classic signal #3293: POWERUSDT | spread=153.80bps | dir=SHORT_LAGGER | bid_ask=-159.62bps ask_bid=153.80bps | leader=binance_futures lagger=gate_futures direction=SHORT_LAGGER bid_ask=-159.62 ask_bid=153.80
2026-02-27T16:31:37.146857Z  INFO lead_lag_classic signal #3294: ATHUSDT | spread=32.04bps | dir=SHORT_LAGGER | bid_ask=-68.68bps ask_bid=32.04bps | leader=binance_futures lagger=gate_futures direction=SHORT_LAGGER bid_ask=-68.68 ask_bid=32.04
2026-02-27T16:31:37.146995Z  INFO lead_lag_classic signal #3295: POWERUSDT | spread=153.80bps | dir=SHORT_LAGGER | bid_ask=-159.62bps ask_bid=153.80bps | leader=binance_futures lagger=gate_futures direction=SHORT_LAGGER bid_ask=-159.62 ask_bid=153.80
2026-02-27T16:31:37.147050Z  INFO lead_lag_classic signal #3296: SAHARAUSDT | spread=188.20bps | dir=SHORT_LAGGER | bid_ask=-193.03bps ask_bid=188.20bps | leader=binance_futures lagger=gate_futures direction=SHORT_LAGGER bid_ask=-193.03 ask_bid=188.20
2026-02-27T16:31:37.612168Z  INFO lead_lag_classic signal #3297: ATHUSDT | spread=35.42bps | dir=SHORT_LAGGER | bid_ask=-73.70bps ask_bid=35.42bps | leader=binance_futures lagger=gate_futures direction=SHORT_LAGGER bid_ask=-73.70 ask_bid=35.42
2026-02-27T16:31:37.612280Z  INFO lead_lag_classic signal #3298: ESPUSDT | spread=37.18bps | dir=SHORT_LAGGER | bid_ask=-40.89bps ask_bid=37.18bps | leader=binance_futures lagger=gate_futures direction=SHORT_LAGGER bid_ask=-40.89 ask_bid=37.18
2026-02-27T16:31:37.612375Z  INFO lead_lag_classic signal #3299: POWERUSDT | spread=153.80bps | dir=SHORT_LAGGER | bid_ask=-158.70bps ask_bid=153.80bps | leader=binance_futures lagger=gate_futures direction=SHORT_LAGGER bid_ask=-158.70 ask_bid=153.80
2026-02-27T16:31:37.612435Z  INFO lead_lag_classic signal #3300: SAHARAUSDT | spread=188.20bps | dir=SHORT_LAGGER | bid_ask=-193.03bps ask_bid=188.20bps | leader=binance_futures lagger=gate_futures direction=SHORT_LAGGER bid_ask=-193.03 ask_bid=188.20
2026-02-27T16:31:38.414472Z  INFO lead_lag_classic signal #3301: ESPUSDT | spread=37.96bps | dir=SHORT_LAGGER | bid_ask=-41.66bps ask_bid=37.96bps | leader=binance_futures lagger=gate_futures direction=SHORT_LAGGER bid_ask=-41.66 ask_bid=37.96
2026-02-27T16:31:38.962043Z  INFO lead_lag_classic signal #3302: ATHUSDT | spread=38.81bps | dir=SHORT_LAGGER | bid_ask=-60.40bps ask_bid=38.81bps | leader=binance_futures lagger=gate_futures direction=SHORT_LAGGER bid_ask=-60.40 ask_bid=38.81
2026-02-27T16:31:38.962147Z  INFO lead_lag_classic signal #3303: ENSOUSDT | spread=74.86bps | dir=SHORT_LAGGER | bid_ask=-83.87bps ask_bid=74.86bps | leader=binance_futures lagger=gate_futures direction=SHORT_LAGGER bid_ask=-83.87 ask_bid=74.86
2026-02-27T16:31:38.962254Z  INFO lead_lag_classic signal #3304: SAHARAUSDT | spread=197.09bps | dir=SHORT_LAGGER | bid_ask=-205.71bps ask_bid=197.09bps | leader=binance_futures lagger=gate_futures direction=SHORT_LAGGER bid_ask=-205.71 ask_bid=197.09
2026-02-27T16:31:38.962726Z  INFO Status: tickers=139241 (+900/5s) signals=3304 drift=[n=900 avg=170ms p50=144ms p95=402ms p99=812ms max=1406ms]
2026-02-27T16:31:39.127385Z  INFO lead_lag_classic signal #3305: ATHUSDT | spread=37.11bps | dir=SHORT_LAGGER | bid_ask=-57.05bps ask_bid=37.11bps | leader=binance_futures lagger=gate_futures direction=SHORT_LAGGER bid_ask=-57.05 ask_bid=37.11
2026-02-27T16:31:39.127482Z  INFO lead_lag_classic signal #3306: ENSOUSDT | spread=74.86bps | dir=SHORT_LAGGER | bid_ask=-83.87bps ask_bid=74.86bps | leader=binance_futures lagger=gate_futures direction=SHORT_LAGGER bid_ask=-83.87 ask_bid=74.86
2026-02-27T16:31:39.127574Z  INFO lead_lag_classic signal #3307: SAHARAUSDT | spread=201.46bps | dir=SHORT_LAGGER | bid_ask=-209.91bps ask_bid=201.46bps | leader=binance_futures lagger=gate_futures direction=SHORT_LAGGER bid_ask=-209.91 ask_bid=201.46
2026-02-27T16:31:39.711196Z  INFO lead_lag_classic signal #3308: ATHUSDT | spread=37.11bps | dir=SHORT_LAGGER | bid_ask=-58.72bps ask_bid=37.11bps | leader=binance_futures lagger=gate_futures direction=SHORT_LAGGER bid_ask=-58.72 ask_bid=37.11
2026-02-27T16:31:39.711327Z  INFO lead_lag_classic signal #3309: ENSOUSDT | spread=76.25bps | dir=SHORT_LAGGER | bid_ask=-81.14bps ask_bid=76.25bps | leader=binance_futures lagger=gate_futures direction=SHORT_LAGGER bid_ask=-81.14 ask_bid=76.25
2026-02-27T16:31:39.711377Z  INFO lead_lag_classic signal #3310: ESPUSDT | spread=41.85bps | dir=SHORT_LAGGER | bid_ask=-45.52bps ask_bid=41.85bps | leader=binance_futures lagger=gate_futures direction=SHORT_LAGGER bid_ask=-45.52 ask_bid=41.85
2026-02-27T16:31:39.711472Z  INFO lead_lag_classic signal #3311: POWERUSDT | spread=158.51bps | dir=SHORT_LAGGER | bid_ask=-163.26bps ask_bid=158.51bps | leader=binance_futures lagger=gate_futures direction=SHORT_LAGGER bid_ask=-163.26 ask_bid=158.51
2026-02-27T16:31:39.711539Z  INFO lead_lag_classic signal #3312: SAHARAUSDT | spread=175.66bps | dir=SHORT_LAGGER | bid_ask=-185.11bps ask_bid=175.66bps | leader=binance_futures lagger=gate_futures direction=SHORT_LAGGER bid_ask=-185.11 ask_bid=175.66
2026-02-27T16:31:40.995070Z  INFO lead_lag_classic signal #3313: ATHUSDT | spread=45.59bps | dir=SHORT_LAGGER | bid_ask=-67.11bps ask_bid=45.59bps | leader=binance_futures lagger=gate_futures direction=SHORT_LAGGER bid_ask=-67.11 ask_bid=45.59
2026-02-27T16:31:40.995165Z  INFO lead_lag_classic signal #3314: BULLAUSDT | spread=57.69bps | dir=LONG_LAGGER | bid_ask=57.69bps ask_bid=-127.38bps | leader=binance_futures lagger=gate_futures direction=LONG_LAGGER bid_ask=57.69 ask_bid=-127.38
2026-02-27T16:31:41.501465Z  INFO lead_lag_classic signal #3315: ENSOUSDT | spread=71.40bps | dir=SHORT_LAGGER | bid_ask=-76.36bps ask_bid=71.40bps | leader=binance_futures lagger=gate_futures direction=SHORT_LAGGER bid_ask=-76.36 ask_bid=71.40
2026-02-27T16:31:41.501542Z  INFO lead_lag_classic signal #3316: ESPUSDT | spread=34.10bps | dir=SHORT_LAGGER | bid_ask=-41.68bps ask_bid=34.10bps | leader=binance_futures lagger=gate_futures direction=SHORT_LAGGER bid_ask=-41.68 ask_bid=34.10
2026-02-27T16:31:41.501640Z  INFO lead_lag_classic signal #3317: POWERUSDT | spread=155.67bps | dir=SHORT_LAGGER | bid_ask=-159.87bps ask_bid=155.67bps | leader=binance_futures lagger=gate_futures direction=SHORT_LAGGER bid_ask=-159.87 ask_bid=155.67
2026-02-27T16:31:41.501695Z  INFO lead_lag_classic signal #3318: SAHARAUSDT | spread=180.03bps | dir=SHORT_LAGGER | bid_ask=-193.44bps ask_bid=180.03bps | leader=binance_futures lagger=gate_futures direction=SHORT_LAGGER bid_ask=-193.44 ask_bid=180.03
2026-02-27T16:31:42.247484Z  INFO lead_lag_classic signal #3319: ENSOUSDT | spread=72.09bps | dir=SHORT_LAGGER | bid_ask=-77.73bps ask_bid=72.09bps | leader=binance_futures lagger=gate_futures direction=SHORT_LAGGER bid_ask=-77.73 ask_bid=72.09
2026-02-27T16:31:42.247560Z  INFO lead_lag_classic signal #3320: ESPUSDT | spread=34.10bps | dir=SHORT_LAGGER | bid_ask=-41.68bps ask_bid=34.10bps | leader=binance_futures lagger=gate_futures direction=SHORT_LAGGER bid_ask=-41.68 ask_bid=34.10
2026-02-27T16:31:42.601796Z  INFO lead_lag_classic signal #3321: ATHUSDT | spread=37.11bps | dir=SHORT_LAGGER | bid_ask=-55.37bps ask_bid=37.11bps | leader=binance_futures lagger=gate_futures direction=SHORT_LAGGER bid_ask=-55.37 ask_bid=37.11
2026-02-27T16:31:42.601884Z  INFO lead_lag_classic signal #3322: ENSOUSDT | spread=72.09bps | dir=SHORT_LAGGER | bid_ask=-77.04bps ask_bid=72.09bps | leader=binance_futures lagger=gate_futures direction=SHORT_LAGGER bid_ask=-77.04 ask_bid=72.09
2026-02-27T16:31:42.601923Z  INFO lead_lag_classic signal #3323: ESPUSDT | spread=32.55bps | dir=SHORT_LAGGER | bid_ask=-40.91bps ask_bid=32.55bps | leader=binance_futures lagger=gate_futures direction=SHORT_LAGGER bid_ask=-40.91 ask_bid=32.55
2026-02-27T16:31:42.602027Z  INFO lead_lag_classic signal #3324: SAHARAUSDT | spread=175.74bps | dir=SHORT_LAGGER | bid_ask=-185.19bps ask_bid=175.74bps | leader=binance_futures lagger=gate_futures direction=SHORT_LAGGER bid_ask=-185.19 ask_bid=175.74
2026-02-27T16:31:42.951675Z  INFO lead_lag_classic signal #3325: ENSOUSDT | spread=72.09bps | dir=SHORT_LAGGER | bid_ask=-77.04bps ask_bid=72.09bps | leader=binance_futures lagger=gate_futures direction=SHORT_LAGGER bid_ask=-77.04 ask_bid=72.09
2026-02-27T16:31:43.307418Z  INFO lead_lag_classic signal #3326: ATHUSDT | spread=37.11bps | dir=SHORT_LAGGER | bid_ask=-55.37bps ask_bid=37.11bps | leader=binance_futures lagger=gate_futures direction=SHORT_LAGGER bid_ask=-55.37 ask_bid=37.11
2026-02-27T16:31:43.307574Z  INFO lead_lag_classic signal #3327: POWERUSDT | spread=148.77bps | dir=SHORT_LAGGER | bid_ask=-159.65bps ask_bid=148.77bps | leader=binance_futures lagger=gate_futures direction=SHORT_LAGGER bid_ask=-159.65 ask_bid=148.77
2026-02-27T16:31:43.307640Z  INFO lead_lag_classic signal #3328: SAHARAUSDT | spread=206.27bps | dir=SHORT_LAGGER | bid_ask=-214.56bps ask_bid=206.27bps | leader=binance_futures lagger=gate_futures direction=SHORT_LAGGER bid_ask=-214.56 ask_bid=206.27
2026-02-27T16:31:43.428169Z  INFO lead_lag_classic signal #3329: ATHUSDT | spread=33.73bps | dir=SHORT_LAGGER | bid_ask=-53.69bps ask_bid=33.73bps | leader=binance_futures lagger=gate_futures direction=SHORT_LAGGER bid_ask=-53.69 ask_bid=33.73
2026-02-27T16:31:43.428285Z  INFO lead_lag_classic signal #3330: POWERUSDT | spread=150.40bps | dir=SHORT_LAGGER | bid_ask=-160.51bps ask_bid=150.40bps | leader=binance_futures lagger=gate_futures direction=SHORT_LAGGER bid_ask=-160.51 ask_bid=150.40
2026-02-27T16:31:43.428333Z  INFO lead_lag_classic signal #3331: SAHARAUSDT | spread=206.27bps | dir=SHORT_LAGGER | bid_ask=-214.56bps ask_bid=206.27bps | leader=binance_futures lagger=gate_futures direction=SHORT_LAGGER bid_ask=-214.56 ask_bid=206.27
2026-02-27T16:31:44.473532Z  INFO Status: tickers=140156 (+915/5s) signals=3331 drift=[n=915 avg=190ms p50=155ms p95=489ms p99=777ms max=1145ms]
2026-02-27T16:31:45.597121Z  INFO lead_lag_classic signal #3332: ATHUSDT | spread=43.82bps | dir=SHORT_LAGGER | bid_ask=-61.98bps ask_bid=43.82bps | leader=binance_futures lagger=gate_futures direction=SHORT_LAGGER bid_ask=-61.98 ask_bid=43.82
2026-02-27T16:31:45.597222Z  INFO lead_lag_classic signal #3333: ENSOUSDT | spread=73.49bps | dir=SHORT_LAGGER | bid_ask=-77.74bps ask_bid=73.49bps | leader=binance_futures lagger=gate_futures direction=SHORT_LAGGER bid_ask=-77.74 ask_bid=73.49
2026-02-27T16:31:45.597270Z  INFO lead_lag_classic signal #3334: ESPUSDT | spread=31.76bps | dir=SHORT_LAGGER | bid_ask=-42.43bps ask_bid=31.76bps | leader=binance_futures lagger=gate_futures direction=SHORT_LAGGER bid_ask=-42.43 ask_bid=31.76
2026-02-27T16:31:45.597372Z  INFO lead_lag_classic signal #3335: POWERUSDT | spread=156.97bps | dir=SHORT_LAGGER | bid_ask=-163.28bps ask_bid=156.97bps | leader=binance_futures lagger=gate_futures direction=SHORT_LAGGER bid_ask=-163.28 ask_bid=156.97
2026-02-27T16:31:45.597436Z  INFO lead_lag_classic signal #3336: SAHARAUSDT | spread=184.87bps | dir=SHORT_LAGGER | bid_ask=-194.01bps ask_bid=184.87bps | leader=binance_futures lagger=gate_futures direction=SHORT_LAGGER bid_ask=-194.01 ask_bid=184.87
2026-02-27T16:31:45.917648Z  INFO lead_lag_classic signal #3337: ENSOUSDT | spread=73.49bps | dir=SHORT_LAGGER | bid_ask=-77.74bps ask_bid=73.49bps | leader=binance_futures lagger=gate_futures direction=SHORT_LAGGER bid_ask=-77.74 ask_bid=73.49
2026-02-27T16:31:45.917769Z  INFO lead_lag_classic signal #3338: POWERUSDT | spread=157.18bps | dir=SHORT_LAGGER | bid_ask=-164.60bps ask_bid=157.18bps | leader=binance_futures lagger=gate_futures direction=SHORT_LAGGER bid_ask=-164.60 ask_bid=157.18
2026-02-27T16:31:45.917818Z  INFO lead_lag_classic signal #3339: SAHARAUSDT | spread=198.02bps | dir=SHORT_LAGGER | bid_ask=-206.66bps ask_bid=198.02bps | leader=binance_futures lagger=gate_futures direction=SHORT_LAGGER bid_ask=-206.66 ask_bid=198.02
2026-02-27T16:31:47.718843Z  INFO lead_lag_classic signal #3340: ATHUSDT | spread=43.82bps | dir=SHORT_LAGGER | bid_ask=-61.98bps ask_bid=43.82bps | leader=binance_futures lagger=gate_futures direction=SHORT_LAGGER bid_ask=-61.98 ask_bid=43.82
2026-02-27T16:31:47.718990Z  INFO lead_lag_classic signal #3341: ENSOUSDT | spread=63.05bps | dir=SHORT_LAGGER | bid_ask=-71.55bps ask_bid=63.05bps | leader=binance_futures lagger=gate_futures direction=SHORT_LAGGER bid_ask=-71.55 ask_bid=63.05
2026-02-27T16:31:47.719059Z  INFO lead_lag_classic signal #3342: HUSDT | spread=41.85bps | dir=LONG_LAGGER | bid_ask=41.85bps ask_bid=-49.17bps | leader=binance_futures lagger=gate_futures direction=LONG_LAGGER bid_ask=41.85 ask_bid=-49.17
2026-02-27T16:31:47.719153Z  INFO lead_lag_classic signal #3343: POWERUSDT | spread=154.14bps | dir=SHORT_LAGGER | bid_ask=-158.39bps ask_bid=154.14bps | leader=binance_futures lagger=gate_futures direction=SHORT_LAGGER bid_ask=-158.39 ask_bid=154.14
2026-02-27T16:31:47.719208Z  INFO lead_lag_classic signal #3344: SAHARAUSDT | spread=202.59bps | dir=SHORT_LAGGER | bid_ask=-215.19bps ask_bid=202.59bps | leader=binance_futures lagger=gate_futures direction=SHORT_LAGGER bid_ask=-215.19 ask_bid=202.59
2026-02-27T16:31:49.474653Z  INFO lead_lag_classic signal #3345: ENSOUSDT | spread=66.53bps | dir=SHORT_LAGGER | bid_ask=-77.03bps ask_bid=66.53bps | leader=binance_futures lagger=gate_futures direction=SHORT_LAGGER bid_ask=-77.03 ask_bid=66.53
2026-02-27T16:31:49.474803Z  INFO lead_lag_classic signal #3346: POWERUSDT | spread=149.83bps | dir=SHORT_LAGGER | bid_ask=-156.17bps ask_bid=149.83bps | leader=binance_futures lagger=gate_futures direction=SHORT_LAGGER bid_ask=-156.17 ask_bid=149.83
2026-02-27T16:31:49.475247Z  INFO Status: tickers=140977 (+821/5s) signals=3346 drift=[n=821 avg=200ms p50=164ms p95=504ms p99=767ms max=1165ms]
2026-02-27T16:31:49.786446Z  INFO lead_lag_classic signal #3347: POWERUSDT | spread=149.90bps | dir=SHORT_LAGGER | bid_ask=-157.43bps ask_bid=149.90bps | leader=binance_futures lagger=gate_futures direction=SHORT_LAGGER bid_ask=-157.43 ask_bid=149.90
2026-02-27T16:31:50.103542Z  INFO lead_lag_classic signal #3348: ENSOUSDT | spread=65.14bps | dir=SHORT_LAGGER | bid_ask=-77.02bps ask_bid=65.14bps | leader=binance_futures lagger=gate_futures direction=SHORT_LAGGER bid_ask=-77.02 ask_bid=65.14
2026-02-27T16:31:50.103620Z  INFO lead_lag_classic signal #3349: ESPUSDT | spread=34.08bps | dir=SHORT_LAGGER | bid_ask=-40.89bps ask_bid=34.08bps | leader=binance_futures lagger=gate_futures direction=SHORT_LAGGER bid_ask=-40.89 ask_bid=34.08
2026-02-27T16:31:50.103714Z  INFO lead_lag_classic signal #3350: SAHARAUSDT | spread=176.57bps | dir=SHORT_LAGGER | bid_ask=-190.19bps ask_bid=176.57bps | leader=binance_futures lagger=gate_futures direction=SHORT_LAGGER bid_ask=-190.19 ask_bid=176.57
2026-02-27T16:31:50.913880Z  INFO lead_lag_classic signal #3351: ENSOUSDT | spread=65.14bps | dir=SHORT_LAGGER | bid_ask=-77.02bps ask_bid=65.14bps | leader=binance_futures lagger=gate_futures direction=SHORT_LAGGER bid_ask=-77.02 ask_bid=65.14
2026-02-27T16:31:50.913957Z  INFO lead_lag_classic signal #3352: ESPUSDT | spread=34.08bps | dir=SHORT_LAGGER | bid_ask=-40.89bps ask_bid=34.08bps | leader=binance_futures lagger=gate_futures direction=SHORT_LAGGER bid_ask=-40.89 ask_bid=34.08
2026-02-27T16:31:52.183942Z  INFO lead_lag_classic signal #3353: ENSOUSDT | spread=66.52bps | dir=SHORT_LAGGER | bid_ask=-74.29bps ask_bid=66.52bps | leader=binance_futures lagger=gate_futures direction=SHORT_LAGGER bid_ask=-74.29 ask_bid=66.52
2026-02-27T16:31:52.184021Z  INFO lead_lag_classic signal #3354: ESPUSDT | spread=34.08bps | dir=SHORT_LAGGER | bid_ask=-40.89bps ask_bid=34.08bps | leader=binance_futures lagger=gate_futures direction=SHORT_LAGGER bid_ask=-40.89 ask_bid=34.08
2026-02-27T16:31:52.184114Z  INFO lead_lag_classic signal #3355: POWERUSDT | spread=156.63bps | dir=SHORT_LAGGER | bid_ask=-162.76bps ask_bid=156.63bps | leader=binance_futures lagger=gate_futures direction=SHORT_LAGGER bid_ask=-162.76 ask_bid=156.63
2026-02-27T16:31:52.184186Z  INFO lead_lag_classic signal #3356: SAHARAUSDT | spread=184.87bps | dir=SHORT_LAGGER | bid_ask=-198.15bps ask_bid=184.87bps | leader=binance_futures lagger=gate_futures direction=SHORT_LAGGER bid_ask=-198.15 ask_bid=184.87
2026-02-27T16:31:52.834615Z  INFO lead_lag_classic signal #3357: ATHUSDT | spread=48.90bps | dir=SHORT_LAGGER | bid_ask=-70.35bps ask_bid=48.90bps | leader=binance_futures lagger=gate_futures direction=SHORT_LAGGER bid_ask=-70.35 ask_bid=48.90
2026-02-27T16:31:52.834725Z  INFO lead_lag_classic signal #3358: BULLAUSDT | spread=57.69bps | dir=LONG_LAGGER | bid_ask=57.69bps ask_bid=-133.67bps | leader=binance_futures lagger=gate_futures direction=LONG_LAGGER bid_ask=57.69 ask_bid=-133.67
2026-02-27T16:31:53.402491Z  INFO lead_lag_classic signal #3359: ATHUSDT | spread=48.90bps | dir=SHORT_LAGGER | bid_ask=-68.68bps ask_bid=48.90bps | leader=binance_futures lagger=gate_futures direction=SHORT_LAGGER bid_ask=-68.68 ask_bid=48.90
2026-02-27T16:31:53.402602Z  INFO lead_lag_classic signal #3360: ENSOUSDT | spread=66.52bps | dir=SHORT_LAGGER | bid_ask=-76.34bps ask_bid=66.52bps | leader=binance_futures lagger=gate_futures direction=SHORT_LAGGER bid_ask=-76.34 ask_bid=66.52
2026-02-27T16:31:53.402647Z  INFO lead_lag_classic signal #3361: ESPUSDT | spread=34.08bps | dir=SHORT_LAGGER | bid_ask=-40.89bps ask_bid=34.08bps | leader=binance_futures lagger=gate_futures direction=SHORT_LAGGER bid_ask=-40.89 ask_bid=34.08
2026-02-27T16:31:53.402741Z  INFO lead_lag_classic signal #3362: POWERUSDT | spread=151.88bps | dir=SHORT_LAGGER | bid_ask=-152.94bps ask_bid=151.88bps | leader=binance_futures lagger=gate_futures direction=SHORT_LAGGER bid_ask=-152.94 ask_bid=151.88
2026-02-27T16:31:53.402809Z  INFO lead_lag_classic signal #3363: SAHARAUSDT | spread=193.63bps | dir=SHORT_LAGGER | bid_ask=-198.31bps ask_bid=193.63bps | leader=binance_futures lagger=gate_futures direction=SHORT_LAGGER bid_ask=-198.31 ask_bid=193.63
2026-02-27T16:31:53.727692Z  INFO lead_lag_classic signal #3364: POWERUSDT | spread=148.11bps | dir=SHORT_LAGGER | bid_ask=-156.61bps ask_bid=148.11bps | leader=binance_futures lagger=gate_futures direction=SHORT_LAGGER bid_ask=-156.61 ask_bid=148.11
2026-02-27T16:31:55.037074Z  INFO lead_lag_classic signal #3365: ENSOUSDT | spread=72.04bps | dir=SHORT_LAGGER | bid_ask=-76.99bps ask_bid=72.04bps | leader=binance_futures lagger=gate_futures direction=SHORT_LAGGER bid_ask=-76.99 ask_bid=72.04
2026-02-27T16:31:55.037212Z  INFO lead_lag_classic signal #3366: POWERUSDT | spread=147.54bps | dir=SHORT_LAGGER | bid_ask=-158.93bps ask_bid=147.54bps | leader=binance_futures lagger=gate_futures direction=SHORT_LAGGER bid_ask=-158.93 ask_bid=147.54
2026-02-27T16:31:55.037270Z  INFO lead_lag_classic signal #3367: SAHARAUSDT | spread=180.57bps | dir=SHORT_LAGGER | bid_ask=-194.01bps ask_bid=180.57bps | leader=binance_futures lagger=gate_futures direction=SHORT_LAGGER bid_ask=-194.01 ask_bid=180.57
2026-02-27T16:31:55.037738Z  INFO Status: tickers=141876 (+899/5s) signals=3367 drift=[n=899 avg=172ms p50=135ms p95=413ms p99=918ms max=1610ms]
2026-02-27T16:31:55.182251Z  INFO lead_lag_classic signal #3368: ENSOUSDT | spread=72.04bps | dir=SHORT_LAGGER | bid_ask=-76.99bps ask_bid=72.04bps | leader=binance_futures lagger=gate_futures direction=SHORT_LAGGER bid_ask=-76.99 ask_bid=72.04
2026-02-27T16:31:55.182365Z  INFO lead_lag_classic signal #3369: POWERUSDT | spread=147.61bps | dir=SHORT_LAGGER | bid_ask=-159.53bps ask_bid=147.61bps | leader=binance_futures lagger=gate_futures direction=SHORT_LAGGER bid_ask=-159.53 ask_bid=147.61
2026-02-27T16:31:55.182413Z  INFO lead_lag_classic signal #3370: SAHARAUSDT | spread=180.57bps | dir=SHORT_LAGGER | bid_ask=-194.01bps ask_bid=180.57bps | leader=binance_futures lagger=gate_futures direction=SHORT_LAGGER bid_ask=-194.01 ask_bid=180.57
2026-02-27T16:31:55.879563Z  INFO lead_lag_classic signal #3371: ENSOUSDT | spread=69.25bps | dir=SHORT_LAGGER | bid_ask=-80.38bps ask_bid=69.25bps | leader=binance_futures lagger=gate_futures direction=SHORT_LAGGER bid_ask=-80.38 ask_bid=69.25
2026-02-27T16:31:55.879640Z  INFO lead_lag_classic signal #3372: ESPUSDT | spread=35.63bps | dir=SHORT_LAGGER | bid_ask=-42.43bps ask_bid=35.63bps | leader=binance_futures lagger=gate_futures direction=SHORT_LAGGER bid_ask=-42.43 ask_bid=35.63
2026-02-27T16:31:55.879732Z  INFO lead_lag_classic signal #3373: POWERUSDT | spread=209.28bps | dir=SHORT_LAGGER | bid_ask=-214.23bps ask_bid=209.28bps | leader=binance_futures lagger=gate_futures direction=SHORT_LAGGER bid_ask=-214.23 ask_bid=209.28
2026-02-27T16:31:55.879812Z  INFO lead_lag_classic signal #3374: SAHARAUSDT | spread=198.11bps | dir=SHORT_LAGGER | bid_ask=-215.01bps ask_bid=198.11bps | leader=binance_futures lagger=gate_futures direction=SHORT_LAGGER bid_ask=-215.01 ask_bid=198.11
2026-02-27T16:31:56.074412Z  INFO lead_lag_classic signal #3375: ENSOUSDT | spread=69.25bps | dir=SHORT_LAGGER | bid_ask=-80.38bps ask_bid=69.25bps | leader=binance_futures lagger=gate_futures direction=SHORT_LAGGER bid_ask=-80.38 ask_bid=69.25
2026-02-27T16:31:56.074535Z  INFO lead_lag_classic signal #3376: POWERUSDT | spread=206.86bps | dir=SHORT_LAGGER | bid_ask=-212.38bps ask_bid=206.86bps | leader=binance_futures lagger=gate_futures direction=SHORT_LAGGER bid_ask=-212.38 ask_bid=206.86
2026-02-27T16:31:56.074591Z  INFO lead_lag_classic signal #3377: SAHARAUSDT | spread=193.72bps | dir=SHORT_LAGGER | bid_ask=-210.79bps ask_bid=193.72bps | leader=binance_futures lagger=gate_futures direction=SHORT_LAGGER bid_ask=-210.79 ask_bid=193.72
2026-02-27T16:31:56.434436Z  INFO Gate NATR refresh: fetched=12 missing=0 batch=12 symbols=43
2026-02-27T16:31:56.482575Z  INFO lead_lag_classic signal #3378: ENSOUSDT | spread=69.25bps | dir=SHORT_LAGGER | bid_ask=-80.38bps ask_bid=69.25bps | leader=binance_futures lagger=gate_futures direction=SHORT_LAGGER bid_ask=-80.38 ask_bid=69.25
2026-02-27T16:31:57.097421Z  INFO lead_lag_classic signal #3379: ENSOUSDT | spread=67.85bps | dir=SHORT_LAGGER | bid_ask=-76.27bps ask_bid=67.85bps | leader=binance_futures lagger=gate_futures direction=SHORT_LAGGER bid_ask=-76.27 ask_bid=67.85
2026-02-27T16:31:57.097504Z  INFO lead_lag_classic signal #3380: ESPUSDT | spread=35.63bps | dir=SHORT_LAGGER | bid_ask=-42.43bps ask_bid=35.63bps | leader=binance_futures lagger=gate_futures direction=SHORT_LAGGER bid_ask=-42.43 ask_bid=35.63
2026-02-27T16:31:57.097592Z  INFO lead_lag_classic signal #3381: POWERUSDT | spread=162.30bps | dir=SHORT_LAGGER | bid_ask=-170.92bps ask_bid=162.30bps | leader=binance_futures lagger=gate_futures direction=SHORT_LAGGER bid_ask=-170.92 ask_bid=162.30
2026-02-27T16:31:57.097645Z  INFO lead_lag_classic signal #3382: SAHARAUSDT | spread=180.80bps | dir=SHORT_LAGGER | bid_ask=-190.11bps ask_bid=180.80bps | leader=binance_futures lagger=gate_futures direction=SHORT_LAGGER bid_ask=-190.11 ask_bid=180.80
2026-02-27T16:31:57.291889Z  INFO lead_lag_classic signal #3383: ENSOUSDT | spread=65.76bps | dir=SHORT_LAGGER | bid_ask=-74.21bps ask_bid=65.76bps | leader=binance_futures lagger=gate_futures direction=SHORT_LAGGER bid_ask=-74.21 ask_bid=65.76
2026-02-27T16:31:57.292011Z  INFO lead_lag_classic signal #3384: POWERUSDT | spread=156.31bps | dir=SHORT_LAGGER | bid_ask=-165.66bps ask_bid=156.31bps | leader=binance_futures lagger=gate_futures direction=SHORT_LAGGER bid_ask=-165.66 ask_bid=156.31
2026-02-27T16:31:57.292060Z  INFO lead_lag_classic signal #3385: SAHARAUSDT | spread=185.19bps | dir=SHORT_LAGGER | bid_ask=-194.34bps ask_bid=185.19bps | leader=binance_futures lagger=gate_futures direction=SHORT_LAGGER bid_ask=-194.34 ask_bid=185.19
2026-02-27T16:31:58.196471Z  INFO lead_lag_classic signal #3386: ATHUSDT | spread=48.90bps | dir=SHORT_LAGGER | bid_ask=-68.68bps ask_bid=48.90bps | leader=binance_futures lagger=gate_futures direction=SHORT_LAGGER bid_ask=-68.68 ask_bid=48.90
2026-02-27T16:31:58.706647Z  INFO lead_lag_classic signal #3387: ENSOUSDT | spread=61.57bps | dir=SHORT_LAGGER | bid_ask=-70.07bps ask_bid=61.57bps | leader=binance_futures lagger=gate_futures direction=SHORT_LAGGER bid_ask=-70.07 ask_bid=61.57
2026-02-27T16:31:58.706722Z  INFO lead_lag_classic signal #3388: ESPUSDT | spread=33.31bps | dir=SHORT_LAGGER | bid_ask=-42.43bps ask_bid=33.31bps | leader=binance_futures lagger=gate_futures direction=SHORT_LAGGER bid_ask=-42.43 ask_bid=33.31
2026-02-27T16:31:58.706819Z  INFO lead_lag_classic signal #3389: POWERUSDT | spread=146.50bps | dir=SHORT_LAGGER | bid_ask=-155.13bps ask_bid=146.50bps | leader=binance_futures lagger=gate_futures direction=SHORT_LAGGER bid_ask=-155.13 ask_bid=146.50
2026-02-27T16:31:58.706888Z  INFO lead_lag_classic signal #3390: SAHARAUSDT | spread=180.72bps | dir=SHORT_LAGGER | bid_ask=-194.17bps ask_bid=180.72bps | leader=binance_futures lagger=gate_futures direction=SHORT_LAGGER bid_ask=-194.17 ask_bid=180.72
2026-02-27T16:31:59.467024Z  INFO lead_lag_classic signal #3391: ATHUSDT | spread=48.90bps | dir=SHORT_LAGGER | bid_ask=-68.68bps ask_bid=48.90bps | leader=binance_futures lagger=gate_futures direction=SHORT_LAGGER bid_ask=-68.68 ask_bid=48.90
2026-02-27T16:31:59.467142Z  INFO lead_lag_classic signal #3392: BULLAUSDT | spread=64.10bps | dir=LONG_LAGGER | bid_ask=64.10bps ask_bid=-133.67bps | leader=binance_futures lagger=gate_futures direction=LONG_LAGGER bid_ask=64.10 ask_bid=-133.67
2026-02-27T16:31:59.467190Z  INFO lead_lag_classic signal #3393: ENSOUSDT | spread=62.95bps | dir=SHORT_LAGGER | bid_ask=-75.53bps ask_bid=62.95bps | leader=binance_futures lagger=gate_futures direction=SHORT_LAGGER bid_ask=-75.53 ask_bid=62.95
2026-02-27T16:31:59.467227Z  INFO lead_lag_classic signal #3394: ESPUSDT | spread=31.77bps | dir=SHORT_LAGGER | bid_ask=-42.44bps ask_bid=31.77bps | leader=binance_futures lagger=gate_futures direction=SHORT_LAGGER bid_ask=-42.44 ask_bid=31.77
2026-02-27T16:31:59.467306Z  INFO lead_lag_classic signal #3395: POWERUSDT | spread=140.60bps | dir=SHORT_LAGGER | bid_ask=-151.21bps ask_bid=140.60bps | leader=binance_futures lagger=gate_futures direction=SHORT_LAGGER bid_ask=-151.21 ask_bid=140.60
2026-02-27T16:31:59.467379Z  INFO lead_lag_classic signal #3396: SAHARAUSDT | spread=185.03bps | dir=SHORT_LAGGER | bid_ask=-198.40bps ask_bid=185.03bps | leader=binance_futures lagger=gate_futures direction=SHORT_LAGGER bid_ask=-198.40 ask_bid=185.03
2026-02-27T16:32:00.052005Z  INFO Status: tickers=142695 (+819/5s) signals=3396 drift=[n=819 avg=185ms p50=154ms p95=431ms p99=609ms max=1313ms]
2026-02-27T16:32:00.385123Z  INFO lead_lag_classic signal #3397: ENSOUSDT | spread=64.35bps | dir=SHORT_LAGGER | bid_ask=-76.22bps ask_bid=64.35bps | leader=binance_futures lagger=gate_futures direction=SHORT_LAGGER bid_ask=-76.22 ask_bid=64.35
2026-02-27T16:32:00.385204Z  INFO lead_lag_classic signal #3398: ESPUSDT | spread=33.32bps | dir=SHORT_LAGGER | bid_ask=-42.44bps ask_bid=33.32bps | leader=binance_futures lagger=gate_futures direction=SHORT_LAGGER bid_ask=-42.44 ask_bid=33.32
2026-02-27T16:32:00.385292Z  INFO lead_lag_classic signal #3399: POWERUSDT | spread=151.28bps | dir=SHORT_LAGGER | bid_ask=-156.91bps ask_bid=151.28bps | leader=binance_futures lagger=gate_futures direction=SHORT_LAGGER bid_ask=-156.91 ask_bid=151.28
2026-02-27T16:32:00.385343Z  INFO lead_lag_classic signal #3400: SAHARAUSDT | spread=180.80bps | dir=SHORT_LAGGER | bid_ask=-194.26bps ask_bid=180.80bps | leader=binance_futures lagger=gate_futures direction=SHORT_LAGGER bid_ask=-194.26 ask_bid=180.80
2026-02-27T16:32:02.243145Z  INFO lead_lag_classic signal #3401: ENSOUSDT | spread=64.34bps | dir=SHORT_LAGGER | bid_ask=-75.53bps ask_bid=64.34bps | leader=binance_futures lagger=gate_futures direction=SHORT_LAGGER bid_ask=-75.53 ask_bid=64.34
2026-02-27T16:32:02.243226Z  INFO lead_lag_classic signal #3402: ESPUSDT | spread=33.32bps | dir=SHORT_LAGGER | bid_ask=-42.44bps ask_bid=33.32bps | leader=binance_futures lagger=gate_futures direction=SHORT_LAGGER bid_ask=-42.44 ask_bid=33.32
2026-02-27T16:32:02.243312Z  INFO lead_lag_classic signal #3403: POWERUSDT | spread=136.40bps | dir=SHORT_LAGGER | bid_ask=-146.05bps ask_bid=136.40bps | leader=binance_futures lagger=gate_futures direction=SHORT_LAGGER bid_ask=-146.05 ask_bid=136.40
2026-02-27T16:32:02.243378Z  INFO lead_lag_classic signal #3404: SAHARAUSDT | spread=176.57bps | dir=SHORT_LAGGER | bid_ask=-186.05bps ask_bid=176.57bps | leader=binance_futures lagger=gate_futures direction=SHORT_LAGGER bid_ask=-186.05 ask_bid=176.57
2026-02-27T16:32:03.144765Z  INFO lead_lag_classic signal #3405: BULLAUSDT | spread=64.10bps | dir=LONG_LAGGER | bid_ask=64.10bps ask_bid=-133.67bps | leader=binance_futures lagger=gate_futures direction=LONG_LAGGER bid_ask=64.10 ask_bid=-133.67
2026-02-27T16:32:03.527005Z  INFO lead_lag_classic signal #3406: ATHUSDT | spread=48.90bps | dir=SHORT_LAGGER | bid_ask=-68.68bps ask_bid=48.90bps | leader=binance_futures lagger=gate_futures direction=SHORT_LAGGER bid_ask=-68.68 ask_bid=48.90
2026-02-27T16:32:04.065794Z  INFO lead_lag_classic signal #3407: ATHUSDT | spread=48.90bps | dir=SHORT_LAGGER | bid_ask=-68.68bps ask_bid=48.90bps | leader=binance_futures lagger=gate_futures direction=SHORT_LAGGER bid_ask=-68.68 ask_bid=48.90
2026-02-27T16:32:04.065890Z  INFO lead_lag_classic signal #3408: ENSOUSDT | spread=67.10bps | dir=SHORT_LAGGER | bid_ask=-76.21bps ask_bid=67.10bps | leader=binance_futures lagger=gate_futures direction=SHORT_LAGGER bid_ask=-76.21 ask_bid=67.10
2026-02-27T16:32:04.065979Z  INFO lead_lag_classic signal #3409: POWERUSDT | spread=156.70bps | dir=SHORT_LAGGER | bid_ask=-160.26bps ask_bid=156.70bps | leader=binance_futures lagger=gate_futures direction=SHORT_LAGGER bid_ask=-160.26 ask_bid=156.70
2026-02-27T16:32:04.066048Z  INFO lead_lag_classic signal #3410: SAHARAUSDT | spread=180.72bps | dir=SHORT_LAGGER | bid_ask=-194.17bps ask_bid=180.72bps | leader=binance_futures lagger=gate_futures direction=SHORT_LAGGER bid_ask=-194.17 ask_bid=180.72
2026-02-27T16:32:04.769554Z  INFO lead_lag_classic signal #3411: ENSOUSDT | spread=65.71bps | dir=SHORT_LAGGER | bid_ask=-74.84bps ask_bid=65.71bps | leader=binance_futures lagger=gate_futures direction=SHORT_LAGGER bid_ask=-74.84 ask_bid=65.71
2026-02-27T16:32:04.769651Z  INFO lead_lag_classic signal #3412: ESPUSDT | spread=33.32bps | dir=SHORT_LAGGER | bid_ask=-39.37bps ask_bid=33.32bps | leader=binance_futures lagger=gate_futures direction=SHORT_LAGGER bid_ask=-39.37 ask_bid=33.32
2026-02-27T16:32:04.769741Z  INFO lead_lag_classic signal #3413: POWERUSDT | spread=155.26bps | dir=SHORT_LAGGER | bid_ask=-161.39bps ask_bid=155.26bps | leader=binance_futures lagger=gate_futures direction=SHORT_LAGGER bid_ask=-161.39 ask_bid=155.26
2026-02-27T16:32:04.769803Z  INFO lead_lag_classic signal #3414: SAHARAUSDT | spread=176.34bps | dir=SHORT_LAGGER | bid_ask=-189.95bps ask_bid=176.34bps | leader=binance_futures lagger=gate_futures direction=SHORT_LAGGER bid_ask=-189.95 ask_bid=176.34
2026-02-27T16:32:05.096398Z  INFO lead_lag_classic signal #3415: ENSOUSDT | spread=65.71bps | dir=SHORT_LAGGER | bid_ask=-74.84bps ask_bid=65.71bps | leader=binance_futures lagger=gate_futures direction=SHORT_LAGGER bid_ask=-74.84 ask_bid=65.71
2026-02-27T16:32:05.096919Z  INFO Status: tickers=143521 (+826/5s) signals=3415 drift=[n=826 avg=179ms p50=152ms p95=434ms p99=753ms max=902ms]
2026-02-27T16:32:05.951002Z  INFO lead_lag_classic signal #3416: ENSOUSDT | spread=67.10bps | dir=SHORT_LAGGER | bid_ask=-74.16bps ask_bid=67.10bps | leader=binance_futures lagger=gate_futures direction=SHORT_LAGGER bid_ask=-74.16 ask_bid=67.10
2026-02-27T16:32:07.654235Z  INFO lead_lag_classic signal #3417: BULLAUSDT | spread=44.87bps | dir=LONG_LAGGER | bid_ask=44.87bps ask_bid=-114.80bps | leader=binance_futures lagger=gate_futures direction=LONG_LAGGER bid_ask=44.87 ask_bid=-114.80
2026-02-27T16:32:08.011554Z  INFO lead_lag_classic signal #3418: ATHUSDT | spread=30.40bps | dir=SHORT_LAGGER | bid_ask=-67.11bps ask_bid=30.40bps | leader=binance_futures lagger=gate_futures direction=SHORT_LAGGER bid_ask=-67.11 ask_bid=30.40
2026-02-27T16:32:08.011874Z  INFO lead_lag_classic signal #3419: ENSOUSDT | spread=69.96bps | dir=SHORT_LAGGER | bid_ask=-70.85bps ask_bid=69.96bps | leader=binance_futures lagger=gate_futures direction=SHORT_LAGGER bid_ask=-70.85 ask_bid=69.96
2026-02-27T16:32:08.011985Z  INFO lead_lag_classic signal #3420: ESPUSDT | spread=41.10bps | dir=SHORT_LAGGER | bid_ask=-49.39bps ask_bid=41.10bps | leader=binance_futures lagger=gate_futures direction=SHORT_LAGGER bid_ask=-49.39 ask_bid=41.10
2026-02-27T16:32:08.012118Z  INFO lead_lag_classic signal #3421: POWERUSDT | spread=148.72bps | dir=SHORT_LAGGER | bid_ask=-153.17bps ask_bid=148.72bps | leader=binance_futures lagger=gate_futures direction=SHORT_LAGGER bid_ask=-153.17 ask_bid=148.72
2026-02-27T16:32:08.012267Z  INFO lead_lag_classic signal #3422: SAHARAUSDT | spread=180.41bps | dir=SHORT_LAGGER | bid_ask=-193.85bps ask_bid=180.41bps | leader=binance_futures lagger=gate_futures direction=SHORT_LAGGER bid_ask=-193.85 ask_bid=180.41
2026-02-27T16:32:08.768509Z  INFO lead_lag_classic signal #3423: ATHUSDT | spread=30.40bps | dir=SHORT_LAGGER | bid_ask=-67.11bps ask_bid=30.40bps | leader=binance_futures lagger=gate_futures direction=SHORT_LAGGER bid_ask=-67.11 ask_bid=30.40
2026-02-27T16:32:08.768665Z  INFO lead_lag_classic signal #3424: POWERUSDT | spread=133.30bps | dir=SHORT_LAGGER | bid_ask=-142.46bps ask_bid=133.30bps | leader=binance_futures lagger=gate_futures direction=SHORT_LAGGER bid_ask=-142.46 ask_bid=133.30
2026-02-27T16:32:08.768725Z  INFO lead_lag_classic signal #3425: SAHARAUSDT | spread=180.41bps | dir=SHORT_LAGGER | bid_ask=-189.71bps ask_bid=180.41bps | leader=binance_futures lagger=gate_futures direction=SHORT_LAGGER bid_ask=-189.71 ask_bid=180.41
2026-02-27T16:32:10.015580Z  INFO lead_lag_classic signal #3426: ATHUSDT | spread=43.89bps | dir=SHORT_LAGGER | bid_ask=-65.44bps ask_bid=43.89bps | leader=binance_futures lagger=gate_futures direction=SHORT_LAGGER bid_ask=-65.44 ask_bid=43.89
2026-02-27T16:32:10.015692Z  INFO lead_lag_classic signal #3427: ENSOUSDT | spread=68.62bps | dir=SHORT_LAGGER | bid_ask=-72.94bps ask_bid=68.62bps | leader=binance_futures lagger=gate_futures direction=SHORT_LAGGER bid_ask=-72.94 ask_bid=68.62
2026-02-27T16:32:10.015733Z  INFO lead_lag_classic signal #3428: ESPUSDT | spread=32.59bps | dir=SHORT_LAGGER | bid_ask=-37.11bps ask_bid=32.59bps | leader=binance_futures lagger=gate_futures direction=SHORT_LAGGER bid_ask=-37.11 ask_bid=32.59
2026-02-27T16:32:10.015837Z  INFO lead_lag_classic signal #3429: POWERUSDT | spread=141.43bps | dir=SHORT_LAGGER | bid_ask=-146.94bps ask_bid=141.43bps | leader=binance_futures lagger=gate_futures direction=SHORT_LAGGER bid_ask=-146.94 ask_bid=141.43
2026-02-27T16:32:10.015897Z  INFO lead_lag_classic signal #3430: SAHARAUSDT | spread=180.41bps | dir=SHORT_LAGGER | bid_ask=-193.85bps ask_bid=180.41bps | leader=binance_futures lagger=gate_futures direction=SHORT_LAGGER bid_ask=-193.85 ask_bid=180.41
2026-02-27T16:32:11.198702Z  INFO lead_lag_classic signal #3431: ENSOUSDT | spread=61.65bps | dir=SHORT_LAGGER | bid_ask=-69.48bps ask_bid=61.65bps | leader=binance_futures lagger=gate_futures direction=SHORT_LAGGER bid_ask=-69.48 ask_bid=61.65
2026-02-27T16:32:11.198773Z  INFO lead_lag_classic signal #3432: ESPUSDT | spread=32.59bps | dir=SHORT_LAGGER | bid_ask=-37.11bps ask_bid=32.59bps | leader=binance_futures lagger=gate_futures direction=SHORT_LAGGER bid_ask=-37.11 ask_bid=32.59
2026-02-27T16:32:11.198873Z  INFO lead_lag_classic signal #3433: POWERUSDT | spread=136.95bps | dir=SHORT_LAGGER | bid_ask=-146.72bps ask_bid=136.95bps | leader=binance_futures lagger=gate_futures direction=SHORT_LAGGER bid_ask=-146.72 ask_bid=136.95
2026-02-27T16:32:11.198935Z  INFO lead_lag_classic signal #3434: SAHARAUSDT | spread=176.12bps | dir=SHORT_LAGGER | bid_ask=-189.71bps ask_bid=176.12bps | leader=binance_futures lagger=gate_futures direction=SHORT_LAGGER bid_ask=-189.71 ask_bid=176.12
2026-02-27T16:32:11.199444Z  INFO Status: tickers=144506 (+985/5s) signals=3434 drift=[n=985 avg=193ms p50=158ms p95=498ms p99=977ms max=1281ms]
2026-02-27T16:32:11.403936Z  INFO lead_lag_classic signal #3435: ESPUSDT | spread=32.59bps | dir=SHORT_LAGGER | bid_ask=-37.11bps ask_bid=32.59bps | leader=binance_futures lagger=gate_futures direction=SHORT_LAGGER bid_ask=-37.11 ask_bid=32.59
2026-02-27T16:32:11.404052Z  INFO lead_lag_classic signal #3436: POWERUSDT | spread=136.00bps | dir=SHORT_LAGGER | bid_ask=-144.06bps ask_bid=136.00bps | leader=binance_futures lagger=gate_futures direction=SHORT_LAGGER bid_ask=-144.06 ask_bid=136.00
2026-02-27T16:32:11.404105Z  INFO lead_lag_classic signal #3437: SAHARAUSDT | spread=176.12bps | dir=SHORT_LAGGER | bid_ask=-189.71bps ask_bid=176.12bps | leader=binance_futures lagger=gate_futures direction=SHORT_LAGGER bid_ask=-189.71 ask_bid=176.12
2026-02-27T16:32:12.065229Z  INFO lead_lag_classic signal #3438: ESPUSDT | spread=31.03bps | dir=SHORT_LAGGER | bid_ask=-35.56bps ask_bid=31.03bps | leader=binance_futures lagger=gate_futures direction=SHORT_LAGGER bid_ask=-35.56 ask_bid=31.03
2026-02-27T16:32:12.065381Z  INFO lead_lag_classic signal #3439: POWERUSDT | spread=148.45bps | dir=SHORT_LAGGER | bid_ask=-149.30bps ask_bid=148.45bps | leader=binance_futures lagger=gate_futures direction=SHORT_LAGGER bid_ask=-149.30 ask_bid=148.45
2026-02-27T16:32:12.065438Z  INFO lead_lag_classic signal #3440: SAHARAUSDT | spread=171.75bps | dir=SHORT_LAGGER | bid_ask=-185.50bps ask_bid=171.75bps | leader=binance_futures lagger=gate_futures direction=SHORT_LAGGER bid_ask=-185.50 ask_bid=171.75
2026-02-27T16:32:12.227554Z  INFO lead_lag_classic signal #3441: ATHUSDT | spread=38.81bps | dir=SHORT_LAGGER | bid_ask=-60.40bps ask_bid=38.81bps | leader=binance_futures lagger=gate_futures direction=SHORT_LAGGER bid_ask=-60.40 ask_bid=38.81
2026-02-27T16:32:12.227642Z  INFO lead_lag_classic signal #3442: ENSOUSDT | spread=63.74bps | dir=SHORT_LAGGER | bid_ask=-70.18bps ask_bid=63.74bps | leader=binance_futures lagger=gate_futures direction=SHORT_LAGGER bid_ask=-70.18 ask_bid=63.74
2026-02-27T16:32:12.227682Z  INFO lead_lag_classic signal #3443: ESPUSDT | spread=31.03bps | dir=SHORT_LAGGER | bid_ask=-35.56bps ask_bid=31.03bps | leader=binance_futures lagger=gate_futures direction=SHORT_LAGGER bid_ask=-35.56 ask_bid=31.03
2026-02-27T16:32:12.227754Z  INFO lead_lag_classic signal #3444: POWERUSDT | spread=146.13bps | dir=SHORT_LAGGER | bid_ask=-148.37bps ask_bid=146.13bps | leader=binance_futures lagger=gate_futures direction=SHORT_LAGGER bid_ask=-148.37 ask_bid=146.13
2026-02-27T16:32:12.227815Z  INFO lead_lag_classic signal #3445: SAHARAUSDT | spread=176.12bps | dir=SHORT_LAGGER | bid_ask=-189.71bps ask_bid=176.12bps | leader=binance_futures lagger=gate_futures direction=SHORT_LAGGER bid_ask=-189.71 ask_bid=176.12
2026-02-27T16:32:13.783685Z  INFO lead_lag_classic signal #3446: ATHUSDT | spread=37.11bps | dir=SHORT_LAGGER | bid_ask=-55.37bps ask_bid=37.11bps | leader=binance_futures lagger=gate_futures direction=SHORT_LAGGER bid_ask=-55.37 ask_bid=37.11
2026-02-27T16:32:13.990673Z  INFO lead_lag_classic signal #3447: ATHUSDT | spread=37.11bps | dir=SHORT_LAGGER | bid_ask=-55.37bps ask_bid=37.11bps | leader=binance_futures lagger=gate_futures direction=SHORT_LAGGER bid_ask=-55.37 ask_bid=37.11
2026-02-27T16:32:13.990771Z  INFO lead_lag_classic signal #3448: ENSOUSDT | spread=66.54bps | dir=SHORT_LAGGER | bid_ask=-73.63bps ask_bid=66.54bps | leader=binance_futures lagger=gate_futures direction=SHORT_LAGGER bid_ask=-73.63 ask_bid=66.54
2026-02-27T16:32:13.990813Z  INFO lead_lag_classic signal #3449: ESPUSDT | spread=31.02bps | dir=SHORT_LAGGER | bid_ask=-34.78bps ask_bid=31.02bps | leader=binance_futures lagger=gate_futures direction=SHORT_LAGGER bid_ask=-34.78 ask_bid=31.02
2026-02-27T16:32:13.990899Z  INFO lead_lag_classic signal #3450: POWERUSDT | spread=143.52bps | dir=SHORT_LAGGER | bid_ask=-150.46bps ask_bid=143.52bps | leader=binance_futures lagger=gate_futures direction=SHORT_LAGGER bid_ask=-150.46 ask_bid=143.52
2026-02-27T16:32:13.990959Z  INFO lead_lag_classic signal #3451: SAHARAUSDT | spread=172.12bps | dir=SHORT_LAGGER | bid_ask=-185.89bps ask_bid=172.12bps | leader=binance_futures lagger=gate_futures direction=SHORT_LAGGER bid_ask=-185.89 ask_bid=172.12
2026-02-27T16:32:14.298230Z  INFO lead_lag_classic signal #3452: ATHUSDT | spread=37.11bps | dir=SHORT_LAGGER | bid_ask=-55.37bps ask_bid=37.11bps | leader=binance_futures lagger=gate_futures direction=SHORT_LAGGER bid_ask=-55.37 ask_bid=37.11
2026-02-27T16:32:14.892384Z  INFO lead_lag_classic signal #3453: ATHUSDT | spread=60.87bps | dir=SHORT_LAGGER | bid_ask=-78.86bps ask_bid=60.87bps | leader=binance_futures lagger=gate_futures direction=SHORT_LAGGER bid_ask=-78.86 ask_bid=60.87
2026-02-27T16:32:14.892501Z  INFO lead_lag_classic signal #3454: ENSOUSDT | spread=66.54bps | dir=SHORT_LAGGER | bid_ask=-71.58bps ask_bid=66.54bps | leader=binance_futures lagger=gate_futures direction=SHORT_LAGGER bid_ask=-71.58 ask_bid=66.54
2026-02-27T16:32:14.892542Z  INFO lead_lag_classic signal #3455: ESPUSDT | spread=33.36bps | dir=SHORT_LAGGER | bid_ask=-38.64bps ask_bid=33.36bps | leader=binance_futures lagger=gate_futures direction=SHORT_LAGGER bid_ask=-38.64 ask_bid=33.36
2026-02-27T16:32:14.892632Z  INFO lead_lag_classic signal #3456: POWERUSDT | spread=137.69bps | dir=SHORT_LAGGER | bid_ask=-145.71bps ask_bid=137.69bps | leader=binance_futures lagger=gate_futures direction=SHORT_LAGGER bid_ask=-145.71 ask_bid=137.69
2026-02-27T16:32:14.892705Z  INFO lead_lag_classic signal #3457: SAHARAUSDT | spread=172.12bps | dir=SHORT_LAGGER | bid_ask=-181.74bps ask_bid=172.12bps | leader=binance_futures lagger=gate_futures direction=SHORT_LAGGER bid_ask=-181.74 ask_bid=172.12
2026-02-27T16:32:15.595156Z  INFO lead_lag_classic signal #3458: ATHUSDT | spread=42.27bps | dir=SHORT_LAGGER | bid_ask=-65.55bps ask_bid=42.27bps | leader=binance_futures lagger=gate_futures direction=SHORT_LAGGER bid_ask=-65.55 ask_bid=42.27
2026-02-27T16:32:15.595267Z  INFO lead_lag_classic signal #3459: ENSOUSDT | spread=67.94bps | dir=SHORT_LAGGER | bid_ask=-74.32bps ask_bid=67.94bps | leader=binance_futures lagger=gate_futures direction=SHORT_LAGGER bid_ask=-74.32 ask_bid=67.94
2026-02-27T16:32:15.595309Z  INFO lead_lag_classic signal #3460: ESPUSDT | spread=33.36bps | dir=SHORT_LAGGER | bid_ask=-37.88bps ask_bid=33.36bps | leader=binance_futures lagger=gate_futures direction=SHORT_LAGGER bid_ask=-37.88 ask_bid=33.36
2026-02-27T16:32:15.595406Z  INFO lead_lag_classic signal #3461: POWERUSDT | spread=133.49bps | dir=SHORT_LAGGER | bid_ask=-144.25bps ask_bid=133.49bps | leader=binance_futures lagger=gate_futures direction=SHORT_LAGGER bid_ask=-144.25 ask_bid=133.49
2026-02-27T16:32:15.595473Z  INFO lead_lag_classic signal #3462: SAHARAUSDT | spread=172.12bps | dir=SHORT_LAGGER | bid_ask=-185.97bps ask_bid=172.12bps | leader=binance_futures lagger=gate_futures direction=SHORT_LAGGER bid_ask=-185.97 ask_bid=172.12
2026-02-27T16:32:16.535245Z  INFO lead_lag_classic signal #3463: BULLAUSDT | spread=51.28bps | dir=LONG_LAGGER | bid_ask=51.28bps ask_bid=-121.10bps | leader=binance_futures lagger=gate_futures direction=LONG_LAGGER bid_ask=51.28 ask_bid=-121.10
2026-02-27T16:32:16.535325Z  INFO lead_lag_classic signal #3464: ENSOUSDT | spread=67.94bps | dir=SHORT_LAGGER | bid_ask=-72.95bps ask_bid=67.94bps | leader=binance_futures lagger=gate_futures direction=SHORT_LAGGER bid_ask=-72.95 ask_bid=67.94
2026-02-27T16:32:16.535445Z  INFO lead_lag_classic signal #3465: POWERUSDT | spread=156.44bps | dir=SHORT_LAGGER | bid_ask=-163.45bps ask_bid=156.44bps | leader=binance_futures lagger=gate_futures direction=SHORT_LAGGER bid_ask=-163.45 ask_bid=156.44
2026-02-27T16:32:16.535500Z  INFO lead_lag_classic signal #3466: SAHARAUSDT | spread=167.74bps | dir=SHORT_LAGGER | bid_ask=-177.51bps ask_bid=167.74bps | leader=binance_futures lagger=gate_futures direction=SHORT_LAGGER bid_ask=-177.51 ask_bid=167.74
2026-02-27T16:32:16.535940Z  INFO Status: tickers=145392 (+886/5s) signals=3466 drift=[n=886 avg=182ms p50=155ms p95=441ms p99=675ms max=1785ms]
2026-02-27T16:32:16.702088Z  INFO lead_lag_classic signal #3467: ENSOUSDT | spread=67.94bps | dir=SHORT_LAGGER | bid_ask=-72.95bps ask_bid=67.94bps | leader=binance_futures lagger=gate_futures direction=SHORT_LAGGER bid_ask=-72.95 ask_bid=67.94
2026-02-27T16:32:16.702223Z  INFO lead_lag_classic signal #3468: POWERUSDT | spread=158.15bps | dir=SHORT_LAGGER | bid_ask=-164.91bps ask_bid=158.15bps | leader=binance_futures lagger=gate_futures direction=SHORT_LAGGER bid_ask=-164.91 ask_bid=158.15
2026-02-27T16:32:16.702285Z  INFO lead_lag_classic signal #3469: SAHARAUSDT | spread=167.74bps | dir=SHORT_LAGGER | bid_ask=-177.51bps ask_bid=167.74bps | leader=binance_futures lagger=gate_futures direction=SHORT_LAGGER bid_ask=-177.51 ask_bid=167.74
2026-02-27T16:32:17.466940Z  INFO lead_lag_classic signal #3470: ENSOUSDT | spread=67.94bps | dir=SHORT_LAGGER | bid_ask=-73.64bps ask_bid=67.94bps | leader=binance_futures lagger=gate_futures direction=SHORT_LAGGER bid_ask=-73.64 ask_bid=67.94
2026-02-27T16:32:17.467096Z  INFO lead_lag_classic signal #3471: POWERUSDT | spread=144.04bps | dir=SHORT_LAGGER | bid_ask=-151.47bps ask_bid=144.04bps | leader=binance_futures lagger=gate_futures direction=SHORT_LAGGER bid_ask=-151.47 ask_bid=144.04
2026-02-27T16:32:17.467167Z  INFO lead_lag_classic signal #3472: SAHARAUSDT | spread=184.95bps | dir=SHORT_LAGGER | bid_ask=-194.09bps ask_bid=184.95bps | leader=binance_futures lagger=gate_futures direction=SHORT_LAGGER bid_ask=-194.09 ask_bid=184.95
2026-02-27T16:32:18.128336Z  INFO lead_lag_classic signal #3473: ENSOUSDT | spread=66.54bps | dir=SHORT_LAGGER | bid_ask=-72.26bps ask_bid=66.54bps | leader=binance_futures lagger=gate_futures direction=SHORT_LAGGER bid_ask=-72.26 ask_bid=66.54
2026-02-27T16:32:18.629748Z  INFO lead_lag_classic signal #3474: ATHUSDT | spread=45.59bps | dir=SHORT_LAGGER | bid_ask=-65.44bps ask_bid=45.59bps | leader=binance_futures lagger=gate_futures direction=SHORT_LAGGER bid_ask=-65.44 ask_bid=45.59
2026-02-27T16:32:18.629864Z  INFO lead_lag_classic signal #3475: ENSOUSDT | spread=65.15bps | dir=SHORT_LAGGER | bid_ask=-70.88bps ask_bid=65.15bps | leader=binance_futures lagger=gate_futures direction=SHORT_LAGGER bid_ask=-70.88 ask_bid=65.15
2026-02-27T16:32:18.629920Z  INFO lead_lag_classic signal #3476: ESPUSDT | spread=34.95bps | dir=SHORT_LAGGER | bid_ask=-41.00bps ask_bid=34.95bps | leader=binance_futures lagger=gate_futures direction=SHORT_LAGGER bid_ask=-41.00 ask_bid=34.95
2026-02-27T16:32:18.630013Z  INFO lead_lag_classic signal #3477: POWERUSDT | spread=145.04bps | dir=SHORT_LAGGER | bid_ask=-154.17bps ask_bid=145.04bps | leader=binance_futures lagger=gate_futures direction=SHORT_LAGGER bid_ask=-154.17 ask_bid=145.04
2026-02-27T16:32:18.630082Z  INFO lead_lag_classic signal #3478: SAHARAUSDT | spread=176.12bps | dir=SHORT_LAGGER | bid_ask=-189.71bps ask_bid=176.12bps | leader=binance_futures lagger=gate_futures direction=SHORT_LAGGER bid_ask=-189.71 ask_bid=176.12
2026-02-27T16:32:18.772396Z  INFO lead_lag_classic signal #3479: ATHUSDT | spread=45.59bps | dir=SHORT_LAGGER | bid_ask=-65.44bps ask_bid=45.59bps | leader=binance_futures lagger=gate_futures direction=SHORT_LAGGER bid_ask=-65.44 ask_bid=45.59
2026-02-27T16:32:18.772486Z  INFO lead_lag_classic signal #3480: ENSOUSDT | spread=65.15bps | dir=SHORT_LAGGER | bid_ask=-70.88bps ask_bid=65.15bps | leader=binance_futures lagger=gate_futures direction=SHORT_LAGGER bid_ask=-70.88 ask_bid=65.15
2026-02-27T16:32:18.772532Z  INFO lead_lag_classic signal #3481: ESPUSDT | spread=34.95bps | dir=SHORT_LAGGER | bid_ask=-41.00bps ask_bid=34.95bps | leader=binance_futures lagger=gate_futures direction=SHORT_LAGGER bid_ask=-41.00 ask_bid=34.95
2026-02-27T16:32:18.772601Z  INFO lead_lag_classic signal #3482: POWERUSDT | spread=150.04bps | dir=SHORT_LAGGER | bid_ask=-159.68bps ask_bid=150.04bps | leader=binance_futures lagger=gate_futures direction=SHORT_LAGGER bid_ask=-159.68 ask_bid=150.04
2026-02-27T16:32:18.772656Z  INFO lead_lag_classic signal #3483: SAHARAUSDT | spread=180.49bps | dir=SHORT_LAGGER | bid_ask=-193.93bps ask_bid=180.49bps | leader=binance_futures lagger=gate_futures direction=SHORT_LAGGER bid_ask=-193.93 ask_bid=180.49
2026-02-27T16:32:19.239940Z  INFO lead_lag_classic signal #3484: ATHUSDT | spread=45.59bps | dir=SHORT_LAGGER | bid_ask=-65.44bps ask_bid=45.59bps | leader=binance_futures lagger=gate_futures direction=SHORT_LAGGER bid_ask=-65.44 ask_bid=45.59
2026-02-27T16:32:19.240092Z  INFO lead_lag_classic signal #3485: ENSOUSDT | spread=65.15bps | dir=SHORT_LAGGER | bid_ask=-70.20bps ask_bid=65.15bps | leader=binance_futures lagger=gate_futures direction=SHORT_LAGGER bid_ask=-70.20 ask_bid=65.15
2026-02-27T16:32:19.240235Z  INFO lead_lag_classic signal #3486: SAHARAUSDT | spread=180.49bps | dir=SHORT_LAGGER | bid_ask=-193.93bps ask_bid=180.49bps | leader=binance_futures lagger=gate_futures direction=SHORT_LAGGER bid_ask=-193.93 ask_bid=180.49
2026-02-27T16:32:19.631010Z  INFO lead_lag_classic signal #3487: ATHUSDT | spread=45.59bps | dir=SHORT_LAGGER | bid_ask=-65.44bps ask_bid=45.59bps | leader=binance_futures lagger=gate_futures direction=SHORT_LAGGER bid_ask=-65.44 ask_bid=45.59
2026-02-27T16:32:19.631168Z  INFO lead_lag_classic signal #3488: POWERUSDT | spread=141.04bps | dir=SHORT_LAGGER | bid_ask=-148.33bps ask_bid=141.04bps | leader=binance_futures lagger=gate_futures direction=SHORT_LAGGER bid_ask=-148.33 ask_bid=141.04
2026-02-27T16:32:19.631224Z  INFO lead_lag_classic signal #3489: SAHARAUSDT | spread=180.49bps | dir=SHORT_LAGGER | bid_ask=-193.93bps ask_bid=180.49bps | leader=binance_futures lagger=gate_futures direction=SHORT_LAGGER bid_ask=-193.93 ask_bid=180.49
2026-02-27T16:32:20.019451Z  INFO lead_lag_classic signal #3490: POWERUSDT | spread=144.88bps | dir=SHORT_LAGGER | bid_ask=-152.06bps ask_bid=144.88bps | leader=binance_futures lagger=gate_futures direction=SHORT_LAGGER bid_ask=-152.06 ask_bid=144.88
2026-02-27T16:32:20.157082Z  INFO lead_lag_classic signal #3491: POWERUSDT | spread=143.71bps | dir=SHORT_LAGGER | bid_ask=-152.06bps ask_bid=143.71bps | leader=binance_futures lagger=gate_futures direction=SHORT_LAGGER bid_ask=-152.06 ask_bid=143.71
2026-02-27T16:32:21.129438Z  INFO lead_lag_classic signal #3492: ATHUSDT | spread=48.98bps | dir=SHORT_LAGGER | bid_ask=-68.79bps ask_bid=48.98bps | leader=binance_futures lagger=gate_futures direction=SHORT_LAGGER bid_ask=-68.79 ask_bid=48.98
2026-02-27T16:32:21.129607Z  INFO lead_lag_classic signal #3493: POWERUSDT | spread=141.32bps | dir=SHORT_LAGGER | bid_ask=-152.43bps ask_bid=141.32bps | leader=binance_futures lagger=gate_futures direction=SHORT_LAGGER bid_ask=-152.43 ask_bid=141.32
2026-02-27T16:32:21.129668Z  INFO lead_lag_classic signal #3494: SAHARAUSDT | spread=180.57bps | dir=SHORT_LAGGER | bid_ask=-189.87bps ask_bid=180.57bps | leader=binance_futures lagger=gate_futures direction=SHORT_LAGGER bid_ask=-189.87 ask_bid=180.57
2026-02-27T16:32:21.429020Z  INFO lead_lag_classic signal #3495: ATHUSDT | spread=48.98bps | dir=SHORT_LAGGER | bid_ask=-68.79bps ask_bid=48.98bps | leader=binance_futures lagger=gate_futures direction=SHORT_LAGGER bid_ask=-68.79 ask_bid=48.98
2026-02-27T16:32:21.429128Z  INFO lead_lag_classic signal #3496: ENSOUSDT | spread=67.24bps | dir=SHORT_LAGGER | bid_ask=-70.22bps ask_bid=67.24bps | leader=binance_futures lagger=gate_futures direction=SHORT_LAGGER bid_ask=-70.22 ask_bid=67.24
2026-02-27T16:32:21.429173Z  INFO lead_lag_classic signal #3497: ESPUSDT | spread=30.28bps | dir=SHORT_LAGGER | bid_ask=-34.05bps ask_bid=30.28bps | leader=binance_futures lagger=gate_futures direction=SHORT_LAGGER bid_ask=-34.05 ask_bid=30.28
2026-02-27T16:32:21.429251Z  INFO lead_lag_classic signal #3498: PIPPINUSDT | spread=34.43bps | dir=LONG_LAGGER | bid_ask=34.43bps ask_bid=-45.28bps | leader=binance_futures lagger=gate_futures direction=LONG_LAGGER bid_ask=34.43 ask_bid=-45.28
2026-02-27T16:32:21.429304Z  INFO lead_lag_classic signal #3499: POWERUSDT | spread=140.78bps | dir=SHORT_LAGGER | bid_ask=-151.83bps ask_bid=140.78bps | leader=binance_futures lagger=gate_futures direction=SHORT_LAGGER bid_ask=-151.83 ask_bid=140.78
2026-02-27T16:32:21.429372Z  INFO lead_lag_classic signal #3500: SAHARAUSDT | spread=180.57bps | dir=SHORT_LAGGER | bid_ask=-189.87bps ask_bid=180.57bps | leader=binance_futures lagger=gate_futures direction=SHORT_LAGGER bid_ask=-189.87 ask_bid=180.57
2026-02-27T16:32:22.321519Z  INFO lead_lag_classic signal #3501: ENSOUSDT | spread=67.24bps | dir=SHORT_LAGGER | bid_ask=-72.95bps ask_bid=67.24bps | leader=binance_futures lagger=gate_futures direction=SHORT_LAGGER bid_ask=-72.95 ask_bid=67.24
2026-02-27T16:32:22.321641Z  INFO lead_lag_classic signal #3502: POWERUSDT | spread=146.80bps | dir=SHORT_LAGGER | bid_ask=-156.88bps ask_bid=146.80bps | leader=binance_futures lagger=gate_futures direction=SHORT_LAGGER bid_ask=-156.88 ask_bid=146.80
2026-02-27T16:32:22.321718Z  INFO lead_lag_classic signal #3503: SAHARAUSDT | spread=184.87bps | dir=SHORT_LAGGER | bid_ask=-194.01bps ask_bid=184.87bps | leader=binance_futures lagger=gate_futures direction=SHORT_LAGGER bid_ask=-194.01 ask_bid=184.87
2026-02-27T16:32:22.322172Z  INFO Status: tickers=146306 (+914/5s) signals=3503 drift=[n=914 avg=190ms p50=151ms p95=528ms p99=984ms max=1136ms]
2026-02-27T16:32:22.950902Z  INFO lead_lag_classic signal #3504: BULLAUSDT | spread=44.87bps | dir=LONG_LAGGER | bid_ask=44.87bps ask_bid=-114.80bps | leader=binance_futures lagger=gate_futures direction=LONG_LAGGER bid_ask=44.87 ask_bid=-114.80
2026-02-27T16:32:22.950994Z  INFO lead_lag_classic signal #3505: ENSOUSDT | spread=69.33bps | dir=SHORT_LAGGER | bid_ask=-77.74bps ask_bid=69.33bps | leader=binance_futures lagger=gate_futures direction=SHORT_LAGGER bid_ask=-77.74 ask_bid=69.33
2026-02-27T16:32:22.951085Z  INFO lead_lag_classic signal #3506: POWERUSDT | spread=142.95bps | dir=SHORT_LAGGER | bid_ask=-148.31bps ask_bid=142.95bps | leader=binance_futures lagger=gate_futures direction=SHORT_LAGGER bid_ask=-148.31 ask_bid=142.95
2026-02-27T16:32:22.951148Z  INFO lead_lag_classic signal #3507: SAHARAUSDT | spread=180.57bps | dir=SHORT_LAGGER | bid_ask=-189.87bps ask_bid=180.57bps | leader=binance_futures lagger=gate_futures direction=SHORT_LAGGER bid_ask=-189.87 ask_bid=180.57
2026-02-27T16:32:24.449275Z  INFO lead_lag_classic signal #3508: ENSOUSDT | spread=67.24bps | dir=SHORT_LAGGER | bid_ask=-75.00bps ask_bid=67.24bps | leader=binance_futures lagger=gate_futures direction=SHORT_LAGGER bid_ask=-75.00 ask_bid=67.24
2026-02-27T16:32:24.449431Z  INFO lead_lag_classic signal #3509: POWERUSDT | spread=145.87bps | dir=SHORT_LAGGER | bid_ask=-155.57bps ask_bid=145.87bps | leader=binance_futures lagger=gate_futures direction=SHORT_LAGGER bid_ask=-155.57 ask_bid=145.87
2026-02-27T16:32:24.449501Z  INFO lead_lag_classic signal #3510: SAHARAUSDT | spread=184.87bps | dir=SHORT_LAGGER | bid_ask=-189.87bps ask_bid=184.87bps | leader=binance_futures lagger=gate_futures direction=SHORT_LAGGER bid_ask=-189.87 ask_bid=184.87
2026-02-27T16:32:24.744780Z  INFO lead_lag_classic signal #3511: ESPUSDT | spread=33.40bps | dir=SHORT_LAGGER | bid_ask=-38.68bps ask_bid=33.40bps | leader=binance_futures lagger=gate_futures direction=SHORT_LAGGER bid_ask=-38.68 ask_bid=33.40
2026-02-27T16:32:24.744905Z  INFO lead_lag_classic signal #3512: POWERUSDT | spread=142.24bps | dir=SHORT_LAGGER | bid_ask=-153.71bps ask_bid=142.24bps | leader=binance_futures lagger=gate_futures direction=SHORT_LAGGER bid_ask=-153.71 ask_bid=142.24
2026-02-27T16:32:24.744958Z  INFO lead_lag_classic signal #3513: SAHARAUSDT | spread=184.87bps | dir=SHORT_LAGGER | bid_ask=-189.87bps ask_bid=184.87bps | leader=binance_futures lagger=gate_futures direction=SHORT_LAGGER bid_ask=-189.87 ask_bid=184.87
2026-02-27T16:32:24.943385Z  INFO lead_lag_classic signal #3514: SAHARAUSDT | spread=180.57bps | dir=SHORT_LAGGER | bid_ask=-189.87bps ask_bid=180.57bps | leader=binance_futures lagger=gate_futures direction=SHORT_LAGGER bid_ask=-189.87 ask_bid=180.57
2026-02-27T16:32:25.173113Z  INFO lead_lag_classic signal #3515: ENSOUSDT | spread=67.24bps | dir=SHORT_LAGGER | bid_ask=-75.00bps ask_bid=67.24bps | leader=binance_futures lagger=gate_futures direction=SHORT_LAGGER bid_ask=-75.00 ask_bid=67.24
2026-02-27T16:32:25.173258Z  INFO lead_lag_classic signal #3516: POWERUSDT | spread=144.26bps | dir=SHORT_LAGGER | bid_ask=-155.02bps ask_bid=144.26bps | leader=binance_futures lagger=gate_futures direction=SHORT_LAGGER bid_ask=-155.02 ask_bid=144.26
2026-02-27T16:32:25.173314Z  INFO lead_lag_classic signal #3517: SAHARAUSDT | spread=180.57bps | dir=SHORT_LAGGER | bid_ask=-189.87bps ask_bid=180.57bps | leader=binance_futures lagger=gate_futures direction=SHORT_LAGGER bid_ask=-189.87 ask_bid=180.57
2026-02-27T16:32:25.348623Z  INFO lead_lag_classic signal #3518: POWERUSDT | spread=141.11bps | dir=SHORT_LAGGER | bid_ask=-149.70bps ask_bid=141.11bps | leader=binance_futures lagger=gate_futures direction=SHORT_LAGGER bid_ask=-149.70 ask_bid=141.11
2026-02-27T16:32:25.348728Z  INFO lead_lag_classic signal #3519: SAHARAUSDT | spread=180.57bps | dir=SHORT_LAGGER | bid_ask=-189.87bps ask_bid=180.57bps | leader=binance_futures lagger=gate_futures direction=SHORT_LAGGER bid_ask=-189.87 ask_bid=180.57
2026-02-27T16:32:25.880447Z  INFO lead_lag_classic signal #3520: ATHUSDT | spread=40.50bps | dir=SHORT_LAGGER | bid_ask=-62.08bps ask_bid=40.50bps | leader=binance_futures lagger=gate_futures direction=SHORT_LAGGER bid_ask=-62.08 ask_bid=40.50
2026-02-27T16:32:25.880727Z  INFO lead_lag_classic signal #3521: POWERUSDT | spread=146.85bps | dir=SHORT_LAGGER | bid_ask=-155.11bps ask_bid=146.85bps | leader=binance_futures lagger=gate_futures direction=SHORT_LAGGER bid_ask=-155.11 ask_bid=146.85
2026-02-27T16:32:26.354274Z  INFO lead_lag_classic signal #3522: ATHUSDT | spread=38.81bps | dir=SHORT_LAGGER | bid_ask=-60.40bps ask_bid=38.81bps | leader=binance_futures lagger=gate_futures direction=SHORT_LAGGER bid_ask=-60.40 ask_bid=38.81
2026-02-27T16:32:26.354576Z  INFO lead_lag_classic signal #3523: POWERUSDT | spread=148.97bps | dir=SHORT_LAGGER | bid_ask=-154.71bps ask_bid=148.97bps | leader=binance_futures lagger=gate_futures direction=SHORT_LAGGER bid_ask=-154.71 ask_bid=148.97
2026-02-27T16:32:26.354663Z  INFO lead_lag_classic signal #3524: SAHARAUSDT | spread=185.03bps | dir=SHORT_LAGGER | bid_ask=-194.17bps ask_bid=185.03bps | leader=binance_futures lagger=gate_futures direction=SHORT_LAGGER bid_ask=-194.17 ask_bid=185.03
2026-02-27T16:32:27.650006Z  INFO flushed 22 trades to db
2026-02-27T16:32:27.807939Z  INFO lead_lag_classic signal #3525: ENSOUSDT | spread=68.64bps | dir=SHORT_LAGGER | bid_ask=-79.79bps ask_bid=68.64bps | leader=binance_futures lagger=gate_futures direction=SHORT_LAGGER bid_ask=-79.79 ask_bid=68.64
2026-02-27T16:32:27.808503Z  INFO Status: tickers=147168 (+862/5s) signals=3525 drift=[n=862 avg=192ms p50=166ms p95=451ms p99=727ms max=960ms]
2026-02-27T16:32:28.387231Z  INFO lead_lag_classic signal #3526: BULLAUSDT | spread=32.05bps | dir=LONG_LAGGER | bid_ask=32.05bps ask_bid=-102.17bps | leader=binance_futures lagger=gate_futures direction=LONG_LAGGER bid_ask=32.05 ask_bid=-102.17
2026-02-27T16:32:28.387343Z  INFO lead_lag_classic signal #3527: ENSOUSDT | spread=67.94bps | dir=SHORT_LAGGER | bid_ask=-79.10bps ask_bid=67.94bps | leader=binance_futures lagger=gate_futures direction=SHORT_LAGGER bid_ask=-79.10 ask_bid=67.94
2026-02-27T16:32:28.387452Z  INFO lead_lag_classic signal #3528: POWERUSDT | spread=150.54bps | dir=SHORT_LAGGER | bid_ask=-156.89bps ask_bid=150.54bps | leader=binance_futures lagger=gate_futures direction=SHORT_LAGGER bid_ask=-156.89 ask_bid=150.54
2026-02-27T16:32:28.387544Z  INFO lead_lag_classic signal #3529: SAHARAUSDT | spread=184.95bps | dir=SHORT_LAGGER | bid_ask=-194.09bps ask_bid=184.95bps | leader=binance_futures lagger=gate_futures direction=SHORT_LAGGER bid_ask=-194.09 ask_bid=184.95
2026-02-27T16:32:28.606305Z  INFO lead_lag_classic signal #3530: ENSOUSDT | spread=67.94bps | dir=SHORT_LAGGER | bid_ask=-79.10bps ask_bid=67.94bps | leader=binance_futures lagger=gate_futures direction=SHORT_LAGGER bid_ask=-79.10 ask_bid=67.94
2026-02-27T16:32:28.606439Z  INFO lead_lag_classic signal #3531: POWERUSDT | spread=150.54bps | dir=SHORT_LAGGER | bid_ask=-156.89bps ask_bid=150.54bps | leader=binance_futures lagger=gate_futures direction=SHORT_LAGGER bid_ask=-156.89 ask_bid=150.54
2026-02-27T16:32:28.606499Z  INFO lead_lag_classic signal #3532: SAHARAUSDT | spread=171.82bps | dir=SHORT_LAGGER | bid_ask=-181.43bps ask_bid=171.82bps | leader=binance_futures lagger=gate_futures direction=SHORT_LAGGER bid_ask=-181.43 ask_bid=171.82
2026-02-27T16:32:29.579193Z  INFO flushed 3 trades to db
2026-02-27T16:32:31.095751Z  INFO lead_lag_classic signal #3533: POWERUSDT | spread=145.22bps | dir=SHORT_LAGGER | bid_ask=-154.79bps ask_bid=145.22bps | leader=binance_futures lagger=gate_futures direction=SHORT_LAGGER bid_ask=-154.79 ask_bid=145.22
2026-02-27T16:32:31.095879Z  INFO lead_lag_classic signal #3534: SAHARAUSDT | spread=180.49bps | dir=SHORT_LAGGER | bid_ask=-193.93bps ask_bid=180.49bps | leader=binance_futures lagger=gate_futures direction=SHORT_LAGGER bid_ask=-193.93 ask_bid=180.49
2026-02-27T16:32:31.322412Z  INFO lead_lag_classic signal #3535: ESPUSDT | spread=30.28bps | dir=SHORT_LAGGER | bid_ask=-35.59bps ask_bid=30.28bps | leader=binance_futures lagger=gate_futures direction=SHORT_LAGGER bid_ask=-35.59 ask_bid=30.28
2026-02-27T16:32:31.322564Z  INFO lead_lag_classic signal #3536: POWERUSDT | spread=144.67bps | dir=SHORT_LAGGER | bid_ask=-152.06bps ask_bid=144.67bps | leader=binance_futures lagger=gate_futures direction=SHORT_LAGGER bid_ask=-152.06 ask_bid=144.67
2026-02-27T16:32:31.322621Z  INFO lead_lag_classic signal #3537: SAHARAUSDT | spread=180.49bps | dir=SHORT_LAGGER | bid_ask=-193.93bps ask_bid=180.49bps | leader=binance_futures lagger=gate_futures direction=SHORT_LAGGER bid_ask=-193.93 ask_bid=180.49
2026-02-27T16:32:33.724422Z  INFO Status: tickers=148137 (+969/5s) signals=3537 drift=[n=969 avg=185ms p50=156ms p95=436ms p99=872ms max=2241ms]
2026-02-27T16:32:34.581992Z  INFO flushed 7 trades to db
2026-02-27T16:32:35.736680Z  INFO lead_lag_classic signal #3538: ESPUSDT | spread=30.27bps | dir=SHORT_LAGGER | bid_ask=-36.34bps ask_bid=30.27bps | leader=binance_futures lagger=gate_futures direction=SHORT_LAGGER bid_ask=-36.34 ask_bid=30.27
2026-02-27T16:32:35.736821Z  INFO lead_lag_classic signal #3539: POWERUSDT | spread=150.69bps | dir=SHORT_LAGGER | bid_ask=-152.13bps ask_bid=150.69bps | leader=binance_futures lagger=gate_futures direction=SHORT_LAGGER bid_ask=-152.13 ask_bid=150.69
2026-02-27T16:32:35.736894Z  INFO lead_lag_classic signal #3540: SAHARAUSDT | spread=184.39bps | dir=SHORT_LAGGER | bid_ask=-193.52bps ask_bid=184.39bps | leader=binance_futures lagger=gate_futures direction=SHORT_LAGGER bid_ask=-193.52 ask_bid=184.39
2026-02-27T16:32:35.920575Z  INFO lead_lag_classic signal #3541: ESPUSDT | spread=32.60bps | dir=SHORT_LAGGER | bid_ask=-38.66bps ask_bid=32.60bps | leader=binance_futures lagger=gate_futures direction=SHORT_LAGGER bid_ask=-38.66 ask_bid=32.60
2026-02-27T16:32:35.920698Z  INFO lead_lag_classic signal #3542: POWERUSDT | spread=150.21bps | dir=SHORT_LAGGER | bid_ask=-153.06bps ask_bid=150.21bps | leader=binance_futures lagger=gate_futures direction=SHORT_LAGGER bid_ask=-153.06 ask_bid=150.21
2026-02-27T16:32:35.920775Z  INFO lead_lag_classic signal #3543: SAHARAUSDT | spread=184.39bps | dir=SHORT_LAGGER | bid_ask=-193.52bps ask_bid=184.39bps | leader=binance_futures lagger=gate_futures direction=SHORT_LAGGER bid_ask=-193.52 ask_bid=184.39
2026-02-27T16:32:36.100791Z  INFO lead_lag_classic signal #3544: ATHUSDT | spread=38.81bps | dir=SHORT_LAGGER | bid_ask=-60.40bps ask_bid=38.81bps | leader=binance_futures lagger=gate_futures direction=SHORT_LAGGER bid_ask=-60.40 ask_bid=38.81
2026-02-27T16:32:36.100892Z  INFO lead_lag_classic signal #3545: PIPPINUSDT | spread=34.98bps | dir=SHORT_LAGGER | bid_ask=-44.63bps ask_bid=34.98bps | leader=binance_futures lagger=gate_futures direction=SHORT_LAGGER bid_ask=-44.63 ask_bid=34.98
2026-02-27T16:32:36.100937Z  INFO lead_lag_classic signal #3546: POWERUSDT | spread=150.21bps | dir=SHORT_LAGGER | bid_ask=-153.06bps ask_bid=150.21bps | leader=binance_futures lagger=gate_futures direction=SHORT_LAGGER bid_ask=-153.06 ask_bid=150.21
2026-02-27T16:32:36.100989Z  INFO lead_lag_classic signal #3547: SAHARAUSDT | spread=180.03bps | dir=SHORT_LAGGER | bid_ask=-189.31bps ask_bid=180.03bps | leader=binance_futures lagger=gate_futures direction=SHORT_LAGGER bid_ask=-189.31 ask_bid=180.03
2026-02-27T16:32:37.677016Z  INFO lead_lag_classic signal #3548: ATHUSDT | spread=40.50bps | dir=SHORT_LAGGER | bid_ask=-60.40bps ask_bid=40.50bps | leader=binance_futures lagger=gate_futures direction=SHORT_LAGGER bid_ask=-60.40 ask_bid=40.50
2026-02-27T16:32:37.677121Z  INFO lead_lag_classic signal #3549: ESPUSDT | spread=31.83bps | dir=SHORT_LAGGER | bid_ask=-36.36bps ask_bid=31.83bps | leader=binance_futures lagger=gate_futures direction=SHORT_LAGGER bid_ask=-36.36 ask_bid=31.83
2026-02-27T16:32:37.900857Z  INFO lead_lag_classic signal #3550: ENSOUSDT | spread=72.07bps | dir=SHORT_LAGGER | bid_ask=-80.43bps ask_bid=72.07bps | leader=binance_futures lagger=gate_futures direction=SHORT_LAGGER bid_ask=-80.43 ask_bid=72.07
2026-02-27T16:32:37.900984Z  INFO lead_lag_classic signal #3551: POWERUSDT | spread=152.87bps | dir=SHORT_LAGGER | bid_ask=-158.44bps ask_bid=152.87bps | leader=binance_futures lagger=gate_futures direction=SHORT_LAGGER bid_ask=-158.44 ask_bid=152.87
2026-02-27T16:32:37.901038Z  INFO lead_lag_classic signal #3552: SAHARAUSDT | spread=175.59bps | dir=SHORT_LAGGER | bid_ask=-193.28bps ask_bid=175.59bps | leader=binance_futures lagger=gate_futures direction=SHORT_LAGGER bid_ask=-193.28 ask_bid=175.59
2026-02-27T16:32:39.579982Z  INFO flushed 6 trades to db
2026-02-27T16:32:39.946169Z  INFO lead_lag_classic signal #3553: ATHUSDT | spread=42.19bps | dir=SHORT_LAGGER | bid_ask=-62.08bps ask_bid=42.19bps | leader=binance_futures lagger=gate_futures direction=SHORT_LAGGER bid_ask=-62.08 ask_bid=42.19
2026-02-27T16:32:39.946840Z  INFO Status: tickers=149178 (+1041/5s) signals=3553 drift=[n=1041 avg=177ms p50=148ms p95=410ms p99=778ms max=1342ms]
2026-02-27T16:32:41.118869Z  INFO lead_lag_classic signal #3554: ENSOUSDT | spread=72.73bps | dir=SHORT_LAGGER | bid_ask=-80.40bps ask_bid=72.73bps | leader=binance_futures lagger=gate_futures direction=SHORT_LAGGER bid_ask=-80.40 ask_bid=72.73
2026-02-27T16:32:41.118946Z  INFO lead_lag_classic signal #3555: ESPUSDT | spread=33.40bps | dir=SHORT_LAGGER | bid_ask=-36.38bps ask_bid=33.40bps | leader=binance_futures lagger=gate_futures direction=SHORT_LAGGER bid_ask=-36.38 ask_bid=33.40
2026-02-27T16:32:41.119029Z  INFO lead_lag_classic signal #3556: POWERUSDT | spread=146.38bps | dir=SHORT_LAGGER | bid_ask=-152.97bps ask_bid=146.38bps | leader=binance_futures lagger=gate_futures direction=SHORT_LAGGER bid_ask=-152.97 ask_bid=146.38
2026-02-27T16:32:41.119081Z  INFO lead_lag_classic signal #3557: SAHARAUSDT | spread=184.55bps | dir=SHORT_LAGGER | bid_ask=-197.81bps ask_bid=184.55bps | leader=binance_futures lagger=gate_futures direction=SHORT_LAGGER bid_ask=-197.81 ask_bid=184.55
2026-02-27T16:32:41.288137Z  INFO lead_lag_classic signal #3558: ENSOUSDT | spread=72.73bps | dir=SHORT_LAGGER | bid_ask=-80.40bps ask_bid=72.73bps | leader=binance_futures lagger=gate_futures direction=SHORT_LAGGER bid_ask=-80.40 ask_bid=72.73
2026-02-27T16:32:41.288235Z  INFO lead_lag_classic signal #3559: ESPUSDT | spread=33.40bps | dir=SHORT_LAGGER | bid_ask=-36.38bps ask_bid=33.40bps | leader=binance_futures lagger=gate_futures direction=SHORT_LAGGER bid_ask=-36.38 ask_bid=33.40
2026-02-27T16:32:41.288307Z  INFO lead_lag_classic signal #3560: POWERUSDT | spread=146.38bps | dir=SHORT_LAGGER | bid_ask=-152.97bps ask_bid=146.38bps | leader=binance_futures lagger=gate_futures direction=SHORT_LAGGER bid_ask=-152.97 ask_bid=146.38
2026-02-27T16:32:41.288377Z  INFO lead_lag_classic signal #3561: SAHARAUSDT | spread=180.18bps | dir=SHORT_LAGGER | bid_ask=-193.60bps ask_bid=180.18bps | leader=binance_futures lagger=gate_futures direction=SHORT_LAGGER bid_ask=-193.60 ask_bid=180.18
2026-02-27T16:32:41.452149Z  INFO lead_lag_classic signal #3562: ENSOUSDT | spread=75.51bps | dir=SHORT_LAGGER | bid_ask=-80.40bps ask_bid=75.51bps | leader=binance_futures lagger=gate_futures direction=SHORT_LAGGER bid_ask=-80.40 ask_bid=75.51
2026-02-27T16:32:42.474726Z  INFO lead_lag_classic signal #3563: POWERUSDT | spread=148.02bps | dir=SHORT_LAGGER | bid_ask=-152.42bps ask_bid=148.02bps | leader=binance_futures lagger=gate_futures direction=SHORT_LAGGER bid_ask=-152.42 ask_bid=148.02
2026-02-27T16:32:42.474814Z  INFO lead_lag_classic signal #3564: SAHARAUSDT | spread=171.53bps | dir=SHORT_LAGGER | bid_ask=-181.13bps ask_bid=171.53bps | leader=binance_futures lagger=gate_futures direction=SHORT_LAGGER bid_ask=-181.13 ask_bid=171.53
2026-02-27T16:32:43.026263Z  INFO lead_lag_classic signal #3565: ENSOUSDT | spread=75.51bps | dir=SHORT_LAGGER | bid_ask=-80.40bps ask_bid=75.51bps | leader=binance_futures lagger=gate_futures direction=SHORT_LAGGER bid_ask=-80.40 ask_bid=75.51
2026-02-27T16:32:43.026414Z  INFO lead_lag_classic signal #3566: POWERUSDT | spread=151.72bps | dir=SHORT_LAGGER | bid_ask=-158.63bps ask_bid=151.72bps | leader=binance_futures lagger=gate_futures direction=SHORT_LAGGER bid_ask=-158.63 ask_bid=151.72
2026-02-27T16:32:43.026480Z  INFO lead_lag_classic signal #3567: SAHARAUSDT | spread=171.53bps | dir=SHORT_LAGGER | bid_ask=-181.13bps ask_bid=171.53bps | leader=binance_futures lagger=gate_futures direction=SHORT_LAGGER bid_ask=-181.13 ask_bid=171.53
2026-02-27T16:32:43.544204Z  INFO lead_lag_classic signal #3568: POWERUSDT | spread=153.43bps | dir=SHORT_LAGGER | bid_ask=-159.49bps ask_bid=153.43bps | leader=binance_futures lagger=gate_futures direction=SHORT_LAGGER bid_ask=-159.49 ask_bid=153.43
2026-02-27T16:32:44.580665Z  INFO flushed 6 trades to db
2026-02-27T16:32:44.585346Z  INFO lead_lag_classic signal #3569: ENSOUSDT | spread=67.19bps | dir=SHORT_LAGGER | bid_ask=-79.71bps ask_bid=67.19bps | leader=binance_futures lagger=gate_futures direction=SHORT_LAGGER bid_ask=-79.71 ask_bid=67.19
2026-02-27T16:32:44.585438Z  INFO lead_lag_classic signal #3570: ESPUSDT | spread=30.30bps | dir=SHORT_LAGGER | bid_ask=-37.15bps ask_bid=30.30bps | leader=binance_futures lagger=gate_futures direction=SHORT_LAGGER bid_ask=-37.15 ask_bid=30.30
2026-02-27T16:32:44.585532Z  INFO lead_lag_classic signal #3571: POWERUSDT | spread=150.38bps | dir=SHORT_LAGGER | bid_ask=-158.01bps ask_bid=150.38bps | leader=binance_futures lagger=gate_futures direction=SHORT_LAGGER bid_ask=-158.01 ask_bid=150.38
2026-02-27T16:32:44.585597Z  INFO lead_lag_classic signal #3572: SAHARAUSDT | spread=175.97bps | dir=SHORT_LAGGER | bid_ask=-185.42bps ask_bid=175.97bps | leader=binance_futures lagger=gate_futures direction=SHORT_LAGGER bid_ask=-185.42 ask_bid=175.97
2026-02-27T16:32:45.373341Z  INFO lead_lag_classic signal #3573: ATHUSDT | spread=48.98bps | dir=SHORT_LAGGER | bid_ask=-67.11bps ask_bid=48.98bps | leader=binance_futures lagger=gate_futures direction=SHORT_LAGGER bid_ask=-67.11 ask_bid=48.98
2026-02-27T16:32:45.373537Z  INFO lead_lag_classic signal #3574: POWERUSDT | spread=158.39bps | dir=SHORT_LAGGER | bid_ask=-163.84bps ask_bid=158.39bps | leader=binance_futures lagger=gate_futures direction=SHORT_LAGGER bid_ask=-163.84 ask_bid=158.39
2026-02-27T16:32:45.373605Z  INFO lead_lag_classic signal #3575: SAHARAUSDT | spread=180.26bps | dir=SHORT_LAGGER | bid_ask=-189.55bps ask_bid=180.26bps | leader=binance_futures lagger=gate_futures direction=SHORT_LAGGER bid_ask=-189.55 ask_bid=180.26
2026-02-27T16:32:45.374086Z  INFO Status: tickers=150060 (+882/5s) signals=3575 drift=[n=882 avg=185ms p50=154ms p95=457ms p99=681ms max=1600ms]
2026-02-27T16:32:46.371372Z  INFO lead_lag_classic signal #3576: ATHUSDT | spread=48.98bps | dir=SHORT_LAGGER | bid_ask=-68.79bps ask_bid=48.98bps | leader=binance_futures lagger=gate_futures direction=SHORT_LAGGER bid_ask=-68.79 ask_bid=48.98
2026-02-27T16:32:46.371485Z  INFO lead_lag_classic signal #3577: ENSOUSDT | spread=70.65bps | dir=SHORT_LAGGER | bid_ask=-79.71bps ask_bid=70.65bps | leader=binance_futures lagger=gate_futures direction=SHORT_LAGGER bid_ask=-79.71 ask_bid=70.65
2026-02-27T16:32:46.371524Z  INFO lead_lag_classic signal #3578: ESPUSDT | spread=30.29bps | dir=SHORT_LAGGER | bid_ask=-36.37bps ask_bid=30.29bps | leader=binance_futures lagger=gate_futures direction=SHORT_LAGGER bid_ask=-36.37 ask_bid=30.29
2026-02-27T16:32:46.371613Z  INFO lead_lag_classic signal #3579: POWERUSDT | spread=147.54bps | dir=SHORT_LAGGER | bid_ask=-155.20bps ask_bid=147.54bps | leader=binance_futures lagger=gate_futures direction=SHORT_LAGGER bid_ask=-155.20 ask_bid=147.54
2026-02-27T16:32:46.371687Z  INFO lead_lag_classic signal #3580: SAHARAUSDT | spread=180.33bps | dir=SHORT_LAGGER | bid_ask=-189.63bps ask_bid=180.33bps | leader=binance_futures lagger=gate_futures direction=SHORT_LAGGER bid_ask=-189.63 ask_bid=180.33
2026-02-27T16:32:46.958433Z  INFO lead_lag_classic signal #3581: ENSOUSDT | spread=64.42bps | dir=SHORT_LAGGER | bid_ask=-79.71bps ask_bid=64.42bps | leader=binance_futures lagger=gate_futures direction=SHORT_LAGGER bid_ask=-79.71 ask_bid=64.42
2026-02-27T16:32:46.958525Z  INFO lead_lag_classic signal #3582: ESPUSDT | spread=30.29bps | dir=SHORT_LAGGER | bid_ask=-36.37bps ask_bid=30.29bps | leader=binance_futures lagger=gate_futures direction=SHORT_LAGGER bid_ask=-36.37 ask_bid=30.29
2026-02-27T16:32:46.958611Z  INFO lead_lag_classic signal #3583: POWERUSDT | spread=145.62bps | dir=SHORT_LAGGER | bid_ask=-156.03bps ask_bid=145.62bps | leader=binance_futures lagger=gate_futures direction=SHORT_LAGGER bid_ask=-156.03 ask_bid=145.62
2026-02-27T16:32:46.958674Z  INFO lead_lag_classic signal #3584: SAHARAUSDT | spread=180.41bps | dir=SHORT_LAGGER | bid_ask=-189.71bps ask_bid=180.41bps | leader=binance_futures lagger=gate_futures direction=SHORT_LAGGER bid_ask=-189.71 ask_bid=180.41
2026-02-27T16:32:47.124423Z  INFO lead_lag_classic signal #3585: ENSOUSDT | spread=64.42bps | dir=SHORT_LAGGER | bid_ask=-79.71bps ask_bid=64.42bps | leader=binance_futures lagger=gate_futures direction=SHORT_LAGGER bid_ask=-79.71 ask_bid=64.42
2026-02-27T16:32:47.124497Z  INFO lead_lag_classic signal #3586: ESPUSDT | spread=30.29bps | dir=SHORT_LAGGER | bid_ask=-36.37bps ask_bid=30.29bps | leader=binance_futures lagger=gate_futures direction=SHORT_LAGGER bid_ask=-36.37 ask_bid=30.29
2026-02-27T16:32:47.124580Z  INFO lead_lag_classic signal #3587: POWERUSDT | spread=144.19bps | dir=SHORT_LAGGER | bid_ask=-154.97bps ask_bid=144.19bps | leader=binance_futures lagger=gate_futures direction=SHORT_LAGGER bid_ask=-154.97 ask_bid=144.19
2026-02-27T16:32:47.124632Z  INFO lead_lag_classic signal #3588: SAHARAUSDT | spread=176.04bps | dir=SHORT_LAGGER | bid_ask=-189.71bps ask_bid=176.04bps | leader=binance_futures lagger=gate_futures direction=SHORT_LAGGER bid_ask=-189.71 ask_bid=176.04
2026-02-27T16:32:47.480093Z  INFO lead_lag_classic signal #3589: ENSOUSDT | spread=63.72bps | dir=SHORT_LAGGER | bid_ask=-79.03bps ask_bid=63.72bps | leader=binance_futures lagger=gate_futures direction=SHORT_LAGGER bid_ask=-79.03 ask_bid=63.72
2026-02-27T16:32:47.480247Z  INFO lead_lag_classic signal #3590: POWERUSDT | spread=138.11bps | dir=SHORT_LAGGER | bid_ask=-148.73bps ask_bid=138.11bps | leader=binance_futures lagger=gate_futures direction=SHORT_LAGGER bid_ask=-148.73 ask_bid=138.11
2026-02-27T16:32:47.480313Z  INFO lead_lag_classic signal #3591: SAHARAUSDT | spread=180.41bps | dir=SHORT_LAGGER | bid_ask=-189.71bps ask_bid=180.41bps | leader=binance_futures lagger=gate_futures direction=SHORT_LAGGER bid_ask=-189.71 ask_bid=180.41
2026-02-27T16:32:48.073812Z  INFO lead_lag_classic signal #3592: ENSOUSDT | spread=72.05bps | dir=SHORT_LAGGER | bid_ask=-81.09bps ask_bid=72.05bps | leader=binance_futures lagger=gate_futures direction=SHORT_LAGGER bid_ask=-81.09 ask_bid=72.05
2026-02-27T16:32:48.073888Z  INFO lead_lag_classic signal #3593: ESPUSDT | spread=31.05bps | dir=SHORT_LAGGER | bid_ask=-36.36bps ask_bid=31.05bps | leader=binance_futures lagger=gate_futures direction=SHORT_LAGGER bid_ask=-36.36 ask_bid=31.05
2026-02-27T16:32:48.073975Z  INFO lead_lag_classic signal #3594: POWERUSDT | spread=149.32bps | dir=SHORT_LAGGER | bid_ask=-157.52bps ask_bid=149.32bps | leader=binance_futures lagger=gate_futures direction=SHORT_LAGGER bid_ask=-157.52 ask_bid=149.32
2026-02-27T16:32:48.074034Z  INFO lead_lag_classic signal #3595: SAHARAUSDT | spread=184.79bps | dir=SHORT_LAGGER | bid_ask=-189.79bps ask_bid=184.79bps | leader=binance_futures lagger=gate_futures direction=SHORT_LAGGER bid_ask=-189.79 ask_bid=184.79
2026-02-27T16:32:48.456497Z  INFO lead_lag_classic signal #3596: ENSOUSDT | spread=72.05bps | dir=SHORT_LAGGER | bid_ask=-81.09bps ask_bid=72.05bps | leader=binance_futures lagger=gate_futures direction=SHORT_LAGGER bid_ask=-81.09 ask_bid=72.05
2026-02-27T16:32:48.456575Z  INFO lead_lag_classic signal #3597: ESPUSDT | spread=31.05bps | dir=SHORT_LAGGER | bid_ask=-36.36bps ask_bid=31.05bps | leader=binance_futures lagger=gate_futures direction=SHORT_LAGGER bid_ask=-36.36 ask_bid=31.05
2026-02-27T16:32:48.456681Z  INFO lead_lag_classic signal #3598: POWERUSDT | spread=147.00bps | dir=SHORT_LAGGER | bid_ask=-155.34bps ask_bid=147.00bps | leader=binance_futures lagger=gate_futures direction=SHORT_LAGGER bid_ask=-155.34 ask_bid=147.00
2026-02-27T16:32:48.456751Z  INFO lead_lag_classic signal #3599: SAHARAUSDT | spread=180.41bps | dir=SHORT_LAGGER | bid_ask=-185.58bps ask_bid=180.41bps | leader=binance_futures lagger=gate_futures direction=SHORT_LAGGER bid_ask=-185.58 ask_bid=180.41
2026-02-27T16:32:49.405753Z  INFO lead_lag_classic signal #3600: ENSOUSDT | spread=69.95bps | dir=SHORT_LAGGER | bid_ask=-79.03bps ask_bid=69.95bps | leader=binance_futures lagger=gate_futures direction=SHORT_LAGGER bid_ask=-79.03 ask_bid=69.95
2026-02-27T16:32:49.406216Z  INFO lead_lag_classic signal #3601: POWERUSDT | spread=154.81bps | dir=SHORT_LAGGER | bid_ask=-159.33bps ask_bid=154.81bps | leader=binance_futures lagger=gate_futures direction=SHORT_LAGGER bid_ask=-159.33 ask_bid=154.81
2026-02-27T16:32:49.406302Z  INFO lead_lag_classic signal #3602: SAHARAUSDT | spread=180.26bps | dir=SHORT_LAGGER | bid_ask=-189.55bps ask_bid=180.26bps | leader=binance_futures lagger=gate_futures direction=SHORT_LAGGER bid_ask=-189.55 ask_bid=180.26
2026-02-27T16:32:49.596705Z  INFO lead_lag_classic signal #3603: ENSOUSDT | spread=72.74bps | dir=SHORT_LAGGER | bid_ask=-81.78bps ask_bid=72.74bps | leader=binance_futures lagger=gate_futures direction=SHORT_LAGGER bid_ask=-81.78 ask_bid=72.74
2026-02-27T16:32:49.596829Z  INFO lead_lag_classic signal #3604: POWERUSDT | spread=157.41bps | dir=SHORT_LAGGER | bid_ask=-160.92bps ask_bid=157.41bps | leader=binance_futures lagger=gate_futures direction=SHORT_LAGGER bid_ask=-160.92 ask_bid=157.41
2026-02-27T16:32:49.596888Z  INFO lead_lag_classic signal #3605: SAHARAUSDT | spread=180.26bps | dir=SHORT_LAGGER | bid_ask=-193.77bps ask_bid=180.26bps | leader=binance_futures lagger=gate_futures direction=SHORT_LAGGER bid_ask=-193.77 ask_bid=180.26
2026-02-27T16:32:49.752771Z  INFO lead_lag_classic signal #3606: ENSOUSDT | spread=68.56bps | dir=SHORT_LAGGER | bid_ask=-77.65bps ask_bid=68.56bps | leader=binance_futures lagger=gate_futures direction=SHORT_LAGGER bid_ask=-77.65 ask_bid=68.56
2026-02-27T16:32:49.752875Z  INFO lead_lag_classic signal #3607: POWERUSDT | spread=157.41bps | dir=SHORT_LAGGER | bid_ask=-160.92bps ask_bid=157.41bps | leader=binance_futures lagger=gate_futures direction=SHORT_LAGGER bid_ask=-160.92 ask_bid=157.41
2026-02-27T16:32:49.752923Z  INFO lead_lag_classic signal #3608: SAHARAUSDT | spread=180.26bps | dir=SHORT_LAGGER | bid_ask=-189.55bps ask_bid=180.26bps | leader=binance_futures lagger=gate_futures direction=SHORT_LAGGER bid_ask=-189.55 ask_bid=180.26
2026-02-27T16:32:50.574757Z  INFO lead_lag_classic signal #3609: ATHUSDT | spread=47.28bps | dir=SHORT_LAGGER | bid_ask=-67.11bps ask_bid=47.28bps | leader=binance_futures lagger=gate_futures direction=SHORT_LAGGER bid_ask=-67.11 ask_bid=47.28
2026-02-27T16:32:50.574857Z  INFO lead_lag_classic signal #3610: ENSOUSDT | spread=67.87bps | dir=SHORT_LAGGER | bid_ask=-77.65bps ask_bid=67.87bps | leader=binance_futures lagger=gate_futures direction=SHORT_LAGGER bid_ask=-77.65 ask_bid=67.87
2026-02-27T16:32:50.575384Z  INFO Status: tickers=150911 (+851/5s) signals=3610 drift=[n=851 avg=182ms p50=149ms p95=462ms p99=735ms max=1148ms]
2026-02-27T16:32:51.056805Z  INFO lead_lag_classic signal #3611: ATHUSDT | spread=47.28bps | dir=SHORT_LAGGER | bid_ask=-67.11bps ask_bid=47.28bps | leader=binance_futures lagger=gate_futures direction=SHORT_LAGGER bid_ask=-67.11 ask_bid=47.28
2026-02-27T16:32:51.056918Z  INFO lead_lag_classic signal #3612: ENSOUSDT | spread=68.56bps | dir=SHORT_LAGGER | bid_ask=-78.34bps ask_bid=68.56bps | leader=binance_futures lagger=gate_futures direction=SHORT_LAGGER bid_ask=-78.34 ask_bid=68.56
2026-02-27T16:32:51.057008Z  INFO lead_lag_classic signal #3613: POWERUSDT | spread=143.22bps | dir=SHORT_LAGGER | bid_ask=-149.77bps ask_bid=143.22bps | leader=binance_futures lagger=gate_futures direction=SHORT_LAGGER bid_ask=-149.77 ask_bid=143.22
2026-02-27T16:32:51.057085Z  INFO lead_lag_classic signal #3614: SAHARAUSDT | spread=184.63bps | dir=SHORT_LAGGER | bid_ask=-189.63bps ask_bid=184.63bps | leader=binance_futures lagger=gate_futures direction=SHORT_LAGGER bid_ask=-189.63 ask_bid=184.63
